total_cost,total_distance,total_fuel_consumed,route
2218368.347049958,92.81662655233427,7.958525240341719,"['D4', 'R16', 'R18', 'R21', 'R15', 'R31', 'R32', 'R22', 'R35', 'R36', 'R27', 'R4', 'R30', 'R38', 'R34', 'R37', 'R33', 'R9']"
2216841.6218595533,75.88311734198189,6.622472704461274,"['D4', 'R9', 'R33', 'R37', 'R31', 'R18', 'R16', 'R21', 'R27', 'R36', 'R4', 'R22', 'R38', 'R30', 'R35', 'R15', 'R32', 'R34']"
2216875.4489957085,76.25830740581358,6.725156632036445,"['D4', 'R33', 'R37', 'R9', 'R16', 'R21', 'R18', 'R31', 'R35', 'R38', 'R27', 'R36', 'R30', 'R32', 'R4', 'R22', 'R15', 'R34']"
2216096.1503989804,67.61480034361357,6.013149731795833,"['D4', 'R9', 'R37', 'R33', 'R21', 'R18', 'R16', 'R31', 'R32', 'R4', 'R36', 'R27', 'R22', 'R38', 'R30', 'R35', 'R15', 'R34']"
2216248.194479898,69.3011810104017,6.108560598064184,"['D4', 'R9', 'R37', 'R33', 'R21', 'R18', 'R31', 'R16', 'R15', 'R4', 'R22', 'R27', 'R36', 'R30', 'R38', 'R35', 'R32', 'R34']"
