total_cost,total_distance,total_fuel_consumed,route
2218000.2415738115,88.73382402187218,7.852844775643611,"['D4', 'R18', 'R16', 'R21', 'R31', 'R15', 'R36', 'R27', 'R22', 'R4', 'R32', 'R30', 'R35', 'R38', 'R37', 'R33', 'R9', 'R34']"
2215827.066887896,64.63028935111204,5.619248077855305,"['D4', 'R9', 'R33', 'R37', 'R16', 'R18', 'R21', 'R31', 'R22', 'R38', 'R35', 'R30', 'R36', 'R27', 'R4', 'R32', 'R15', 'R34']"
2216876.397129513,76.26882353053477,6.811903576268692,"['D4', 'R21', 'R16', 'R18', 'R31', 'R15', 'R32', 'R36', 'R27', 'R22', 'R38', 'R35', 'R30', 'R4', 'R9', 'R33', 'R37', 'R34']"
2217504.9063059366,83.23986585999151,7.457928223072811,"['D4', 'R9', 'R16', 'R18', 'R21', 'R31', 'R15', 'R32', 'R27', 'R36', 'R4', 'R30', 'R38', 'R35', 'R22', 'R33', 'R37', 'R34']"
2215570.450794219,61.78405938575064,5.292842743577457,"['D4', 'R33', 'R37', 'R18', 'R16', 'R21', 'R31', 'R9', 'R15', 'R32', 'R4', 'R36', 'R27', 'R22', 'R38', 'R35', 'R30', 'R34']"
