total_cost,total_distance,total_fuel_consumed,route
2215997.6854805495,66.52268722881043,5.893442657540931,"['D4', 'R37', 'R33', 'R9', 'R18', 'R16', 'R21', 'R31', 'R4', 'R36', 'R27', 'R35', 'R38', 'R30', 'R22', 'R32', 'R15', 'R34']"
2215492.175398589,60.91587620440439,5.18155673564385,"['D4', 'R37', 'R33', 'R31', 'R18', 'R16', 'R21', 'R9', 'R32', 'R15', 'R4', 'R36', 'R27', 'R30', 'R35', 'R38', 'R22', 'R34']"
2218617.374157657,95.57868409113931,8.464895093496171,"['D4', 'R16', 'R18', 'R21', 'R9', 'R33', 'R37', 'R15', 'R22', 'R36', 'R27', 'R38', 'R30', 'R35', 'R4', 'R32', 'R34', 'R31']"
2214853.7177337175,53.834491279028526,4.736798441003085,"['D4', 'R37', 'R33', 'R9', 'R21', 'R18', 'R16', 'R31', 'R15', 'R32', 'R36', 'R27', 'R4', 'R38', 'R30', 'R35', 'R22', 'R34']"
2215044.945981079,55.95547893831974,4.911156195983463,"['D4', 'R37', 'R33', 'R9', 'R21', 'R18', 'R16', 'R31', 'R32', 'R15', 'R4', 'R27', 'R36', 'R22', 'R35', 'R38', 'R30', 'R34']"
