total_cost,total_distance,total_fuel_consumed,route
2214510.822105234,50.0313010784606,4.374286205773716,"['D4', 'R33', 'R37', 'R9', 'R21', 'R18', 'R16', 'R31', 'R15', 'R32', 'R4', 'R27', 'R36', 'R35', 'R30', 'R38', 'R22', 'R34']"
2216433.1668943823,71.35278276821549,6.11692845955921,"['D4', 'R33', 'R37', 'R18', 'R16', 'R21', 'R9', 'R36', 'R27', 'R4', 'R32', 'R15', 'R31', 'R22', 'R38', 'R35', 'R30', 'R34']"
2214263.877029015,47.29233616920452,4.131106682421533,"['D4', 'R33', 'R37', 'R9', 'R21', 'R16', 'R18', 'R31', 'R15', 'R32', 'R4', 'R27', 'R36', 'R30', 'R35', 'R38', 'R22', 'R34']"
2214726.1071358435,52.41911197696999,4.58541209445741,"['D4', 'R37', 'R33', 'R9', 'R21', 'R16', 'R18', 'R31', 'R32', 'R15', 'R4', 'R36', 'R27', 'R38', 'R35', 'R30', 'R22', 'R34']"
2214749.973478428,52.683822963938496,4.641315706893635,"['D4', 'R37', 'R33', 'R9', 'R21', 'R16', 'R18', 'R31', 'R15', 'R32', 'R4', 'R22', 'R27', 'R36', 'R35', 'R38', 'R30', 'R34']"
