total_cost,total_distance,total_fuel_consumed,route
2217959.483299283,88.2817579778487,7.68576520760284,"['D4', 'R21', 'R16', 'R18', 'R31', 'R33', 'R37', 'R9', 'R32', 'R36', 'R4', 'R35', 'R27', 'R38', 'R22', 'R30', 'R15', 'R34']"
2215797.9544146187,64.30739146648727,5.54840127032831,"['D4', 'R33', 'R37', 'R9', 'R18', 'R16', 'R31', 'R21', 'R32', 'R4', 'R15', 'R36', 'R27', 'R30', 'R22', 'R35', 'R38', 'R34']"
2216716.544267318,74.49583260113769,6.605191192373127,"['D4', 'R33', 'R37', 'R9', 'R18', 'R21', 'R16', 'R31', 'R4', 'R22', 'R36', 'R32', 'R27', 'R35', 'R30', 'R38', 'R15', 'R34']"
2216412.9206551537,71.12822377055845,6.199048886270393,"['D4', 'R33', 'R37', 'R9', 'R16', 'R18', 'R21', 'R15', 'R31', 'R36', 'R30', 'R27', 'R38', 'R22', 'R32', 'R4', 'R35', 'R34']"
2216537.9269223944,72.51471741786088,6.336127591671157,"['D4', 'R33', 'R37', 'R9', 'R16', 'R18', 'R21', 'R15', 'R31', 'R32', 'R38', 'R22', 'R27', 'R36', 'R35', 'R4', 'R30', 'R34']"
