total_cost,total_distance,total_fuel_consumed,route
2215747.4664339554,63.74740942718709,5.492514866549202,"['D6', 'R36', 'R27', 'R4', 'R31', 'R21', 'R18', 'R16', 'R33', 'R37', 'R9', 'R15', 'R32', 'R22', 'R38', 'R30', 'R35', 'R34']"
2216487.917087518,71.96003868142988,6.364634504158689,"['D6', 'R36', 'R27', 'R22', 'R38', 'R4', 'R15', 'R32', 'R31', 'R16', 'R18', 'R21', 'R9', 'R37', 'R33', 'R35', 'R30', 'R34']"
2216423.8877190794,71.24986378747721,6.329716997831133,"['D6', 'R36', 'R27', 'R4', 'R22', 'R38', 'R30', 'R35', 'R15', 'R31', 'R18', 'R16', 'R21', 'R9', 'R37', 'R33', 'R32', 'R34']"
2216865.0764863566,76.1432618273763,6.345459374827788,"['D6', 'R36', 'R30', 'R27', 'R4', 'R22', 'R38', 'R35', 'R34', 'R31', 'R16', 'R18', 'R21', 'R9', 'R33', 'R37', 'R15', 'R32']"
2216936.0621533263,76.93059176271451,6.800409903025482,"['D6', 'R36', 'R27', 'R22', 'R30', 'R38', 'R4', 'R15', 'R32', 'R18', 'R16', 'R31', 'R21', 'R37', 'R33', 'R9', 'R35', 'R34']"
