total_cost,total_distance,total_fuel_consumed,route
2218208.474205169,91.04341398812282,7.816198559063124,"['D6', 'R35', 'R27', 'R15', 'R16', 'R18', 'R31', 'R21', 'R32', 'R36', 'R4', 'R22', 'R30', 'R38', 'R34', 'R33', 'R37', 'R9']"
2217572.955416579,83.99462529479398,7.449376891545086,"['D6', 'R36', 'R30', 'R27', 'R38', 'R22', 'R4', 'R32', 'R16', 'R18', 'R31', 'R15', 'R9', 'R21', 'R33', 'R37', 'R35', 'R34']"
2217074.446403689,78.46546587943446,6.884195052503888,"['D6', 'R35', 'R30', 'R22', 'R27', 'R36', 'R4', 'R18', 'R31', 'R15', 'R32', 'R21', 'R16', 'R9', 'R37', 'R33', 'R38', 'R34']"
2216535.7025248324,72.49004575014264,6.30776582300391,"['D6', 'R30', 'R36', 'R27', 'R38', 'R22', 'R35', 'R4', 'R32', 'R9', 'R33', 'R37', 'R16', 'R18', 'R21', 'R31', 'R15', 'R34']"
2219039.930124272,100.26541841473288,8.754560758826807,"['D6', 'R27', 'R36', 'R30', 'R15', 'R4', 'R38', 'R22', 'R35', 'R16', 'R18', 'R31', 'R21', 'R32', 'R37', 'R33', 'R9', 'R34']"
