total_cost,total_distance,total_fuel_consumed,route
2217268.3531526835,80.61616185318678,7.173192413100777,"['D6', 'R30', 'R35', 'R38', 'R27', 'R36', 'R32', 'R4', 'R22', 'R9', 'R21', 'R18', 'R16', 'R31', 'R15', 'R33', 'R37', 'R34']"
2216004.3477071035,66.5965806023028,5.947062306391729,"['D6', 'R30', 'R36', 'R27', 'R38', 'R35', 'R22', 'R4', 'R32', 'R15', 'R18', 'R16', 'R31', 'R21', 'R37', 'R33', 'R9', 'R34']"
2216560.656132213,72.76681601833445,6.448481957918162,"['D6', 'R27', 'R36', 'R4', 'R38', 'R35', 'R30', 'R22', 'R32', 'R15', 'R16', 'R18', 'R21', 'R31', 'R37', 'R33', 'R9', 'R34']"
2216176.220933756,68.50289411885774,6.101484064922465,"['D6', 'R30', 'R27', 'R36', 'R22', 'R38', 'R35', 'R4', 'R32', 'R15', 'R16', 'R18', 'R21', 'R31', 'R9', 'R33', 'R37', 'R34']"
2216233.873386242,69.14234013134514,6.009251663624299,"['D6', 'R35', 'R30', 'R27', 'R36', 'R38', 'R22', 'R4', 'R37', 'R33', 'R9', 'R21', 'R18', 'R16', 'R31', 'R32', 'R15', 'R34']"
