total_cost,total_distance,total_fuel_consumed,route
2215466.1258102832,60.6269499809607,5.40777371199761,"['D6', 'R30', 'R38', 'R35', 'R36', 'R27', 'R22', 'R4', 'R32', 'R15', 'R31', 'R18', 'R16', 'R21', 'R9', 'R33', 'R37', 'R34']"
2215134.368051066,56.94729426648104,5.137101797949988,"['D6', 'R30', 'R35', 'R38', 'R22', 'R27', 'R36', 'R4', 'R32', 'R15', 'R31', 'R18', 'R16', 'R21', 'R9', 'R37', 'R33', 'R34']"
2215828.025827078,64.6409253225183,5.626965852992085,"['D6', 'R36', 'R27', 'R4', 'R15', 'R32', 'R18', 'R16', 'R21', 'R9', 'R33', 'R37', 'R31', 'R22', 'R38', 'R35', 'R30', 'R34']"
2215543.924832474,61.489849517238746,5.525551086866859,"['D6', 'R30', 'R35', 'R38', 'R22', 'R27', 'R36', 'R4', 'R15', 'R32', 'R31', 'R18', 'R16', 'R21', 'R33', 'R37', 'R9', 'R34']"
2215643.2483949647,62.59148619082508,5.646510117648378,"['D6', 'R30', 'R35', 'R38', 'R22', 'R27', 'R36', 'R4', 'R32', 'R15', 'R18', 'R16', 'R21', 'R31', 'R9', 'R37', 'R33', 'R34']"
