total_cost,total_distance,total_fuel_consumed,route
2216119.5535156275,67.87437350962239,6.014425220922893,"['D6', 'R27', 'R36', 'R22', 'R4', 'R32', 'R15', 'R31', 'R18', 'R16', 'R21', 'R9', 'R33', 'R37', 'R35', 'R38', 'R30', 'R34']"
2216894.100266737,76.46517598421897,6.6891202305880775,"['D6', 'R22', 'R4', 'R27', 'R36', 'R35', 'R30', 'R38', 'R15', 'R32', 'R16', 'R18', 'R31', 'R21', 'R33', 'R37', 'R9', 'R34']"
2216066.545377864,67.28643941730584,5.9154125423382595,"['D6', 'R27', 'R36', 'R4', 'R22', 'R32', 'R15', 'R31', 'R16', 'R18', 'R21', 'R9', 'R37', 'R33', 'R30', 'R38', 'R35', 'R34']"
2215745.69527633,63.72776482176856,5.7051160975428825,"['D6', 'R30', 'R35', 'R38', 'R36', 'R27', 'R22', 'R4', 'R15', 'R32', 'R31', 'R16', 'R18', 'R21', 'R37', 'R33', 'R9', 'R34']"
2216866.892643959,76.1634055452393,6.683302078238137,"['D6', 'R38', 'R35', 'R22', 'R36', 'R27', 'R30', 'R32', 'R4', 'R15', 'R21', 'R16', 'R18', 'R31', 'R33', 'R37', 'R9', 'R34']"
