total_cost,total_distance,total_fuel_consumed,route
2217168.0318814926,79.50345920022974,6.990698804202818,"['D6', 'R22', 'R27', 'R36', 'R30', 'R38', 'R35', 'R4', 'R15', 'R32', 'R9', 'R21', 'R16', 'R18', 'R31', 'R37', 'R33', 'R34']"
2217771.2585358396,86.19408313930825,7.580068272925607,"['D6', 'R30', 'R27', 'R36', 'R22', 'R38', 'R35', 'R4', 'R21', 'R16', 'R18', 'R31', 'R15', 'R32', 'R34', 'R37', 'R33', 'R9']"
2216073.903691055,67.36805336129929,6.013079417168347,"['D6', 'R36', 'R27', 'R38', 'R35', 'R30', 'R22', 'R4', 'R15', 'R31', 'R16', 'R18', 'R21', 'R33', 'R37', 'R9', 'R32', 'R34']"
2216085.7384905815,67.49931777486302,5.889839795432749,"['D6', 'R38', 'R22', 'R36', 'R27', 'R4', 'R15', 'R16', 'R31', 'R18', 'R21', 'R33', 'R37', 'R9', 'R32', 'R30', 'R35', 'R34']"
2216366.2019745256,70.61004851958413,6.2656226721396635,"['D6', 'R30', 'R36', 'R27', 'R38', 'R35', 'R22', 'R31', 'R16', 'R18', 'R21', 'R9', 'R33', 'R37', 'R15', 'R4', 'R32', 'R34']"
