total_cost,total_distance,total_fuel_consumed,route
2216914.3861992247,76.69017523541322,6.754999624082329,"['D6', 'R27', 'R36', 'R32', 'R4', 'R38', 'R30', 'R35', 'R22', 'R15', 'R18', 'R16', 'R21', 'R31', 'R37', 'R33', 'R9', 'R34']"
2216492.341155209,72.00910775519911,6.313654846640699,"['D6', 'R30', 'R36', 'R27', 'R4', 'R15', 'R32', 'R21', 'R16', 'R18', 'R31', 'R9', 'R37', 'R33', 'R35', 'R38', 'R22', 'R34']"
2216372.004073139,70.67440187598754,6.282534390509927,"['D6', 'R36', 'R27', 'R4', 'R30', 'R35', 'R38', 'R22', 'R32', 'R15', 'R18', 'R16', 'R21', 'R31', 'R33', 'R37', 'R9', 'R34']"
2216462.9576555984,71.68320381099068,6.38497009354645,"['D6', 'R36', 'R27', 'R22', 'R38', 'R35', 'R30', 'R32', 'R4', 'R15', 'R16', 'R18', 'R21', 'R31', 'R33', 'R37', 'R9', 'R34']"
2216207.411016553,68.84883558732716,6.078775945073035,"['D6', 'R36', 'R27', 'R4', 'R22', 'R38', 'R30', 'R35', 'R15', 'R32', 'R31', 'R16', 'R18', 'R21', 'R9', 'R33', 'R37', 'R34']"
