total_cost,total_distance,total_fuel_consumed,route
2215942.277434699,65.90813481254312,5.8717823431372835,"['D6', 'R30', 'R35', 'R38', 'R27', 'R36', 'R4', 'R22', 'R15', 'R32', 'R31', 'R21', 'R18', 'R16', 'R9', 'R33', 'R37', 'R34']"
2215562.77149563,61.69888526652397,5.4985616643224295,"['D6', 'R30', 'R35', 'R38', 'R22', 'R4', 'R32', 'R15', 'R31', 'R16', 'R18', 'R21', 'R9', 'R37', 'R33', 'R36', 'R27', 'R34']"
2215292.7798788915,58.70430211725156,5.269531263971462,"['D6', 'R30', 'R35', 'R38', 'R36', 'R27', 'R22', 'R4', 'R32', 'R15', 'R31', 'R18', 'R16', 'R21', 'R9', 'R33', 'R37', 'R34']"
2215967.479475073,66.18766054872394,5.9009067938266995,"['D6', 'R30', 'R38', 'R35', 'R27', 'R36', 'R22', 'R4', 'R32', 'R15', 'R16', 'R18', 'R31', 'R21', 'R37', 'R33', 'R9', 'R34']"
2215739.576022241,63.65989376931104,5.651274268368838,"['D6', 'R30', 'R38', 'R35', 'R36', 'R27', 'R4', 'R22', 'R32', 'R15', 'R31', 'R16', 'R18', 'R21', 'R9', 'R33', 'R37', 'R34']"
