total_cost,total_distance,total_fuel_consumed,route
2217290.179365573,80.85824495977036,7.03000960332877,"['D6', 'R30', 'R38', 'R36', 'R27', 'R35', 'R4', 'R16', 'R31', 'R32', 'R15', 'R21', 'R18', 'R9', 'R37', 'R33', 'R22', 'R34']"
2217204.7883171546,79.91113927633491,6.953556685843111,"['D6', 'R36', 'R30', 'R4', 'R27', 'R22', 'R38', 'R15', 'R21', 'R16', 'R31', 'R18', 'R9', 'R37', 'R33', 'R32', 'R35', 'R34']"
2216908.4054442705,76.62384033130745,6.7719289943385075,"['D6', 'R30', 'R36', 'R27', 'R38', 'R22', 'R4', 'R35', 'R32', 'R15', 'R31', 'R16', 'R9', 'R21', 'R18', 'R37', 'R33', 'R34']"
2217702.977941428,85.4367562270175,7.472268232061062,"['D6', 'R36', 'R27', 'R22', 'R35', 'R30', 'R4', 'R31', 'R18', 'R16', 'R21', 'R15', 'R32', 'R38', 'R34', 'R33', 'R37', 'R9']"
2217422.691720805,82.3279915794692,7.2496932025582925,"['D6', 'R36', 'R30', 'R4', 'R27', 'R35', 'R38', 'R22', 'R31', 'R18', 'R16', 'R21', 'R15', 'R32', 'R9', 'R37', 'R33', 'R34']"
