total_cost,total_distance,total_fuel_consumed,route
2216332.4881732706,70.23611549767945,6.210803094183634,"['D6', 'R27', 'R36', 'R4', 'R22', 'R38', 'R30', 'R35', 'R15', 'R32', 'R31', 'R18', 'R16', 'R21', 'R37', 'R33', 'R9', 'R34']"
2216260.62712535,69.43907636812145,5.932795230693355,"['D6', 'R27', 'R36', 'R15', 'R4', 'R32', 'R16', 'R21', 'R18', 'R33', 'R37', 'R9', 'R31', 'R22', 'R38', 'R30', 'R35', 'R34']"
2216253.3773075556,69.35866578921855,6.1210999911194435,"['D6', 'R35', 'R30', 'R27', 'R36', 'R4', 'R38', 'R22', 'R15', 'R32', 'R31', 'R18', 'R16', 'R21', 'R37', 'R33', 'R9', 'R34']"
2216240.7722379537,69.21885800746882,6.128057110385649,"['D6', 'R27', 'R36', 'R22', 'R38', 'R30', 'R4', 'R32', 'R31', 'R18', 'R16', 'R21', 'R9', 'R37', 'R33', 'R15', 'R35', 'R34']"
2215536.090136687,61.4029518266058,5.413723072276425,"['D6', 'R38', 'R35', 'R30', 'R27', 'R36', 'R4', 'R32', 'R15', 'R16', 'R18', 'R21', 'R33', 'R37', 'R9', 'R31', 'R22', 'R34']"
