total_cost,total_distance,total_fuel_consumed,route
262498.29744815285,27.709599025652786,3.6478745394419225,"['W1', 'D3', 'D2']"
262498.29744815285,27.709599025652786,3.6478745394419225,"['W1', 'D3', 'D2']"
262498.29744815285,27.709599025652786,3.6478745394419225,"['W1', 'D3', 'D2']"
262498.29744815285,27.709599025652786,3.6478745394419225,"['W1', 'D3', 'D2']"
262498.29744815285,27.709599025652786,3.6478745394419225,"['W1', 'D3', 'D2']"
