total_cost,total_distance,total_fuel_consumed,route
2480460.2059546537,116.01825593005654,10.810587715865816,"['D3', 'R1', 'R7', 'R28', 'R5', 'R26', 'R11', 'R17', 'R14', 'R2', 'R3', 'R12', 'R10', 'R23', 'R13', 'R6', 'R20', 'R70', 'R8', 'R24']"
2479972.5269751353,110.60921667186219,10.201499508052306,"['D3', 'R1', 'R7', 'R6', 'R13', 'R20', 'R28', 'R5', 'R26', 'R11', 'R14', 'R17', 'R2', 'R3', 'R12', 'R10', 'R23', 'R70', 'R24', 'R8']"
2481110.740049903,123.23358529173943,11.511712342642761,"['D3', 'R5', 'R26', 'R11', 'R14', 'R17', 'R2', 'R12', 'R3', 'R10', 'R6', 'R7', 'R1', 'R20', 'R13', 'R28', 'R23', 'R70', 'R24', 'R8']"
2481028.99978344,122.32697186601274,11.385957263663894,"['D3', 'R7', 'R1', 'R3', 'R12', 'R10', 'R11', 'R26', 'R5', 'R14', 'R17', 'R2', 'R28', 'R6', 'R20', 'R13', 'R23', 'R70', 'R24', 'R8']"
2480919.537298784,121.1128804212999,11.187940825750173,"['D3', 'R7', 'R1', 'R28', 'R17', 'R14', 'R2', 'R11', 'R5', 'R26', 'R3', 'R12', 'R10', 'R6', 'R13', 'R20', 'R23', 'R70', 'R24', 'R8']"
