total_cost,total_distance,total_fuel_consumed,route
2482040.6538192495,133.54762443710894,12.304695384136137,"['D3', 'R14', 'R17', 'R2', 'R5', 'R26', 'R11', 'R1', 'R7', 'R10', 'R3', 'R12', 'R28', 'R20', 'R6', 'R13', 'R70', 'R23', 'R24', 'R8']"
2483091.749334215,145.205737957134,13.546332701031353,"['D3', 'R5', 'R26', 'R17', 'R14', 'R2', 'R10', 'R12', 'R3', 'R1', 'R7', 'R11', 'R28', 'R6', 'R13', 'R23', 'R20', 'R8', 'R24', 'R70']"
2484189.354870193,157.37971240232025,14.493923697190457,"['D3', 'R11', 'R5', 'R14', 'R17', 'R2', 'R7', 'R13', 'R6', 'R1', 'R28', 'R26', 'R10', 'R3', 'R12', 'R23', 'R20', 'R8', 'R70', 'R24']"
2481262.544459161,124.91730766594523,11.529696420635345,"['D3', 'R11', 'R26', 'R17', 'R14', 'R2', 'R12', 'R3', 'R23', 'R10', 'R1', 'R7', 'R6', 'R28', 'R13', 'R20', 'R5', 'R70', 'R8', 'R24']"
2482488.979153059,138.52017694165062,12.692620107346361,"['D3', 'R11', 'R14', 'R17', 'R26', 'R2', 'R5', 'R1', 'R7', 'R6', 'R20', 'R3', 'R12', 'R10', 'R28', 'R13', 'R70', 'R23', 'R24', 'R8']"
