total_cost,total_distance,total_fuel_consumed,route
2480861.633590591,120.47064763299934,11.36238852682144,"['D3', 'R7', 'R1', 'R5', 'R26', 'R11', 'R17', 'R14', 'R2', 'R12', 'R3', 'R10', 'R23', 'R6', 'R13', 'R20', 'R28', 'R24', 'R70', 'R8']"
2479042.4112310167,100.29293734490803,9.124361108524157,"['D3', 'R7', 'R1', 'R11', 'R5', 'R26', 'R17', 'R14', 'R2', 'R70', 'R12', 'R3', 'R10', 'R23', 'R6', 'R28', 'R13', 'R20', 'R24', 'R8']"
2480038.977887982,111.34624986670636,10.3849609001261,"['D3', 'R7', 'R1', 'R5', 'R11', 'R26', 'R14', 'R17', 'R2', 'R3', 'R12', 'R10', 'R23', 'R6', 'R13', 'R20', 'R28', 'R24', 'R8', 'R70']"
2480002.4028815255,110.9405820932314,10.348541904112338,"['D3', 'R7', 'R1', 'R11', 'R5', 'R26', 'R14', 'R17', 'R2', 'R12', 'R3', 'R10', 'R23', 'R6', 'R13', 'R20', 'R28', 'R24', 'R8', 'R70']"
2479873.579664798,109.51175315881122,9.995494648589982,"['D3', 'R7', 'R1', 'R28', 'R6', 'R13', 'R20', 'R23', 'R3', 'R12', 'R10', 'R17', 'R14', 'R2', 'R26', 'R5', 'R11', 'R70', 'R8', 'R24']"
