total_cost,total_distance,total_fuel_consumed,route
2483252.255281118,146.98597250574414,13.656903316768368,"['D3', 'R6', 'R28', 'R7', 'R14', 'R17', 'R2', 'R26', 'R5', 'R11', 'R12', 'R3', 'R10', 'R1', 'R20', 'R13', 'R23', 'R24', 'R70', 'R8']"
2481026.836068845,122.30297325693469,11.246204770611447,"['D3', 'R28', 'R7', 'R1', 'R5', 'R26', 'R14', 'R17', 'R2', 'R11', 'R3', 'R12', 'R13', 'R6', 'R23', 'R10', 'R70', 'R20', 'R24', 'R8']"
2482395.9448217363,137.48829660310363,12.705075548424102,"['D3', 'R28', 'R1', 'R7', 'R12', 'R3', 'R10', 'R5', 'R11', 'R26', 'R2', 'R17', 'R14', 'R23', 'R20', 'R6', 'R13', 'R24', 'R70', 'R8']"
2482015.355109895,133.26702650726722,12.35168499499493,"['D3', 'R6', 'R28', 'R7', 'R3', 'R10', 'R12', 'R17', 'R14', 'R2', 'R11', 'R26', 'R5', 'R1', 'R23', 'R20', 'R13', 'R24', 'R70', 'R8']"
2482965.7995312363,143.80877918407583,13.299151167813609,"['D3', 'R14', 'R17', 'R2', 'R26', 'R5', 'R7', 'R28', 'R20', 'R13', 'R6', 'R1', 'R11', 'R3', 'R12', 'R10', 'R23', 'R8', 'R70', 'R24']"
