total_cost,total_distance,total_fuel_consumed,route
2480810.453308849,119.90298701030679,10.916465445084247,"['D3', 'R1', 'R7', 'R6', 'R20', 'R13', 'R14', 'R17', 'R2', 'R11', 'R26', 'R5', 'R28', 'R3', 'R12', 'R10', 'R70', 'R23', 'R24', 'R8']"
2481470.9045849103,127.22831172260514,11.705477472280434,"['D3', 'R1', 'R7', 'R28', 'R6', 'R13', 'R26', 'R11', 'R2', 'R14', 'R17', 'R5', 'R12', 'R3', 'R10', 'R20', 'R23', 'R70', 'R24', 'R8']"
2482053.4661740893,133.68973130090205,12.448995682784743,"['D3', 'R1', 'R7', 'R5', 'R11', 'R2', 'R14', 'R17', 'R10', 'R3', 'R12', 'R23', 'R28', 'R13', 'R6', 'R20', 'R26', 'R70', 'R24', 'R8']"
2480871.6246973234,120.58146292506481,11.122683907729378,"['D3', 'R1', 'R7', 'R6', 'R17', 'R14', 'R2', 'R11', 'R26', 'R5', 'R12', 'R3', 'R10', 'R23', 'R20', 'R13', 'R28', 'R70', 'R8', 'R24']"
2480657.332446387,118.20466333615258,10.886316029228551,"['D3', 'R1', 'R7', 'R13', 'R6', 'R28', 'R5', 'R26', 'R11', 'R2', 'R17', 'R14', 'R10', 'R3', 'R12', 'R20', 'R23', 'R70', 'R8', 'R24']"
