total_cost,total_distance,total_fuel_consumed,route
3266256.7660243465,180.31018216888046,-0.7633024901178364,"['M1', 'R2', 'R14', 'R17', 'R11', 'R5', 'R28', 'D3', 'R7', 'R1', 'R6', 'W2', 'R25', 'R13', 'D1', 'R20', 'R12', 'R3', 'R10', 'R23', 'R26', 'D2', 'R70', 'W1', 'R8', 'R24']"
3263277.0000814977,147.26042681341815,0.5043779609018555,"['M1', 'R70', 'R2', 'R17', 'R14', 'R3', 'R12', 'R11', 'R5', 'R26', 'D3', 'R7', 'R1', 'R28', 'R13', 'W2', 'R25', 'R6', 'D1', 'R20', 'R10', 'R23', 'W1', 'D2', 'R8', 'R24']"
3266424.6779140877,182.17255894064053,-3.300839476156183,"['M1', 'R26', 'R11', 'R14', 'R17', 'R2', 'R5', 'D3', 'R1', 'R3', 'R10', 'R12', 'R25', 'R13', 'D1', 'R20', 'W2', 'R6', 'R7', 'R28', 'R8', 'D2', 'R24', 'R23', 'W1', 'R70']"
3264962.186650568,165.95149346238878,1.9103801008594186,"['M1', 'R70', 'R12', 'R3', 'R10', 'R6', 'R25', 'R13', 'W2', 'D1', 'R20', 'D3', 'R7', 'R1', 'R5', 'R26', 'R11', 'R2', 'R14', 'R17', 'D2', 'R23', 'R28', 'W1', 'R24', 'R8']"
3265480.950772432,171.7053102532389,15.61651317479734,"['M1', 'R6', 'D1', 'R13', 'R20', 'R25', 'W2', 'R28', 'R7', 'R1', 'D3', 'R2', 'R14', 'R17', 'R11', 'R5', 'R26', 'R3', 'R12', 'D2', 'R10', 'R23', 'W1', 'R70', 'R8', 'R24']"
