total_cost,total_distance,total_fuel_consumed,route
263767.53181449784,41.78717629212329,5.670978103578108,"['W3', 'D6', 'D4']"
264779.1333600286,53.007246672899456,6.756791366233866,"['W3', 'D4', 'D6']"
264779.1333600286,53.007246672899456,6.756791366233866,"['W3', 'D4', 'D6']"
263767.53181449784,41.78717629212329,5.670978103578108,"['W3', 'D6', 'D4']"
263767.53181449784,41.78717629212329,5.670978103578108,"['W3', 'D6', 'D4']"
