total_cost,total_distance,total_fuel_consumed,route
2216125.0456269784,67.93528867544939,6.037347774289946,"['D6', 'R36', 'R27', 'R22', 'R38', 'R30', 'R35', 'R4', 'R32', 'R15', 'R18', 'R31', 'R21', 'R16', 'R9', 'R33', 'R37', 'R34']"
2217063.854879842,78.34799112513106,6.807278480682186,"['D6', 'R22', 'R38', 'R27', 'R36', 'R15', 'R4', 'R32', 'R21', 'R18', 'R16', 'R31', 'R9', 'R33', 'R37', 'R30', 'R35', 'R34']"
2217248.97966391,80.40128287389005,7.0293351454587185,"['D6', 'R30', 'R38', 'R27', 'R35', 'R36', 'R22', 'R32', 'R21', 'R18', 'R16', 'R33', 'R37', 'R9', 'R31', 'R4', 'R15', 'R34']"
2216769.642336755,75.08476416099404,6.523785387949828,"['D6', 'R36', 'R27', 'R38', 'R22', 'R16', 'R21', 'R18', 'R31', 'R37', 'R33', 'R9', 'R32', 'R15', 'R4', 'R35', 'R30', 'R34']"
2218858.8931740103,98.25746643756091,8.161505987980185,"['D6', 'R30', 'R27', 'R36', 'R38', 'R34', 'R16', 'R31', 'R32', 'R4', 'R22', 'R35', 'R18', 'R21', 'R15', 'R37', 'R33', 'R9']"
