total_cost,total_distance,total_fuel_consumed,route
2215755.0080802594,63.83105679081521,5.676818398693888,"['D6', 'R30', 'R38', 'R35', 'R22', 'R4', 'R27', 'R36', 'R32', 'R15', 'R31', 'R16', 'R18', 'R21', 'R37', 'R33', 'R9', 'R34']"
2215918.5506623187,65.64497185357901,5.809461821000834,"['D6', 'R27', 'R38', 'R35', 'R30', 'R36', 'R22', 'R4', 'R15', 'R32', 'R31', 'R16', 'R18', 'R21', 'R9', 'R37', 'R33', 'R34']"
2215895.702896923,65.39155830660007,5.744381390713352,"['D6', 'R27', 'R36', 'R30', 'R35', 'R38', 'R22', 'R4', 'R15', 'R32', 'R9', 'R33', 'R37', 'R21', 'R16', 'R18', 'R31', 'R34']"
2216717.5367926704,74.50684108995398,6.565616672655764,"['D6', 'R27', 'R36', 'R32', 'R4', 'R38', 'R35', 'R30', 'R22', 'R15', 'R18', 'R16', 'R21', 'R31', 'R9', 'R37', 'R33', 'R34']"
2217016.45448285,77.82225468999962,6.864021161010024,"['D6', 'R30', 'R36', 'R27', 'R38', 'R35', 'R4', 'R15', 'R32', 'R22', 'R18', 'R16', 'R21', 'R31', 'R9', 'R33', 'R37', 'R34']"
