total_cost,total_distance,total_fuel_consumed,route
2217038.737323763,78.06940243748036,6.8909088336203945,"['D6', 'R27', 'R36', 'R4', 'R22', 'R38', 'R30', 'R35', 'R18', 'R16', 'R21', 'R37', 'R33', 'R9', 'R15', 'R32', 'R31', 'R34']"
2217913.0023269956,87.76621924351845,7.682151274620061,"['D6', 'R27', 'R36', 'R38', 'R35', 'R32', 'R4', 'R22', 'R30', 'R31', 'R21', 'R18', 'R16', 'R15', 'R9', 'R37', 'R33', 'R34']"
2216761.6109093972,74.99568444317802,6.517290918544962,"['D6', 'R38', 'R27', 'R36', 'R30', 'R4', 'R22', 'R15', 'R21', 'R16', 'R18', 'R9', 'R33', 'R37', 'R31', 'R32', 'R35', 'R34']"
2218155.4978560065,90.45583247567025,7.895336460698767,"['D6', 'R4', 'R36', 'R27', 'R30', 'R35', 'R18', 'R16', 'R9', 'R21', 'R31', 'R15', 'R32', 'R22', 'R38', 'R34', 'R37', 'R33']"
2216455.7550824257,71.6033172407426,6.269857113351356,"['D6', 'R38', 'R36', 'R27', 'R4', 'R32', 'R15', 'R21', 'R16', 'R18', 'R31', 'R33', 'R37', 'R9', 'R22', 'R35', 'R30', 'R34']"
