total_cost,total_distance,total_fuel_consumed,route
2215619.330192019,62.3262000002144,5.585670743002478,"['D6', 'R30', 'R35', 'R38', 'R27', 'R36', 'R22', 'R4', 'R32', 'R15', 'R16', 'R18', 'R31', 'R21', 'R9', 'R33', 'R37', 'R34']"
2215333.9511679173,59.160949067402754,5.30012942059678,"['D6', 'R30', 'R35', 'R38', 'R36', 'R27', 'R4', 'R32', 'R15', 'R31', 'R16', 'R18', 'R21', 'R9', 'R37', 'R33', 'R22', 'R34']"
2215115.0351347276,56.73286529200843,5.115137686606854,"['D6', 'R30', 'R35', 'R38', 'R22', 'R27', 'R36', 'R4', 'R32', 'R15', 'R31', 'R18', 'R16', 'R21', 'R9', 'R33', 'R37', 'R34']"
2216298.8205983588,69.86269519031522,6.118781835055881,"['D6', 'R36', 'R27', 'R4', 'R22', 'R15', 'R32', 'R31', 'R18', 'R16', 'R21', 'R9', 'R37', 'R33', 'R38', 'R35', 'R30', 'R34']"
2216286.325901365,69.72411159455308,6.336621605612352,"['D6', 'R30', 'R38', 'R22', 'R27', 'R36', 'R4', 'R32', 'R15', 'R31', 'R16', 'R18', 'R21', 'R9', 'R37', 'R33', 'R34', 'R35']"
