total_cost,total_distance,total_fuel_consumed,route
2480643.7746021324,118.05428795621714,10.914764256532987,"['D3', 'R7', 'R1', 'R23', 'R10', 'R12', 'R3', 'R2', 'R14', 'R17', 'R26', 'R5', 'R11', 'R28', 'R13', 'R6', 'R20', 'R24', 'R8', 'R70']"
2480498.512089641,116.44312433053447,10.800516815833282,"['D3', 'R7', 'R1', 'R5', 'R26', 'R11', 'R17', 'R14', 'R2', 'R3', 'R12', 'R10', 'R70', 'R23', 'R13', 'R6', 'R28', 'R20', 'R8', 'R24']"
2480549.3257227135,117.00671830871926,10.753399242617194,"['D3', 'R1', 'R7', 'R13', 'R20', 'R6', 'R10', 'R3', 'R12', 'R14', 'R17', 'R2', 'R11', 'R26', 'R5', 'R28', 'R23', 'R70', 'R8', 'R24']"
2480693.235637601,118.60287974269148,10.859203690642849,"['D3', 'R1', 'R7', 'R6', 'R13', 'R20', 'R10', 'R3', 'R12', 'R14', 'R17', 'R2', 'R11', 'R26', 'R5', 'R28', 'R24', 'R8', 'R70', 'R23']"
2480956.164999484,121.5191326473367,11.437213407099708,"['D3', 'R7', 'R1', 'R11', 'R5', 'R26', 'R17', 'R14', 'R2', 'R12', 'R3', 'R10', 'R23', 'R6', 'R13', 'R20', 'R28', 'R24', 'R70', 'R8']"
