total_cost,total_distance,total_fuel_consumed,route
2481567.4580000252,128.2992236027643,11.698360879816862,"['D3', 'R6', 'R1', 'R7', 'R3', 'R12', 'R10', 'R11', 'R14', 'R17', 'R2', 'R5', 'R26', 'R28', 'R13', 'R70', 'R23', 'R20', 'R24', 'R8']"
2482245.453173386,135.8191345761545,12.341557407809,"['D3', 'R1', 'R17', 'R14', 'R2', 'R23', 'R12', 'R3', 'R11', 'R5', 'R26', 'R7', 'R13', 'R6', 'R28', 'R20', 'R10', 'R70', 'R24', 'R8']"
2483484.142345172,149.55792308308995,13.770408112935044,"['D3', 'R1', 'R7', 'R3', 'R10', 'R12', 'R13', 'R6', 'R28', 'R5', 'R11', 'R14', 'R17', 'R2', 'R26', 'R70', 'R23', 'R8', 'R20', 'R24']"
2483859.8680944876,153.72524505865192,14.1486728673067,"['D3', 'R7', 'R3', 'R12', 'R10', 'R6', 'R1', 'R28', 'R5', 'R26', 'R14', 'R17', 'R2', 'R11', 'R13', 'R23', 'R24', 'R20', 'R70', 'R8']"
2481980.515885479,132.88061097469568,12.348693919412002,"['D3', 'R1', 'R6', 'R7', 'R5', 'R11', 'R14', 'R17', 'R2', 'R12', 'R3', 'R10', 'R28', 'R13', 'R20', 'R23', 'R26', 'R70', 'R24', 'R8']"
