total_cost,total_distance,total_fuel_consumed,route
2480782.950760598,119.5979454369754,11.123989085146405,"['D3', 'R1', 'R7', 'R28', 'R5', 'R17', 'R14', 'R2', 'R26', 'R11', 'R12', 'R3', 'R10', 'R23', 'R20', 'R13', 'R6', 'R70', 'R24', 'R8']"
2480580.1487594983,117.34858872557952,10.763624847694262,"['D3', 'R1', 'R7', 'R28', 'R6', 'R13', 'R20', 'R14', 'R17', 'R2', 'R11', 'R5', 'R26', 'R3', 'R12', 'R10', 'R23', 'R70', 'R24', 'R8']"
2480197.828191152,113.10812101987787,10.466535583084172,"['D3', 'R7', 'R1', 'R3', 'R12', 'R10', 'R26', 'R11', 'R17', 'R14', 'R2', 'R5', 'R28', 'R6', 'R13', 'R20', 'R23', 'R70', 'R8', 'R24']"
2480600.0951917665,117.5698224463893,11.017897583826452,"['D3', 'R7', 'R1', 'R11', 'R5', 'R26', 'R2', 'R17', 'R14', 'R12', 'R3', 'R10', 'R23', 'R20', 'R13', 'R28', 'R6', 'R70', 'R24', 'R8']"
2480672.828018037,118.37653081230697,10.872563510051178,"['D3', 'R7', 'R1', 'R6', 'R13', 'R28', 'R26', 'R11', 'R5', 'R17', 'R14', 'R2', 'R10', 'R3', 'R12', 'R23', 'R70', 'R20', 'R24', 'R8']"
