total_cost,total_distance,total_fuel_consumed,route
2481555.601545116,128.16771900084052,11.660109459412778,"['D3', 'R11', 'R1', 'R7', 'R28', 'R6', 'R10', 'R3', 'R12', 'R26', 'R5', 'R2', 'R17', 'R14', 'R70', 'R23', 'R13', 'R20', 'R8', 'R24']"
2480961.6370679,121.57982550909668,11.293983608001227,"['D3', 'R11', 'R26', 'R5', 'R14', 'R17', 'R2', 'R3', 'R12', 'R10', 'R7', 'R1', 'R13', 'R28', 'R6', 'R20', 'R23', 'R70', 'R24', 'R8']"
2480267.906670247,113.88538897790141,10.393015655280868,"['D3', 'R1', 'R7', 'R28', 'R6', 'R20', 'R13', 'R5', 'R11', 'R2', 'R14', 'R17', 'R26', 'R12', 'R10', 'R3', 'R23', 'R70', 'R8', 'R24']"
2482795.7589611523,141.9227923818986,13.114397423216168,"['D3', 'R1', 'R7', 'R6', 'R28', 'R13', 'R5', 'R11', 'R14', 'R17', 'R2', 'R26', 'R10', 'R12', 'R3', 'R23', 'R20', 'R8', 'R24', 'R70']"
2480022.197988468,111.16013740537674,10.223240018463732,"['D3', 'R5', 'R11', 'R17', 'R14', 'R2', 'R26', 'R1', 'R7', 'R28', 'R6', 'R13', 'R20', 'R12', 'R3', 'R10', 'R23', 'R70', 'R8', 'R24']"
