total_cost,total_distance,total_fuel_consumed,route
2481473.8474219237,127.26095188469563,11.69580311301172,"['D3', 'R28', 'R1', 'R17', 'R14', 'R2', 'R11', 'R26', 'R5', 'R7', 'R6', 'R13', 'R10', 'R12', 'R3', 'R23', 'R20', 'R70', 'R8', 'R24']"
2482392.4192531095,137.44919313564407,12.708687159166123,"['D3', 'R28', 'R1', 'R7', 'R5', 'R26', 'R11', 'R3', 'R12', 'R10', 'R2', 'R14', 'R17', 'R6', 'R23', 'R13', 'R20', 'R70', 'R24', 'R8']"
2481523.6626488958,127.81347214835716,11.750391886037864,"['D3', 'R7', 'R6', 'R13', 'R1', 'R12', 'R3', 'R10', 'R2', 'R14', 'R17', 'R11', 'R26', 'R5', 'R20', 'R28', 'R23', 'R70', 'R8', 'R24']"
2483123.868481845,145.56198404885973,13.449692262499681,"['D3', 'R12', 'R3', 'R10', 'R2', 'R17', 'R14', 'R1', 'R5', 'R26', 'R11', 'R7', 'R6', 'R23', 'R28', 'R20', 'R13', 'R24', 'R70', 'R8']"
2481768.271037503,130.5265199368169,12.210126343860077,"['D3', 'R1', 'R3', 'R12', 'R10', 'R14', 'R17', 'R2', 'R11', 'R26', 'R5', 'R7', 'R6', 'R28', 'R13', 'R23', 'R20', 'R70', 'R24', 'R8']"
