total_cost,total_distance,total_fuel_consumed,route
2480857.775973579,120.42786128637354,10.979165636996497,"['D1', 'R20', 'R13', 'R7', 'R28', 'R6', 'R23', 'R12', 'R3', 'R10', 'R17', 'R14', 'R2', 'R11', 'R26', 'R5', 'R1', 'R70', 'R24', 'R8']"
2481683.1790367155,129.58273110820068,11.889351390686278,"['D1', 'R6', 'R13', 'R1', 'R7', 'R28', 'R12', 'R3', 'R10', 'R14', 'R17', 'R2', 'R11', 'R26', 'R5', 'R20', 'R23', 'R70', 'R24', 'R8']"
2480900.0950631113,120.89723894311744,11.11301601026338,"['D1', 'R20', 'R13', 'R7', 'R6', 'R28', 'R1', 'R10', 'R12', 'R3', 'R14', 'R17', 'R2', 'R11', 'R26', 'R5', 'R23', 'R70', 'R24', 'R8']"
2480778.035842706,119.54343215069107,10.852180489075412,"['D1', 'R28', 'R6', 'R1', 'R7', 'R3', 'R12', 'R17', 'R14', 'R2', 'R26', 'R5', 'R11', 'R13', 'R20', 'R23', 'R10', 'R70', 'R8', 'R24']"
2481852.6638485785,131.46255377749472,12.077534089449319,"['D1', 'R20', 'R13', 'R1', 'R7', 'R28', 'R6', 'R12', 'R3', 'R10', 'R17', 'R14', 'R2', 'R11', 'R26', 'R5', 'R23', 'R24', 'R8', 'R70']"
