total_cost,total_distance,total_fuel_consumed,route
2480398.7524613235,115.336651079458,10.525708661271274,"['D1', 'R13', 'R20', 'R7', 'R1', 'R28', 'R6', 'R5', 'R26', 'R11', 'R17', 'R14', 'R2', 'R3', 'R12', 'R10', 'R70', 'R23', 'R8', 'R24']"
2479594.095781302,106.41188754772274,9.792939041395933,"['D1', 'R20', 'R13', 'R6', 'R7', 'R1', 'R2', 'R17', 'R14', 'R11', 'R5', 'R26', 'R12', 'R3', 'R10', 'R23', 'R70', 'R28', 'R24', 'R8']"
2480458.3784557367,115.99798642121942,10.712659594190432,"['D1', 'R13', 'R28', 'R7', 'R1', 'R3', 'R12', 'R10', 'R11', 'R5', 'R26', 'R17', 'R14', 'R2', 'R6', 'R20', 'R23', 'R70', 'R8', 'R24']"
2479010.361660841,99.93746296406792,9.243913484262794,"['D1', 'R13', 'R6', 'R28', 'R7', 'R1', 'R5', 'R26', 'R11', 'R17', 'R14', 'R2', 'R3', 'R12', 'R10', 'R70', 'R23', 'R20', 'R24', 'R8']"
2480873.700769294,120.60448945535217,11.0920913420078,"['D1', 'R13', 'R28', 'R7', 'R1', 'R6', 'R26', 'R11', 'R5', 'R17', 'R14', 'R2', 'R3', 'R12', 'R10', 'R23', 'R20', 'R70', 'R8', 'R24']"
