total_cost,total_distance,total_fuel_consumed,route
2481172.6395657323,123.92013715320218,11.386988032074418,"['D3', 'R2', 'R17', 'R14', 'R11', 'R5', 'R26', 'R1', 'R7', 'R28', 'R23', 'R10', 'R3', 'R12', 'R6', 'R13', 'R20', 'R70', 'R8', 'R24']"
2482575.5867320946,139.4807756443521,12.962332335707817,"['D3', 'R1', 'R7', 'R6', 'R28', 'R13', 'R10', 'R12', 'R3', 'R14', 'R17', 'R2', 'R11', 'R5', 'R26', 'R23', 'R20', 'R24', 'R70', 'R8']"
2479965.6772899213,110.53324412069024,10.165225760644025,"['D3', 'R1', 'R7', 'R28', 'R5', 'R26', 'R11', 'R17', 'R14', 'R2', 'R12', 'R3', 'R10', 'R23', 'R70', 'R13', 'R6', 'R20', 'R24', 'R8']"
2482331.4219485973,136.77264805454422,12.848015045860446,"['D3', 'R1', 'R7', 'R5', 'R26', 'R11', 'R14', 'R17', 'R2', 'R12', 'R10', 'R3', 'R6', 'R13', 'R28', 'R20', 'R23', 'R8', 'R24', 'R70']"
2481594.885689941,128.6034348928619,11.947732632622614,"['D3', 'R7', 'R1', 'R3', 'R12', 'R10', 'R11', 'R5', 'R26', 'R17', 'R14', 'R2', 'R28', 'R6', 'R13', 'R20', 'R24', 'R23', 'R70', 'R8']"
