total_cost,total_distance,total_fuel_consumed,route
2480981.993095224,121.80560220966794,10.761866176310043,"['D3', 'R1', 'R12', 'R3', 'R10', 'R23', 'R7', 'R6', 'R28', 'R13', 'R20', 'R24', 'R11', 'R5', 'R26', 'R14', 'R17', 'R2', 'R70', 'R8']"
2481319.6546175466,125.55073888139836,11.536095846804171,"['D3', 'R7', 'R17', 'R14', 'R11', 'R2', 'R3', 'R12', 'R10', 'R23', 'R20', 'R13', 'R6', 'R1', 'R26', 'R5', 'R28', 'R70', 'R8', 'R24']"
2482004.0717463414,133.14187828684436,12.305714238484093,"['D3', 'R5', 'R11', 'R26', 'R17', 'R2', 'R14', 'R3', 'R12', 'R10', 'R1', 'R7', 'R13', 'R6', 'R70', 'R28', 'R20', 'R23', 'R24', 'R8']"
2482418.9541540765,137.7435021525829,12.645201289617818,"['D3', 'R7', 'R1', 'R13', 'R6', 'R11', 'R17', 'R14', 'R2', 'R5', 'R26', 'R28', 'R10', 'R3', 'R12', 'R23', 'R20', 'R70', 'R24', 'R8']"
2482000.5048511256,133.10231644993019,12.226367245947003,"['D3', 'R1', 'R7', 'R20', 'R13', 'R11', 'R5', 'R26', 'R14', 'R17', 'R2', 'R10', 'R3', 'R12', 'R23', 'R6', 'R28', 'R24', 'R70', 'R8']"
