total_cost,total_distance,total_fuel_consumed,route
2481095.532334252,123.06491053961756,11.36001320885815,"['D3', 'R7', 'R5', 'R17', 'R14', 'R2', 'R11', 'R26', 'R1', 'R10', 'R12', 'R3', 'R23', 'R6', 'R28', 'R13', 'R20', 'R70', 'R8', 'R24']"
2481862.9252448143,131.57636695668148,12.160559316280809,"['D3', 'R7', 'R17', 'R14', 'R2', 'R26', 'R11', 'R5', 'R1', 'R12', 'R3', 'R10', 'R13', 'R6', 'R20', 'R28', 'R23', 'R70', 'R24', 'R8']"
2479889.631569856,109.68979114747285,10.221813499099047,"['D3', 'R7', 'R1', 'R10', 'R12', 'R3', 'R2', 'R14', 'R17', 'R11', 'R26', 'R5', 'R28', 'R13', 'R6', 'R20', 'R23', 'R70', 'R8', 'R24']"
2482750.6784346094,141.42278654181314,13.034248686970919,"['D3', 'R11', 'R26', 'R14', 'R17', 'R2', 'R5', 'R1', 'R3', 'R10', 'R12', 'R6', 'R7', 'R13', 'R23', 'R28', 'R20', 'R70', 'R8', 'R24']"
2481450.1852864246,126.99850583878694,11.710436328948626,"['D3', 'R7', 'R11', 'R17', 'R14', 'R2', 'R3', 'R10', 'R12', 'R23', 'R6', 'R1', 'R5', 'R26', 'R28', 'R13', 'R20', 'R70', 'R8', 'R24']"
