total_cost,total_distance,total_fuel_consumed,route
2482290.2351337518,136.3158289014195,12.536863704796252,"['D3', 'R28', 'R7', 'R12', 'R3', 'R2', 'R14', 'R17', 'R11', 'R5', 'R26', 'R1', 'R13', 'R6', 'R10', 'R70', 'R20', 'R23', 'R8', 'R24']"
2481364.122547983,126.04395017728257,11.52137646343638,"['D3', 'R26', 'R17', 'R14', 'R2', 'R11', 'R1', 'R5', 'R12', 'R10', 'R3', 'R7', 'R13', 'R6', 'R28', 'R20', 'R23', 'R70', 'R8', 'R24']"
2481319.589613251,125.55001789319998,11.457027628723987,"['D3', 'R1', 'R28', 'R7', 'R5', 'R17', 'R14', 'R2', 'R11', 'R26', 'R6', 'R20', 'R13', 'R12', 'R3', 'R10', 'R70', 'R23', 'R8', 'R24']"
2481199.2649893155,124.21545019204932,11.385745665789623,"['D3', 'R26', 'R11', 'R2', 'R17', 'R14', 'R5', 'R1', 'R28', 'R7', 'R13', 'R6', 'R3', 'R12', 'R10', 'R70', 'R23', 'R20', 'R8', 'R24']"
2483826.292673585,153.35284686762867,14.282893672432383,"['D3', 'R5', 'R11', 'R2', 'R14', 'R17', 'R26', 'R12', 'R3', 'R10', 'R6', 'R23', 'R1', 'R7', 'R13', 'R28', 'R20', 'R8', 'R70', 'R24']"
