total_cost,total_distance,total_fuel_consumed,route
2482357.061023815,137.05702111596761,12.691843131600637,"['D3', 'R1', 'R12', 'R3', 'R10', 'R6', 'R7', 'R17', 'R14', 'R2', 'R11', 'R26', 'R5', 'R28', 'R13', 'R23', 'R20', 'R70', 'R24', 'R8']"
2481224.9687897717,124.50054114653858,11.529437540190026,"['D3', 'R1', 'R5', 'R26', 'R11', 'R17', 'R14', 'R2', 'R7', 'R3', 'R12', 'R10', 'R28', 'R13', 'R6', 'R20', 'R23', 'R70', 'R24', 'R8']"
2482234.7948554526,135.70091898239846,12.510887890682946,"['D3', 'R1', 'R7', 'R6', 'R14', 'R17', 'R2', 'R5', 'R26', 'R11', 'R12', 'R3', 'R10', 'R13', 'R28', 'R23', 'R20', 'R70', 'R8', 'R24']"
2481606.7110437937,128.7345945407476,11.989627083853035,"['D3', 'R7', 'R1', 'R17', 'R14', 'R2', 'R11', 'R26', 'R5', 'R10', 'R12', 'R3', 'R23', 'R28', 'R13', 'R6', 'R20', 'R70', 'R24', 'R8']"
2480453.346762913,115.94217793824949,10.647214268257386,"['D3', 'R1', 'R26', 'R14', 'R17', 'R2', 'R11', 'R5', 'R7', 'R28', 'R6', 'R20', 'R13', 'R10', 'R12', 'R3', 'R70', 'R23', 'R24', 'R8']"
