total_cost,total_distance,total_fuel_consumed,route
2480957.533762913,121.53431414056797,11.28642257571407,"['D3', 'R7', 'R1', 'R5', 'R26', 'R17', 'R14', 'R2', 'R11', 'R10', 'R12', 'R3', 'R23', 'R13', 'R28', 'R6', 'R20', 'R24', 'R8', 'R70']"
2479558.416339701,106.01615283608568,9.700792276056083,"['D3', 'R7', 'R1', 'R6', 'R13', 'R20', 'R28', 'R5', 'R26', 'R11', 'R17', 'R14', 'R2', 'R12', 'R3', 'R10', 'R23', 'R70', 'R8', 'R24']"
2480243.2834235216,113.61228286958683,10.412733675286614,"['D3', 'R1', 'R7', 'R6', 'R13', 'R20', 'R23', 'R3', 'R12', 'R10', 'R11', 'R17', 'R14', 'R2', 'R26', 'R5', 'R28', 'R24', 'R8', 'R70']"
2480298.306522077,114.22256568408453,10.461559117145987,"['D3', 'R1', 'R6', 'R7', 'R28', 'R13', 'R20', 'R23', 'R10', 'R3', 'R12', 'R2', 'R17', 'R14', 'R11', 'R5', 'R26', 'R70', 'R24', 'R8']"
2479903.9110118486,109.84817005156592,10.184759464447986,"['D3', 'R1', 'R7', 'R11', 'R26', 'R5', 'R2', 'R17', 'R14', 'R12', 'R3', 'R10', 'R23', 'R20', 'R13', 'R6', 'R28', 'R24', 'R8', 'R70']"
