total_cost,total_distance,total_fuel_consumed,route
2481983.6137549956,132.9149706632154,12.32823969145841,"['D3', 'R1', 'R7', 'R6', 'R11', 'R2', 'R17', 'R14', 'R26', 'R5', 'R3', 'R12', 'R10', 'R23', 'R13', 'R20', 'R28', 'R8', 'R24', 'R70']"
2481109.3252274627,123.21789293991641,11.326374491207904,"['D3', 'R7', 'R1', 'R3', 'R12', 'R10', 'R26', 'R5', 'R11', 'R14', 'R17', 'R2', 'R70', 'R6', 'R13', 'R28', 'R20', 'R23', 'R24', 'R8']"
2480098.0900528645,112.00188612317032,10.43274869799378,"['D3', 'R7', 'R1', 'R11', 'R26', 'R5', 'R14', 'R17', 'R2', 'R3', 'R12', 'R10', 'R23', 'R6', 'R13', 'R20', 'R28', 'R24', 'R8', 'R70']"
2479507.0903715203,105.4468763478324,9.362349639271926,"['D3', 'R1', 'R7', 'R6', 'R13', 'R20', 'R28', 'R12', 'R3', 'R10', 'R23', 'R70', 'R17', 'R14', 'R2', 'R11', 'R26', 'R5', 'R8', 'R24']"
2480255.1893254686,113.74433590804085,10.48102192188732,"['D3', 'R1', 'R7', 'R28', 'R6', 'R13', 'R20', 'R10', 'R3', 'R12', 'R2', 'R17', 'R14', 'R26', 'R11', 'R5', 'R23', 'R70', 'R8', 'R24']"
