total_cost,total_distance,total_fuel_consumed,route
2479712.8643993465,107.72919697589535,9.788764820886653,"['D3', 'R1', 'R7', 'R6', 'R23', 'R10', 'R12', 'R3', 'R11', 'R5', 'R26', 'R17', 'R14', 'R2', 'R70', 'R20', 'R13', 'R28', 'R24', 'R8']"
2482457.835018542,138.1747451036165,12.878509685317216,"['D3', 'R1', 'R7', 'R6', 'R3', 'R12', 'R10', 'R2', 'R14', 'R17', 'R26', 'R5', 'R11', 'R13', 'R20', 'R23', 'R28', 'R24', 'R70', 'R8']"
2480479.8499595085,116.23613530953901,10.729926431573821,"['D3', 'R1', 'R7', 'R6', 'R13', 'R28', 'R5', 'R26', 'R17', 'R14', 'R2', 'R11', 'R10', 'R3', 'R12', 'R70', 'R23', 'R20', 'R8', 'R24']"
2482271.7798932465,136.1111345746021,12.391522575295177,"['D3', 'R28', 'R7', 'R1', 'R10', 'R3', 'R12', 'R11', 'R26', 'R14', 'R17', 'R2', 'R5', 'R8', 'R20', 'R13', 'R6', 'R23', 'R70', 'R24']"
2480032.704847323,111.27667310694815,10.13848769456981,"['D3', 'R1', 'R7', 'R6', 'R28', 'R11', 'R26', 'R14', 'R17', 'R2', 'R5', 'R12', 'R3', 'R10', 'R70', 'R23', 'R13', 'R20', 'R24', 'R8']"
