total_cost,total_distance,total_fuel_consumed,route
2480532.232086578,116.81712607118499,10.72598778708866,"['D3', 'R7', 'R1', 'R26', 'R17', 'R14', 'R2', 'R11', 'R5', 'R28', 'R6', 'R13', 'R23', 'R3', 'R12', 'R10', 'R70', 'R20', 'R24', 'R8']"
2479472.925150139,105.06793644785874,9.689093305570736,"['D3', 'R7', 'R1', 'R5', 'R26', 'R11', 'R17', 'R14', 'R2', 'R12', 'R3', 'R10', 'R70', 'R23', 'R6', 'R13', 'R28', 'R20', 'R24', 'R8']"
2480088.0455712243,111.8904788290217,10.357096287408456,"['D3', 'R7', 'R1', 'R17', 'R14', 'R2', 'R26', 'R11', 'R5', 'R3', 'R12', 'R10', 'R23', 'R20', 'R13', 'R6', 'R28', 'R24', 'R8', 'R70']"
2480830.2557055266,120.12262317575653,10.44831884676851,"['D3', 'R7', 'R1', 'R6', 'R13', 'R20', 'R24', 'R26', 'R11', 'R5', 'R17', 'R14', 'R2', 'R12', 'R3', 'R10', 'R70', 'R23', 'R28', 'R8']"
2479476.138887937,105.10358127703185,9.549516622647936,"['D3', 'R6', 'R28', 'R7', 'R1', 'R11', 'R14', 'R17', 'R2', 'R26', 'R5', 'R12', 'R3', 'R10', 'R70', 'R23', 'R20', 'R13', 'R24', 'R8']"
