total_cost,total_distance,total_fuel_consumed,route
2482849.767615889,142.52182360125215,13.193504495938537,"['D3', 'R28', 'R20', 'R6', 'R7', 'R1', 'R5', 'R11', 'R17', 'R14', 'R2', 'R26', 'R12', 'R3', 'R10', 'R23', 'R13', 'R8', 'R70', 'R24']"
2481037.6334772496,122.42273155778672,11.235294662834965,"['D3', 'R1', 'R7', 'R28', 'R13', 'R6', 'R20', 'R3', 'R12', 'R10', 'R14', 'R17', 'R2', 'R5', 'R26', 'R11', 'R70', 'R23', 'R8', 'R24']"
2480265.9217721787,113.86337369319901,10.407326506153842,"['D3', 'R28', 'R5', 'R26', 'R14', 'R17', 'R2', 'R11', 'R1', 'R7', 'R6', 'R20', 'R13', 'R12', 'R3', 'R10', 'R23', 'R70', 'R8', 'R24']"
2482025.207924905,133.37630795147803,12.114775082915807,"['D3', 'R1', 'R3', 'R12', 'R10', 'R7', 'R28', 'R6', 'R23', 'R13', 'R20', 'R17', 'R14', 'R2', 'R5', 'R26', 'R11', 'R70', 'R24', 'R8']"
2480102.5893002516,112.05178904449923,10.24468584256945,"['D3', 'R1', 'R7', 'R13', 'R6', 'R20', 'R23', 'R10', 'R12', 'R3', 'R2', 'R17', 'R14', 'R11', 'R26', 'R5', 'R28', 'R24', 'R8', 'R70']"
