total_cost,total_distance,total_fuel_consumed,route
2481087.3592588054,122.97425974717359,11.488837289523456,"['D3', 'R7', 'R1', 'R5', 'R11', 'R14', 'R17', 'R2', 'R26', 'R12', 'R3', 'R10', 'R23', 'R20', 'R13', 'R6', 'R28', 'R8', 'R24', 'R70']"
2479180.7901372495,101.82775218777418,9.19283325053011,"['D3', 'R5', 'R11', 'R26', 'R14', 'R17', 'R2', 'R70', 'R12', 'R3', 'R10', 'R23', 'R6', 'R7', 'R1', 'R28', 'R13', 'R20', 'R24', 'R8']"
2482916.145333479,143.2580449587339,13.10538509789811,"['D3', 'R1', 'R7', 'R6', 'R28', 'R13', 'R12', 'R3', 'R10', 'R17', 'R14', 'R2', 'R23', 'R11', 'R26', 'R5', 'R20', 'R70', 'R8', 'R24']"
2480377.8307711133,115.10460038946086,10.567917410396122,"['D3', 'R7', 'R1', 'R11', 'R2', 'R14', 'R17', 'R26', 'R5', 'R6', 'R13', 'R28', 'R20', 'R23', 'R10', 'R3', 'R12', 'R70', 'R24', 'R8']"
2482157.456185297,134.84312539149582,12.44123129312445,"['D3', 'R7', 'R1', 'R28', 'R6', 'R13', 'R20', 'R10', 'R12', 'R3', 'R11', 'R26', 'R5', 'R17', 'R2', 'R14', 'R8', 'R23', 'R70', 'R24']"
