total_cost,total_distance,total_fuel_consumed,route
2480655.7067201016,118.18663176687909,10.763432686513077,"['D3', 'R1', 'R7', 'R26', 'R11', 'R5', 'R17', 'R14', 'R2', 'R6', 'R20', 'R13', 'R28', 'R12', 'R3', 'R10', 'R23', 'R70', 'R8', 'R24']"
2481294.209374043,125.26851568371153,11.405500694853037,"['D3', 'R17', 'R14', 'R2', 'R26', 'R5', 'R11', 'R6', 'R7', 'R28', 'R20', 'R13', 'R1', 'R12', 'R3', 'R10', 'R23', 'R70', 'R24', 'R8']"
2481835.4479673724,131.27160567183438,11.965407772348955,"['D3', 'R1', 'R7', 'R28', 'R6', 'R13', 'R23', 'R10', 'R12', 'R3', 'R20', 'R17', 'R14', 'R2', 'R26', 'R11', 'R5', 'R70', 'R24', 'R8']"
2480624.806319903,117.84390328197628,10.869746644685925,"['D3', 'R5', 'R2', 'R17', 'R14', 'R26', 'R11', 'R1', 'R7', 'R28', 'R6', 'R20', 'R13', 'R12', 'R3', 'R10', 'R23', 'R70', 'R24', 'R8']"
2483430.9491252583,148.96793617189888,13.383503244287843,"['D3', 'R28', 'R7', 'R3', 'R1', 'R5', 'R11', 'R14', 'R17', 'R2', 'R26', 'R6', 'R13', 'R24', 'R23', 'R10', 'R12', 'R70', 'R20', 'R8']"
