total_cost,total_distance,total_fuel_consumed,route
2480770.3676595394,119.45838131699,11.010103692483227,"['D3', 'R6', 'R28', 'R1', 'R7', 'R5', 'R26', 'R11', 'R2', 'R17', 'R14', 'R3', 'R12', 'R10', 'R23', 'R13', 'R20', 'R24', 'R8', 'R70']"
2480484.340063831,116.28593682155082,10.726568241471472,"['D3', 'R6', 'R13', 'R28', 'R7', 'R1', 'R11', 'R5', 'R26', 'R14', 'R17', 'R2', 'R12', 'R3', 'R10', 'R23', 'R20', 'R24', 'R8', 'R70']"
2480759.798956085,119.34115967264452,11.129106291608155,"['D3', 'R7', 'R1', 'R26', 'R5', 'R11', 'R2', 'R17', 'R14', 'R3', 'R12', 'R10', 'R23', 'R13', 'R6', 'R20', 'R28', 'R70', 'R8', 'R24']"
2480059.3587336945,111.57230183778036,10.099321934781916,"['D3', 'R7', 'R1', 'R28', 'R13', 'R6', 'R3', 'R12', 'R10', 'R70', 'R2', 'R14', 'R17', 'R26', 'R5', 'R11', 'R23', 'R20', 'R24', 'R8']"
2480770.8028728147,119.46320843850025,10.917000636110943,"['D3', 'R7', 'R1', 'R6', 'R28', 'R13', 'R20', 'R3', 'R12', 'R14', 'R17', 'R2', 'R11', 'R5', 'R26', 'R10', 'R70', 'R23', 'R24', 'R8']"
