total_cost,total_distance,total_fuel_consumed,route
2480554.358000357,117.06253327814369,10.789119446812796,"['D3', 'R1', 'R7', 'R28', 'R6', 'R12', 'R3', 'R10', 'R14', 'R17', 'R2', 'R11', 'R26', 'R5', 'R13', 'R20', 'R23', 'R70', 'R8', 'R24']"
2483318.13769868,147.71670029591948,13.745456569830885,"['D3', 'R7', 'R1', 'R5', 'R14', 'R17', 'R2', 'R11', 'R26', 'R13', 'R6', 'R28', 'R3', 'R12', 'R10', 'R23', 'R20', 'R8', 'R70', 'R24']"
2479602.51332145,106.50524979425603,9.496727605658307,"['D3', 'R1', 'R7', 'R28', 'R6', 'R13', 'R20', 'R3', 'R12', 'R10', 'R23', 'R70', 'R5', 'R26', 'R11', 'R14', 'R17', 'R2', 'R8', 'R24']"
2481502.6329736537,127.58022375393276,11.772330844129206,"['D3', 'R7', 'R1', 'R6', 'R13', 'R28', 'R3', 'R12', 'R10', 'R2', 'R17', 'R14', 'R11', 'R26', 'R5', 'R23', 'R20', 'R70', 'R8', 'R24']"
2479948.3622643254,110.34119636563827,10.310038710714565,"['D3', 'R7', 'R1', 'R5', 'R26', 'R11', 'R17', 'R14', 'R2', 'R3', 'R12', 'R10', 'R23', 'R6', 'R13', 'R20', 'R28', 'R24', 'R8', 'R70']"
