total_cost,total_distance,total_fuel_consumed,route
2481107.600145456,123.19875937728163,11.455362161927273,"['D3', 'R7', 'R1', 'R6', 'R28', 'R11', 'R26', 'R5', 'R14', 'R17', 'R2', 'R3', 'R12', 'R10', 'R23', 'R20', 'R13', 'R70', 'R24', 'R8']"
2481508.86818588,127.64938094365998,11.609991524427626,"['D3', 'R1', 'R7', 'R6', 'R5', 'R11', 'R14', 'R17', 'R2', 'R26', 'R28', 'R13', 'R23', 'R20', 'R10', 'R3', 'R12', 'R70', 'R24', 'R8']"
2480846.263913201,120.3001764995658,11.081522882440613,"['D3', 'R7', 'R1', 'R11', 'R5', 'R14', 'R17', 'R2', 'R26', 'R28', 'R6', 'R20', 'R13', 'R3', 'R12', 'R10', 'R23', 'R70', 'R24', 'R8']"
2482159.025650066,134.8605329421756,12.238933546679421,"['D3', 'R11', 'R14', 'R17', 'R2', 'R7', 'R1', 'R20', 'R28', 'R26', 'R5', 'R3', 'R12', 'R10', 'R23', 'R6', 'R13', 'R70', 'R8', 'R24']"
2481665.751454414,129.38943494247889,11.811200478416925,"['D3', 'R6', 'R7', 'R1', 'R5', 'R11', 'R14', 'R17', 'R2', 'R26', 'R13', 'R20', 'R28', 'R10', 'R12', 'R3', 'R23', 'R70', 'R24', 'R8']"
