total_cost,total_distance,total_fuel_consumed,route
2217263.9893996413,80.567761752899,7.146718488313965,"['D4', 'R9', 'R21', 'R16', 'R18', 'R4', 'R36', 'R27', 'R30', 'R35', 'R38', 'R22', 'R15', 'R31', 'R37', 'R33', 'R32', 'R34']"
2217053.5650968733,78.23386309752752,6.778849221374395,"['D4', 'R21', 'R18', 'R16', 'R31', 'R9', 'R33', 'R37', 'R4', 'R36', 'R27', 'R30', 'R35', 'R22', 'R38', 'R32', 'R15', 'R34']"
2216043.8549042894,67.03477045574493,5.774934476881897,"['D4', 'R33', 'R37', 'R16', 'R18', 'R21', 'R9', 'R31', 'R32', 'R15', 'R22', 'R27', 'R4', 'R36', 'R35', 'R38', 'R30', 'R34']"
2215220.64130911,57.90418488365144,5.00457403378191,"['D4', 'R37', 'R33', 'R9', 'R21', 'R16', 'R18', 'R31', 'R27', 'R4', 'R32', 'R15', 'R36', 'R30', 'R35', 'R38', 'R22', 'R34']"
2215827.0611424726,64.63022562636304,5.4448250426369205,"['D4', 'R21', 'R16', 'R18', 'R9', 'R33', 'R37', 'R31', 'R4', 'R32', 'R15', 'R22', 'R27', 'R36', 'R30', 'R35', 'R38', 'R34']"
