total_cost,total_distance,total_fuel_consumed,route
2216699.9555802746,74.31184095246886,6.619096623053279,"['D4', 'R9', 'R37', 'R33', 'R21', 'R16', 'R18', 'R15', 'R32', 'R36', 'R27', 'R38', 'R30', 'R35', 'R4', 'R22', 'R31', 'R34']"
2215587.201601032,61.96984916850685,5.298710352648954,"['D4', 'R21', 'R16', 'R9', 'R37', 'R33', 'R18', 'R31', 'R15', 'R32', 'R36', 'R27', 'R38', 'R35', 'R30', 'R4', 'R22', 'R34']"
2216568.220252679,72.85071265172317,6.3009168421799,"['D4', 'R16', 'R18', 'R21', 'R9', 'R37', 'R33', 'R31', 'R36', 'R27', 'R38', 'R35', 'R30', 'R22', 'R4', 'R32', 'R15', 'R34']"
2216853.7251331476,76.01735950696364,6.655510667131575,"['D4', 'R37', 'R33', 'R16', 'R18', 'R21', 'R9', 'R32', 'R4', 'R22', 'R27', 'R36', 'R38', 'R35', 'R30', 'R15', 'R31', 'R34']"
2218424.6565509937,93.44117736240096,8.385432757615817,"['D4', 'R9', 'R16', 'R21', 'R18', 'R31', 'R15', 'R36', 'R27', 'R22', 'R30', 'R32', 'R4', 'R38', 'R35', 'R37', 'R33', 'R34']"
