total_cost,total_distance,total_fuel_consumed,route
2215963.1140150703,66.13924151586647,5.87014853848235,"['D4', 'R37', 'R33', 'R9', 'R16', 'R18', 'R21', 'R31', 'R32', 'R15', 'R4', 'R27', 'R36', 'R38', 'R35', 'R30', 'R34', 'R22']"
2214899.5404984327,54.342729574449805,4.756221189711768,"['D4', 'R33', 'R37', 'R9', 'R21', 'R18', 'R16', 'R31', 'R32', 'R15', 'R4', 'R27', 'R36', 'R30', 'R38', 'R22', 'R35', 'R34']"
2215227.2317186994,57.97728170696174,5.016764346523125,"['D4', 'R33', 'R37', 'R9', 'R18', 'R16', 'R21', 'R31', 'R32', 'R15', 'R4', 'R30', 'R27', 'R36', 'R35', 'R38', 'R22', 'R34']"
2215161.1973994547,57.244869115515,5.062232695407812,"['D4', 'R37', 'R33', 'R9', 'R16', 'R18', 'R21', 'R31', 'R15', 'R32', 'R36', 'R27', 'R38', 'R35', 'R30', 'R22', 'R4', 'R34']"
2214950.8684348115,54.912027892765174,4.772504932695921,"['D4', 'R33', 'R37', 'R9', 'R16', 'R18', 'R21', 'R31', 'R32', 'R15', 'R4', 'R36', 'R27', 'R38', 'R35', 'R30', 'R22', 'R34']"
