total_cost,total_distance,total_fuel_consumed,route
2216800.8434826257,75.4308283343583,6.355884691499021,"['D4', 'R9', 'R33', 'R37', 'R15', 'R32', 'R4', 'R36', 'R27', 'R22', 'R30', 'R35', 'R38', 'R34', 'R31', 'R18', 'R16', 'R21']"
2215240.5806306032,58.12533973606551,5.029145448851879,"['D4', 'R9', 'R37', 'R33', 'R18', 'R16', 'R21', 'R31', 'R15', 'R32', 'R27', 'R36', 'R4', 'R38', 'R35', 'R30', 'R22', 'R34']"
2214249.5190722523,47.13308642693753,4.12075802054603,"['D4', 'R37', 'R33', 'R9', 'R21', 'R16', 'R18', 'R31', 'R15', 'R32', 'R4', 'R27', 'R36', 'R30', 'R35', 'R38', 'R22', 'R34']"
2214499.9054038124,49.91021965186826,4.36545907227085,"['D4', 'R33', 'R37', 'R9', 'R21', 'R16', 'R18', 'R31', 'R15', 'R32', 'R4', 'R27', 'R36', 'R22', 'R35', 'R30', 'R38', 'R34']"
2215301.980740113,58.80635248572395,5.122290867694974,"['D4', 'R9', 'R37', 'R33', 'R21', 'R16', 'R18', 'R31', 'R15', 'R32', 'R22', 'R38', 'R30', 'R35', 'R27', 'R36', 'R4', 'R34']"
