total_cost,total_distance,total_fuel_consumed,route
2215719.635851885,63.4387295018351,5.525922078909053,"['D4', 'R33', 'R37', 'R9', 'R18', 'R16', 'R21', 'R31', 'R22', 'R36', 'R27', 'R4', 'R15', 'R32', 'R38', 'R35', 'R30', 'R34']"
2215568.9705015877,61.767640878302295,5.290929149398957,"['D4', 'R33', 'R37', 'R21', 'R18', 'R16', 'R9', 'R31', 'R15', 'R27', 'R36', 'R32', 'R4', 'R22', 'R38', 'R30', 'R35', 'R34']"
2218190.849246039,90.847928638412,8.140639418304085,"['D4', 'R37', 'R33', 'R16', 'R21', 'R18', 'R31', 'R22', 'R38', 'R4', 'R15', 'R32', 'R27', 'R36', 'R30', 'R35', 'R9', 'R34']"
2216172.6517636254,68.46330704997297,5.861218479061082,"['D4', 'R37', 'R33', 'R31', 'R21', 'R18', 'R16', 'R9', 'R15', 'R32', 'R4', 'R38', 'R27', 'R36', 'R22', 'R35', 'R30', 'R34']"
2216674.5897204066,74.0304982298909,6.443087673632593,"['D4', 'R33', 'R37', 'R9', 'R18', 'R16', 'R21', 'R15', 'R31', 'R35', 'R36', 'R27', 'R30', 'R38', 'R22', 'R4', 'R32', 'R34']"
