total_cost,total_distance,total_fuel_consumed,route
2480548.9530347814,117.0025846803621,10.89724468229178,"['D1', 'R13', 'R20', 'R6', 'R7', 'R1', 'R10', 'R3', 'R12', 'R14', 'R17', 'R2', 'R11', 'R26', 'R5', 'R28', 'R23', 'R70', 'R24', 'R8']"
2479659.006055883,107.13183291795966,9.838917467134593,"['D1', 'R13', 'R20', 'R6', 'R1', 'R7', 'R28', 'R26', 'R5', 'R11', 'R14', 'R17', 'R2', 'R3', 'R12', 'R10', 'R70', 'R23', 'R24', 'R8']"
2479401.125589672,104.27157929982533,9.583709937337673,"['D1', 'R13', 'R20', 'R6', 'R28', 'R7', 'R1', 'R17', 'R14', 'R2', 'R26', 'R5', 'R11', 'R12', 'R3', 'R10', 'R23', 'R70', 'R8', 'R24']"
2480647.742104551,118.09829308507945,10.77038655588703,"['D1', 'R6', 'R2', 'R14', 'R17', 'R11', 'R26', 'R5', 'R1', 'R7', 'R28', 'R13', 'R20', 'R3', 'R12', 'R10', 'R70', 'R23', 'R24', 'R8']"
2479441.4790705866,104.71915561874877,9.588660434813892,"['D1', 'R6', 'R13', 'R28', 'R7', 'R1', 'R26', 'R5', 'R11', 'R14', 'R17', 'R2', 'R10', 'R3', 'R12', 'R70', 'R23', 'R20', 'R24', 'R8']"
