total_cost,total_distance,total_fuel_consumed,route
2482046.676348054,133.61442267140544,12.179063012852362,"['D1', 'R28', 'R13', 'R5', 'R26', 'R17', 'R14', 'R2', 'R11', 'R3', 'R12', 'R10', 'R1', 'R6', 'R20', 'R7', 'R23', 'R70', 'R24', 'R8']"
2481457.9461447727,127.0845845693444,11.438610762535886,"['D1', 'R20', 'R13', 'R28', 'R7', 'R1', 'R12', 'R3', 'R70', 'R10', 'R5', 'R11', 'R26', 'R14', 'R2', 'R17', 'R8', 'R23', 'R6', 'R24']"
2484635.776178338,162.33114660978,14.838562452439932,"['D1', 'R6', 'R12', 'R3', 'R1', 'R7', 'R28', 'R2', 'R14', 'R17', 'R26', 'R11', 'R10', 'R13', 'R23', 'R5', 'R70', 'R20', 'R8', 'R24']"
2481243.86704819,124.71014915915869,11.39536722087623,"['D1', 'R20', 'R13', 'R7', 'R14', 'R2', 'R17', 'R11', 'R5', 'R26', 'R12', 'R3', 'R1', 'R6', 'R28', 'R10', 'R70', 'R23', 'R24', 'R8']"
2481178.3888311516,123.9839045158766,11.331683903014367,"['D1', 'R6', 'R13', 'R28', 'R7', 'R26', 'R14', 'R17', 'R2', 'R11', 'R1', 'R5', 'R3', 'R12', 'R10', 'R70', 'R23', 'R20', 'R8', 'R24']"
