total_cost,total_distance,total_fuel_consumed,route
2480273.103099191,113.94302461392454,10.582388333808673,"['D1', 'R13', 'R6', 'R1', 'R7', 'R28', 'R5', 'R26', 'R11', 'R2', 'R17', 'R14', 'R12', 'R3', 'R10', 'R23', 'R20', 'R24', 'R8', 'R70']"
2480366.514009283,114.97908173561535,10.678560153608773,"['D1', 'R13', 'R6', 'R28', 'R1', 'R7', 'R11', 'R26', 'R5', 'R14', 'R17', 'R2', 'R3', 'R12', 'R10', 'R23', 'R20', 'R70', 'R8', 'R24']"
2480211.5712930844,113.2605511655332,10.527636904030203,"['D1', 'R13', 'R6', 'R28', 'R1', 'R7', 'R5', 'R26', 'R11', 'R2', 'R17', 'R14', 'R12', 'R3', 'R10', 'R23', 'R20', 'R24', 'R8', 'R70']"
2480239.973971104,113.5755764319461,10.325936305364348,"['D1', 'R13', 'R6', 'R7', 'R1', 'R28', 'R20', 'R23', 'R3', 'R12', 'R10', 'R14', 'R17', 'R2', 'R11', 'R5', 'R26', 'R70', 'R8', 'R24']"
2480601.270499477,117.58285824620435,10.895403070573915,"['D1', 'R13', 'R6', 'R7', 'R1', 'R3', 'R12', 'R10', 'R11', 'R26', 'R5', 'R2', 'R17', 'R14', 'R28', 'R20', 'R23', 'R70', 'R8', 'R24']"
