total_cost,total_distance,total_fuel_consumed,route
2482355.385371912,137.03843580204207,12.61877401537746,"['D1', 'R6', 'R13', 'R7', 'R14', 'R17', 'R2', 'R26', 'R11', 'R5', 'R10', 'R3', 'R12', 'R23', 'R1', 'R28', 'R20', 'R70', 'R24', 'R8']"
2481287.524710714,125.19437345512821,11.545834649078934,"['D1', 'R13', 'R6', 'R7', 'R11', 'R26', 'R5', 'R17', 'R14', 'R2', 'R1', 'R12', 'R3', 'R10', 'R20', 'R28', 'R23', 'R70', 'R8', 'R24']"
2483178.3245163066,146.16597733259138,13.511060479445494,"['D1', 'R13', 'R7', 'R2', 'R14', 'R17', 'R26', 'R11', 'R5', 'R1', 'R28', 'R6', 'R20', 'R12', 'R3', 'R10', 'R23', 'R8', 'R70', 'R24']"
2483910.5002631447,154.2868263436649,13.933855276921488,"['D1', 'R13', 'R11', 'R26', 'R1', 'R12', 'R3', 'R10', 'R20', 'R7', 'R28', 'R6', 'R23', 'R14', 'R17', 'R2', 'R5', 'R8', 'R70', 'R24']"
2481621.5245606434,128.89889707901023,11.596761262475047,"['D1', 'R13', 'R2', 'R14', 'R17', 'R11', 'R26', 'R5', 'R70', 'R10', 'R3', 'R12', 'R7', 'R1', 'R6', 'R20', 'R28', 'R23', 'R24', 'R8']"
