total_cost,total_distance,total_fuel_consumed,route
2480864.501224453,120.50245368736526,11.189171856644263,"['D1', 'R20', 'R13', 'R1', 'R7', 'R5', 'R26', 'R11', 'R17', 'R14', 'R2', 'R12', 'R3', 'R10', 'R23', 'R6', 'R28', 'R70', 'R24', 'R8']"
2480523.980369279,116.7256030310444,10.659664846905626,"['D1', 'R20', 'R13', 'R28', 'R6', 'R26', 'R11', 'R2', 'R14', 'R17', 'R5', 'R7', 'R1', 'R3', 'R12', 'R10', 'R23', 'R70', 'R24', 'R8']"
2478751.025429692,97.06106288478651,8.805516197138605,"['D1', 'R20', 'R13', 'R6', 'R7', 'R1', 'R11', 'R5', 'R26', 'R17', 'R14', 'R2', 'R70', 'R12', 'R3', 'R10', 'R23', 'R28', 'R24', 'R8']"
2481078.447323564,122.87541397031842,11.48957299927554,"['D1', 'R20', 'R13', 'R6', 'R7', 'R1', 'R11', 'R5', 'R26', 'R14', 'R17', 'R2', 'R3', 'R10', 'R12', 'R23', 'R28', 'R70', 'R24', 'R8']"
2482082.3648683373,134.01025807827762,12.366766313384085,"['D1', 'R13', 'R1', 'R7', 'R6', 'R3', 'R10', 'R12', 'R14', 'R17', 'R2', 'R11', 'R5', 'R26', 'R28', 'R20', 'R70', 'R23', 'R8', 'R24']"
