total_cost,total_distance,total_fuel_consumed,route
2216336.1834946,70.27710175909567,6.219294546809873,"['D6', 'R30', 'R36', 'R27', 'R35', 'R38', 'R22', 'R15', 'R32', 'R4', 'R18', 'R16', 'R21', 'R9', 'R33', 'R37', 'R31', 'R34']"
2216563.834985245,72.80207392685577,6.457044721386453,"['D6', 'R38', 'R22', 'R27', 'R36', 'R4', 'R32', 'R15', 'R18', 'R16', 'R21', 'R31', 'R37', 'R33', 'R9', 'R35', 'R30', 'R34']"
2215831.504058334,64.67950375259586,5.7177637071219465,"['D6', 'R36', 'R27', 'R30', 'R38', 'R35', 'R4', 'R32', 'R15', 'R31', 'R16', 'R18', 'R21', 'R9', 'R37', 'R33', 'R22', 'R34']"
2215591.762711973,62.02043824282349,5.4590255277198345,"['D6', 'R30', 'R27', 'R36', 'R4', 'R15', 'R32', 'R31', 'R16', 'R18', 'R21', 'R9', 'R33', 'R37', 'R22', 'R38', 'R35', 'R34']"
2215815.5733613237,64.5028101300315,5.75667257398778,"['D6', 'R30', 'R35', 'R38', 'R22', 'R4', 'R27', 'R36', 'R15', 'R32', 'R31', 'R21', 'R16', 'R18', 'R9', 'R37', 'R33', 'R34']"
