total_cost,total_distance,total_fuel_consumed,route
2216360.3521527844,70.54516584720861,6.235634631462391,"['D6', 'R35', 'R30', 'R36', 'R27', 'R22', 'R38', 'R4', 'R15', 'R32', 'R21', 'R16', 'R31', 'R18', 'R9', 'R37', 'R33', 'R34']"
2215937.7687473046,65.85812718838042,5.908880703126663,"['D6', 'R30', 'R38', 'R36', 'R27', 'R22', 'R4', 'R32', 'R15', 'R31', 'R18', 'R16', 'R21', 'R9', 'R33', 'R37', 'R35', 'R34']"
2216593.7222231007,73.1335650299514,6.438095359585036,"['D6', 'R22', 'R27', 'R36', 'R38', 'R35', 'R30', 'R4', 'R15', 'R18', 'R16', 'R31', 'R33', 'R37', 'R9', 'R21', 'R32', 'R34']"
2216544.8344742847,72.59133179109274,6.329055762202476,"['D6', 'R35', 'R36', 'R27', 'R4', 'R22', 'R32', 'R31', 'R18', 'R16', 'R21', 'R9', 'R33', 'R37', 'R15', 'R38', 'R30', 'R34']"
2218181.913477359,90.74881851552071,8.087208438108352,"['D6', 'R36', 'R27', 'R22', 'R4', 'R15', 'R32', 'R21', 'R16', 'R18', 'R31', 'R30', 'R38', 'R35', 'R9', 'R37', 'R33', 'R34']"
