total_cost,total_distance,total_fuel_consumed,route
2216203.2382188817,68.8025534481089,6.093127174998517,"['D6', 'R30', 'R35', 'R27', 'R36', 'R4', 'R32', 'R15', 'R16', 'R18', 'R21', 'R31', 'R37', 'R33', 'R9', 'R38', 'R22', 'R34']"
2216058.272065336,67.19467685599116,5.949982833005414,"['D6', 'R38', 'R35', 'R36', 'R27', 'R4', 'R32', 'R15', 'R31', 'R18', 'R16', 'R21', 'R37', 'R33', 'R9', 'R22', 'R30', 'R34']"
2217601.4092874825,84.31021836161156,7.396346754865095,"['D6', 'R30', 'R22', 'R38', 'R27', 'R36', 'R4', 'R21', 'R16', 'R18', 'R31', 'R15', 'R32', 'R35', 'R34', 'R37', 'R33', 'R9']"
2217188.4032145636,79.72940566285635,6.915966263693691,"['D6', 'R27', 'R36', 'R4', 'R32', 'R15', 'R30', 'R35', 'R22', 'R38', 'R9', 'R37', 'R33', 'R18', 'R16', 'R21', 'R31', 'R34']"
2215657.079701133,62.7448946443335,5.622637653614248,"['D6', 'R27', 'R36', 'R30', 'R35', 'R38', 'R22', 'R4', 'R32', 'R15', 'R16', 'R18', 'R31', 'R21', 'R9', 'R37', 'R33', 'R34']"
