total_cost,total_distance,total_fuel_consumed,route
2216794.497288461,75.36044020032571,6.738949899901405,"['D6', 'R30', 'R35', 'R38', 'R36', 'R27', 'R4', 'R22', 'R32', 'R16', 'R18', 'R21', 'R31', 'R15', 'R37', 'R33', 'R9', 'R34']"
2218227.358471255,91.25286680628483,8.107311022318067,"['D6', 'R36', 'R27', 'R38', 'R30', 'R32', 'R4', 'R22', 'R18', 'R21', 'R16', 'R31', 'R15', 'R9', 'R33', 'R37', 'R34', 'R35']"
2216385.709057945,70.82640924961319,6.246585409573617,"['D6', 'R30', 'R38', 'R27', 'R36', 'R22', 'R35', 'R4', 'R15', 'R32', 'R31', 'R16', 'R18', 'R21', 'R33', 'R37', 'R9', 'R34']"
2217322.0581952594,81.21182559072534,7.108211935049919,"['D6', 'R27', 'R36', 'R32', 'R4', 'R22', 'R35', 'R38', 'R30', 'R15', 'R9', 'R31', 'R16', 'R18', 'R21', 'R33', 'R37', 'R34']"
2216059.0943033895,67.20379662144659,5.894454371212557,"['D6', 'R36', 'R27', 'R38', 'R30', 'R35', 'R22', 'R31', 'R16', 'R18', 'R21', 'R33', 'R37', 'R9', 'R15', 'R32', 'R4', 'R34']"
