total_cost,total_distance,total_fuel_consumed,route
2216422.7496217224,71.23724070233072,6.297391214898321,"['D6', 'R35', 'R30', 'R36', 'R27', 'R38', 'R22', 'R4', 'R32', 'R18', 'R16', 'R9', 'R21', 'R37', 'R33', 'R31', 'R15', 'R34']"
2217488.52008336,83.0581198243116,7.332985633008088,"['D6', 'R22', 'R27', 'R36', 'R38', 'R35', 'R30', 'R18', 'R16', 'R21', 'R31', 'R15', 'R4', 'R32', 'R9', 'R33', 'R37', 'R34']"
2216711.2030789247,74.43659138115478,6.488603789337732,"['D6', 'R36', 'R38', 'R27', 'R22', 'R35', 'R30', 'R32', 'R4', 'R15', 'R31', 'R21', 'R16', 'R33', 'R37', 'R9', 'R18', 'R34']"
2216264.0806628736,69.47738091031034,6.169601492590079,"['D6', 'R30', 'R38', 'R22', 'R27', 'R36', 'R4', 'R15', 'R16', 'R31', 'R21', 'R18', 'R37', 'R33', 'R9', 'R32', 'R35', 'R34']"
2217513.0686036255,83.33039711208507,7.268984408229938,"['D6', 'R22', 'R27', 'R36', 'R32', 'R38', 'R35', 'R30', 'R15', 'R4', 'R31', 'R18', 'R16', 'R9', 'R21', 'R37', 'R33', 'R34']"
