total_cost,total_distance,total_fuel_consumed,route
2215876.6475720652,65.18020820835774,5.770863235840848,"['D6', 'R27', 'R36', 'R38', 'R35', 'R30', 'R4', 'R22', 'R32', 'R15', 'R18', 'R31', 'R16', 'R21', 'R9', 'R33', 'R37', 'R34']"
2215701.5137580438,63.237730235622706,5.649627351085388,"['D6', 'R30', 'R36', 'R27', 'R35', 'R38', 'R22', 'R4', 'R32', 'R15', 'R31', 'R18', 'R16', 'R21', 'R9', 'R33', 'R37', 'R34']"
2215739.9525046605,63.664069483813876,5.745499881315652,"['D6', 'R30', 'R38', 'R22', 'R27', 'R36', 'R4', 'R32', 'R15', 'R18', 'R31', 'R16', 'R21', 'R9', 'R33', 'R37', 'R35', 'R34']"
2217017.8291943916,77.83750215607503,6.86395835452937,"['D6', 'R30', 'R38', 'R22', 'R4', 'R36', 'R27', 'R35', 'R18', 'R15', 'R32', 'R21', 'R16', 'R31', 'R9', 'R33', 'R37', 'R34']"
2215925.3237506356,65.72009483846297,5.858710145241668,"['D6', 'R30', 'R35', 'R38', 'R27', 'R36', 'R4', 'R22', 'R18', 'R32', 'R15', 'R31', 'R16', 'R21', 'R9', 'R37', 'R33', 'R34']"
