total_cost,total_distance,total_fuel_consumed,route
2217059.1524848654,78.29583501403687,6.88426345251069,"['D6', 'R36', 'R32', 'R4', 'R27', 'R30', 'R38', 'R35', 'R22', 'R18', 'R16', 'R31', 'R15', 'R21', 'R9', 'R37', 'R33', 'R34']"
2216505.274962989,72.15256170130014,6.339359414241426,"['D6', 'R35', 'R38', 'R30', 'R36', 'R22', 'R27', 'R32', 'R18', 'R4', 'R15', 'R31', 'R16', 'R21', 'R9', 'R33', 'R37', 'R34']"
2217639.6301791053,84.73414129442484,7.411496037568426,"['D6', 'R27', 'R36', 'R30', 'R22', 'R15', 'R32', 'R4', 'R18', 'R21', 'R31', 'R16', 'R9', 'R33', 'R37', 'R34', 'R35', 'R38']"
2219493.301301761,105.2939363549365,9.215195530631924,"['D6', 'R22', 'R30', 'R36', 'R27', 'R18', 'R15', 'R4', 'R31', 'R21', 'R16', 'R35', 'R38', 'R37', 'R33', 'R9', 'R32', 'R34']"
2217552.643493665,83.76933777356682,7.261081578732861,"['D6', 'R27', 'R36', 'R38', 'R30', 'R22', 'R35', 'R4', 'R37', 'R33', 'R9', 'R21', 'R31', 'R15', 'R18', 'R16', 'R32', 'R34']"
