total_cost,total_distance,total_fuel_consumed,route
2216062.670119912,67.24345740807523,5.832098066690313,"['D6', 'R36', 'R27', 'R4', 'R15', 'R32', 'R18', 'R16', 'R31', 'R21', 'R33', 'R37', 'R9', 'R22', 'R30', 'R35', 'R38', 'R34']"
2216687.844574524,74.17751302710926,6.598755022937678,"['D6', 'R36', 'R27', 'R22', 'R38', 'R30', 'R35', 'R15', 'R18', 'R31', 'R21', 'R16', 'R9', 'R33', 'R37', 'R4', 'R32', 'R34']"
2216607.0397401867,73.28127484679177,6.501470919979317,"['D6', 'R30', 'R38', 'R36', 'R27', 'R22', 'R35', 'R4', 'R15', 'R18', 'R31', 'R21', 'R16', 'R9', 'R37', 'R33', 'R32', 'R34']"
2217614.7691229144,84.45839754785271,7.494983904186528,"['D6', 'R35', 'R30', 'R36', 'R27', 'R38', 'R15', 'R31', 'R21', 'R16', 'R18', 'R32', 'R4', 'R22', 'R9', 'R37', 'R33', 'R34']"
2215677.9182304395,62.976022964061656,5.5277463959697,"['D6', 'R30', 'R27', 'R36', 'R4', 'R32', 'R15', 'R18', 'R21', 'R16', 'R33', 'R37', 'R9', 'R31', 'R22', 'R35', 'R38', 'R34']"
