total_cost,total_distance,total_fuel_consumed,route
2217235.3239200767,80.24982165125235,7.080391843556189,"['D6', 'R27', 'R36', 'R4', 'R18', 'R15', 'R32', 'R30', 'R38', 'R35', 'R22', 'R21', 'R16', 'R31', 'R9', 'R37', 'R33', 'R34']"
2216592.8227666975,73.1235888054332,6.412856529137976,"['D6', 'R4', 'R22', 'R36', 'R27', 'R30', 'R35', 'R38', 'R32', 'R31', 'R18', 'R15', 'R16', 'R21', 'R9', 'R37', 'R33', 'R34']"
2216446.781139499,71.50378371228145,6.358383821902939,"['D6', 'R27', 'R36', 'R4', 'R22', 'R38', 'R35', 'R30', 'R32', 'R31', 'R18', 'R15', 'R16', 'R9', 'R37', 'R33', 'R21', 'R34']"
2215620.320214448,62.337180728127265,5.3889450627209685,"['D6', 'R36', 'R27', 'R4', 'R31', 'R16', 'R21', 'R33', 'R37', 'R9', 'R18', 'R15', 'R32', 'R22', 'R38', 'R35', 'R30', 'R34']"
2217302.1423347583,80.99093095340065,7.134127979736566,"['D6', 'R35', 'R22', 'R38', 'R27', 'R36', 'R15', 'R32', 'R4', 'R18', 'R21', 'R16', 'R31', 'R9', 'R37', 'R33', 'R30', 'R34']"
