total_cost,total_distance,total_fuel_consumed,route
2216035.3418526137,66.9403488533024,5.866172676102379,"['D6', 'R36', 'R27', 'R4', 'R15', 'R32', 'R18', 'R31', 'R16', 'R21', 'R37', 'R33', 'R9', 'R38', 'R35', 'R30', 'R22', 'R34']"
2217203.0615250734,79.89198674660416,7.020430228317666,"['D6', 'R38', 'R22', 'R36', 'R27', 'R4', 'R15', 'R32', 'R30', 'R35', 'R31', 'R18', 'R16', 'R21', 'R37', 'R33', 'R9', 'R34']"
2215762.074771284,63.909436238735694,5.63743532492443,"['D6', 'R30', 'R35', 'R36', 'R27', 'R4', 'R32', 'R18', 'R31', 'R16', 'R21', 'R37', 'R33', 'R9', 'R15', 'R38', 'R22', 'R34']"
2215758.401652513,63.868696234623194,5.710091387901555,"['D6', 'R30', 'R35', 'R22', 'R38', 'R36', 'R27', 'R4', 'R32', 'R15', 'R18', 'R31', 'R21', 'R16', 'R37', 'R33', 'R9', 'R34']"
2215430.256013893,60.22910396953641,5.420425316638537,"['D6', 'R30', 'R35', 'R38', 'R27', 'R36', 'R22', 'R4', 'R32', 'R15', 'R18', 'R31', 'R16', 'R21', 'R37', 'R33', 'R9', 'R34']"
