total_cost,total_distance,total_fuel_consumed,route
2215799.955724357,64.32958877947138,5.7385373811552745,"['D6', 'R30', 'R35', 'R38', 'R27', 'R36', 'R4', 'R32', 'R15', 'R21', 'R16', 'R18', 'R31', 'R33', 'R37', 'R9', 'R22', 'R34']"
2216391.260340322,70.88798070454416,6.249263517450459,"['D6', 'R30', 'R36', 'R27', 'R4', 'R22', 'R35', 'R38', 'R31', 'R16', 'R18', 'R21', 'R9', 'R33', 'R37', 'R15', 'R32', 'R34']"
2215662.7445256077,62.80772543930296,5.588075806696005,"['D6', 'R30', 'R35', 'R36', 'R27', 'R4', 'R32', 'R15', 'R31', 'R18', 'R16', 'R21', 'R9', 'R33', 'R37', 'R38', 'R22', 'R34']"
2215115.0351347276,56.73286529200843,5.115137686606854,"['D6', 'R30', 'R35', 'R38', 'R22', 'R27', 'R36', 'R4', 'R32', 'R15', 'R31', 'R18', 'R16', 'R21', 'R9', 'R33', 'R37', 'R34']"
2217207.0753258197,79.93650538841878,7.239123138961574,"['D6', 'R30', 'R27', 'R36', 'R22', 'R35', 'R38', 'R32', 'R15', 'R31', 'R18', 'R16', 'R21', 'R9', 'R33', 'R37', 'R34', 'R4']"
