total_cost,total_distance,total_fuel_consumed,route
2216219.051856515,68.97794871911017,6.090132880594858,"['D6', 'R30', 'R27', 'R36', 'R4', 'R15', 'R32', 'R31', 'R21', 'R18', 'R16', 'R9', 'R37', 'R33', 'R38', 'R35', 'R22', 'R34']"
2216465.4160538414,71.71047087224402,6.376354093751985,"['D6', 'R30', 'R38', 'R36', 'R27', 'R4', 'R22', 'R15', 'R32', 'R31', 'R16', 'R18', 'R21', 'R9', 'R37', 'R33', 'R35', 'R34']"
2216837.882015413,75.84163726057182,6.6929575463086834,"['D6', 'R27', 'R36', 'R22', 'R30', 'R38', 'R4', 'R15', 'R32', 'R31', 'R21', 'R16', 'R18', 'R33', 'R37', 'R9', 'R35', 'R34']"
2216349.3761350433,70.4234265200045,6.159172872458754,"['D6', 'R27', 'R36', 'R22', 'R4', 'R15', 'R32', 'R31', 'R21', 'R18', 'R16', 'R37', 'R33', 'R9', 'R30', 'R38', 'R35', 'R34']"
2215964.7170113903,66.15702097815273,5.8556075261804,"['D6', 'R30', 'R38', 'R35', 'R36', 'R27', 'R4', 'R15', 'R32', 'R31', 'R21', 'R18', 'R16', 'R9', 'R37', 'R33', 'R22', 'R34']"
