total_cost,total_distance,total_fuel_consumed,route
2217579.895458257,84.07160002503318,7.400664114375907,"['D6', 'R27', 'R36', 'R35', 'R30', 'R4', 'R38', 'R22', 'R32', 'R18', 'R16', 'R31', 'R15', 'R9', 'R21', 'R33', 'R37', 'R34']"
2217022.876176385,77.8934802172266,6.915869541684568,"['D6', 'R35', 'R30', 'R27', 'R38', 'R22', 'R36', 'R4', 'R31', 'R16', 'R18', 'R21', 'R15', 'R32', 'R9', 'R37', 'R33', 'R34']"
2217003.210190871,77.6753570415997,6.802132818673995,"['D6', 'R35', 'R30', 'R32', 'R4', 'R36', 'R27', 'R38', 'R22', 'R16', 'R18', 'R31', 'R15', 'R21', 'R9', 'R33', 'R37', 'R34']"
2216560.436283415,72.7643775889047,6.316975227183835,"['D6', 'R35', 'R22', 'R27', 'R38', 'R36', 'R15', 'R31', 'R16', 'R18', 'R21', 'R33', 'R37', 'R9', 'R32', 'R4', 'R30', 'R34']"
2216625.462632127,73.48561038295803,6.43009703589866,"['D6', 'R35', 'R38', 'R30', 'R4', 'R27', 'R36', 'R32', 'R22', 'R15', 'R31', 'R16', 'R18', 'R21', 'R37', 'R33', 'R9', 'R34']"
