total_cost,total_distance,total_fuel_consumed,route
2481285.9388283202,125.176783810115,11.460957975207318,"['D3', 'R5', 'R11', 'R2', 'R14', 'R17', 'R26', 'R7', 'R6', 'R1', 'R3', 'R12', 'R70', 'R10', 'R20', 'R13', 'R28', 'R23', 'R24', 'R8']"
2481203.703895261,124.26468384273504,11.277764225511577,"['D3', 'R28', 'R7', 'R13', 'R6', 'R1', 'R11', 'R2', 'R14', 'R17', 'R26', 'R3', 'R10', 'R12', 'R70', 'R5', 'R23', 'R20', 'R24', 'R8']"
2481864.35062184,131.59217637356136,11.932854516561886,"['D3', 'R7', 'R26', 'R5', 'R11', 'R14', 'R17', 'R2', 'R1', 'R28', 'R20', 'R3', 'R70', 'R10', 'R12', 'R6', 'R13', 'R23', 'R24', 'R8']"
2482795.690111657,141.92202874508789,13.032210447461951,"['D3', 'R17', 'R14', 'R2', 'R26', 'R11', 'R5', 'R7', 'R20', 'R6', 'R1', 'R28', 'R10', 'R3', 'R12', 'R23', 'R13', 'R70', 'R24', 'R8']"
2481566.773348771,128.29162986658466,11.586840945030467,"['D3', 'R5', 'R26', 'R17', 'R14', 'R2', 'R11', 'R1', 'R7', 'R6', 'R28', 'R20', 'R13', 'R24', 'R12', 'R3', 'R10', 'R70', 'R23', 'R8']"
