total_cost,total_distance,total_fuel_consumed,route
2480374.2752463305,115.06516466649174,10.76271747333332,"['D3', 'R7', 'R1', 'R5', 'R11', 'R26', 'R17', 'R14', 'R2', 'R12', 'R3', 'R10', 'R23', 'R6', 'R13', 'R20', 'R28', 'R70', 'R8', 'R24']"
2480928.020919736,121.2069755960057,11.301002902701745,"['D3', 'R1', 'R7', 'R11', 'R26', 'R5', 'R17', 'R14', 'R2', 'R3', 'R12', 'R10', 'R20', 'R13', 'R6', 'R28', 'R23', 'R70', 'R24', 'R8']"
2480339.6442495873,114.68105866889604,10.705302113540865,"['D3', 'R7', 'R1', 'R11', 'R26', 'R5', 'R17', 'R14', 'R2', 'R12', 'R3', 'R10', 'R23', 'R6', 'R28', 'R13', 'R20', 'R70', 'R8', 'R24']"
2480341.917124128,114.7062680138413,10.535933540697043,"['D3', 'R1', 'R7', 'R28', 'R13', 'R6', 'R20', 'R10', 'R3', 'R12', 'R2', 'R17', 'R14', 'R26', 'R5', 'R11', 'R70', 'R23', 'R24', 'R8']"
2479914.2175713023,109.96248415375663,10.278459537867278,"['D3', 'R7', 'R1', 'R5', 'R26', 'R11', 'R14', 'R17', 'R2', 'R12', 'R3', 'R10', 'R23', 'R6', 'R13', 'R20', 'R28', 'R24', 'R8', 'R70']"
