total_cost,total_distance,total_fuel_consumed,route
2481694.000241765,129.70275334698977,11.898183693959846,"['D3', 'R6', 'R20', 'R13', 'R7', 'R1', 'R26', 'R14', 'R17', 'R2', 'R11', 'R5', 'R3', 'R12', 'R10', 'R28', 'R23', 'R70', 'R24', 'R8']"
2480336.4263896244,114.64536811916938,10.650535143993583,"['D3', 'R5', 'R26', 'R11', 'R17', 'R2', 'R14', 'R12', 'R3', 'R10', 'R7', 'R28', 'R1', 'R6', 'R20', 'R13', 'R23', 'R70', 'R8', 'R24']"
2480290.831369978,114.13965583382655,10.482925379406602,"['D3', 'R1', 'R7', 'R28', 'R6', 'R20', 'R13', 'R23', 'R10', 'R12', 'R3', 'R17', 'R14', 'R2', 'R11', 'R5', 'R26', 'R70', 'R24', 'R8']"
2480527.34588284,116.76293126486547,10.900779600609036,"['D3', 'R5', 'R26', 'R11', 'R14', 'R17', 'R2', 'R10', 'R12', 'R3', 'R7', 'R1', 'R28', 'R13', 'R6', 'R20', 'R23', 'R70', 'R24', 'R8']"
2482750.741574296,141.42348684889095,12.82334043845618,"['D3', 'R7', 'R28', 'R12', 'R3', 'R1', 'R13', 'R6', 'R17', 'R14', 'R2', 'R11', 'R26', 'R5', 'R20', 'R10', 'R23', 'R70', 'R24', 'R8']"
