total_cost,total_distance,total_fuel_consumed,route
2480275.7493210603,113.97237490085104,10.530301372223562,"['D3', 'R7', 'R1', 'R14', 'R17', 'R2', 'R5', 'R26', 'R11', 'R12', 'R3', 'R10', 'R6', 'R13', 'R20', 'R23', 'R70', 'R28', 'R24', 'R8']"
2481373.4081595098,126.14694054469605,11.567243641040907,"['D3', 'R28', 'R7', 'R1', 'R10', 'R3', 'R12', 'R23', 'R20', 'R13', 'R6', 'R11', 'R26', 'R14', 'R17', 'R2', 'R5', 'R8', 'R24', 'R70']"
2481181.098722838,124.01396098977281,11.436663617575004,"['D3', 'R28', 'R6', 'R7', 'R1', 'R17', 'R14', 'R2', 'R26', 'R11', 'R5', 'R10', 'R12', 'R3', 'R23', 'R13', 'R20', 'R70', 'R8', 'R24']"
2480740.0371298203,119.12197348958401,10.870973791946382,"['D3', 'R7', 'R1', 'R28', 'R6', 'R13', 'R20', 'R17', 'R14', 'R2', 'R11', 'R26', 'R5', 'R3', 'R12', 'R10', 'R70', 'R23', 'R8', 'R24']"
2479671.605255513,107.27157559353807,10.009471735147102,"['D3', 'R7', 'R1', 'R10', 'R3', 'R12', 'R2', 'R17', 'R14', 'R11', 'R26', 'R5', 'R28', 'R6', 'R13', 'R20', 'R23', 'R70', 'R8', 'R24']"
