total_cost,total_distance,total_fuel_consumed,route
2481482.196588315,127.35355577101572,11.889475116475456,"['D3', 'R1', 'R7', 'R6', 'R13', 'R28', 'R11', 'R5', 'R26', 'R17', 'R14', 'R2', 'R3', 'R12', 'R10', 'R23', 'R20', 'R24', 'R70', 'R8']"
2482251.84923975,135.89007586235374,12.7008790021512,"['D3', 'R26', 'R5', 'R11', 'R14', 'R17', 'R2', 'R10', 'R12', 'R3', 'R1', 'R7', 'R6', 'R23', 'R28', 'R13', 'R20', 'R24', 'R70', 'R8']"
2481566.3243901893,128.28665029047414,11.691555503104361,"['D3', 'R1', 'R7', 'R6', 'R23', 'R12', 'R3', 'R10', 'R20', 'R13', 'R28', 'R2', 'R14', 'R17', 'R11', 'R5', 'R26', 'R8', 'R24', 'R70']"
2479406.459016824,104.33073443682306,9.572070372510616,"['D3', 'R7', 'R1', 'R6', 'R13', 'R28', 'R5', 'R26', 'R11', 'R17', 'R14', 'R2', 'R3', 'R12', 'R10', 'R70', 'R23', 'R20', 'R24', 'R8']"
2482319.184603757,136.63691885267306,12.672142430164179,"['D3', 'R1', 'R7', 'R6', 'R13', 'R20', 'R23', 'R3', 'R12', 'R10', 'R26', 'R11', 'R5', 'R14', 'R17', 'R2', 'R28', 'R8', 'R70', 'R24']"
