total_cost,total_distance,total_fuel_consumed,route
2217764.13590884,86.11508328350156,7.646351904652766,"['D6', 'R27', 'R36', 'R38', 'R30', 'R35', 'R4', 'R16', 'R21', 'R18', 'R31', 'R15', 'R32', 'R22', 'R37', 'R33', 'R9', 'R34']"
2217054.2678113584,78.2416571801112,6.925905052775377,"['D6', 'R30', 'R38', 'R27', 'R36', 'R4', 'R22', 'R31', 'R15', 'R32', 'R16', 'R21', 'R18', 'R9', 'R33', 'R37', 'R35', 'R34']"
2216733.207977317,74.68065635888114,6.597074933566152,"['D6', 'R27', 'R36', 'R32', 'R4', 'R22', 'R38', 'R30', 'R15', 'R31', 'R16', 'R18', 'R21', 'R37', 'R33', 'R9', 'R35', 'R34']"
2216639.0705749085,73.63654142533905,6.480977754255957,"['D6', 'R35', 'R30', 'R36', 'R27', 'R32', 'R4', 'R22', 'R38', 'R31', 'R18', 'R16', 'R21', 'R37', 'R33', 'R9', 'R15', 'R34']"
2217562.7713242103,83.88166952318272,7.38590612843365,"['D6', 'R30', 'R38', 'R36', 'R27', 'R4', 'R35', 'R22', 'R15', 'R16', 'R18', 'R31', 'R32', 'R37', 'R33', 'R9', 'R21', 'R34']"
