total_cost,total_distance,total_fuel_consumed,route
2215340.779172915,59.23668115478394,5.312561055317579,"['D6', 'R27', 'R36', 'R30', 'R35', 'R38', 'R22', 'R4', 'R32', 'R15', 'R31', 'R16', 'R18', 'R21', 'R9', 'R33', 'R37', 'R34']"
2215788.079508676,64.19786500305767,5.731221290015185,"['D6', 'R30', 'R35', 'R22', 'R38', 'R27', 'R36', 'R32', 'R15', 'R31', 'R18', 'R16', 'R21', 'R9', 'R37', 'R33', 'R4', 'R34']"
2215616.2887680945,62.292466371946134,5.554857308025822,"['D6', 'R30', 'R36', 'R27', 'R22', 'R38', 'R35', 'R4', 'R32', 'R15', 'R31', 'R16', 'R18', 'R21', 'R9', 'R33', 'R37', 'R34']"
2216256.136327144,69.38926715998319,6.047740002995419,"['D6', 'R36', 'R4', 'R32', 'R15', 'R31', 'R21', 'R16', 'R18', 'R33', 'R37', 'R9', 'R38', 'R27', 'R30', 'R35', 'R22', 'R34']"
2215991.976761956,66.45936958691203,5.934946780756892,"['D6', 'R30', 'R27', 'R36', 'R35', 'R38', 'R22', 'R4', 'R32', 'R15', 'R16', 'R18', 'R21', 'R31', 'R9', 'R33', 'R37', 'R34']"
