total_cost,total_distance,total_fuel_consumed,route
2216662.1969043184,73.8930446353013,6.506696111366442,"['D6', 'R36', 'R27', 'R4', 'R22', 'R38', 'R35', 'R30', 'R16', 'R21', 'R31', 'R18', 'R9', 'R33', 'R37', 'R15', 'R32', 'R34']"
2215943.506398179,65.92176572958694,5.862380799026752,"['D6', 'R30', 'R38', 'R35', 'R27', 'R36', 'R22', 'R4', 'R15', 'R32', 'R31', 'R16', 'R18', 'R21', 'R37', 'R33', 'R9', 'R34']"
2215779.2784532486,64.10024903779981,5.660900506366176,"['D6', 'R30', 'R38', 'R35', 'R27', 'R4', 'R36', 'R32', 'R15', 'R31', 'R18', 'R16', 'R21', 'R33', 'R37', 'R9', 'R22', 'R34']"
2216274.8134037326,69.59642195799184,6.185217845712913,"['D6', 'R30', 'R36', 'R27', 'R4', 'R22', 'R38', 'R35', 'R32', 'R31', 'R16', 'R18', 'R21', 'R9', 'R37', 'R33', 'R15', 'R34']"
2216233.1821698816,69.1346735789939,6.103985004347815,"['D6', 'R36', 'R27', 'R4', 'R22', 'R30', 'R38', 'R35', 'R32', 'R15', 'R31', 'R18', 'R16', 'R21', 'R37', 'R33', 'R9', 'R34']"
