total_cost,total_distance,total_fuel_consumed,route
2216675.317872621,74.03857445232082,6.502438307338667,"['D6', 'R38', 'R36', 'R27', 'R22', 'R35', 'R30', 'R4', 'R15', 'R32', 'R21', 'R16', 'R18', 'R31', 'R9', 'R33', 'R37', 'R34']"
2218677.28731828,96.24320450620966,8.5673206049278,"['D6', 'R22', 'R36', 'R27', 'R38', 'R30', 'R4', 'R32', 'R31', 'R18', 'R16', 'R21', 'R15', 'R35', 'R33', 'R37', 'R9', 'R34']"
2217305.9951437186,81.03366397203212,7.071427353128638,"['D6', 'R38', 'R27', 'R36', 'R22', 'R15', 'R32', 'R4', 'R30', 'R35', 'R16', 'R18', 'R31', 'R21', 'R9', 'R37', 'R33', 'R34']"
2217415.8303319556,82.25188921867539,7.065285063281791,"['D6', 'R36', 'R27', 'R22', 'R15', 'R4', 'R32', 'R30', 'R38', 'R35', 'R37', 'R33', 'R9', 'R21', 'R18', 'R16', 'R31', 'R34']"
2217552.5136390897,83.76789750543492,7.311992354589364,"['D6', 'R38', 'R35', 'R36', 'R27', 'R22', 'R15', 'R4', 'R30', 'R32', 'R16', 'R18', 'R21', 'R31', 'R33', 'R37', 'R9', 'R34']"
