total_cost,total_distance,total_fuel_consumed,route
2216153.0913361036,68.24635465953286,6.047486020076362,"['D6', 'R35', 'R30', 'R27', 'R36', 'R38', 'R22', 'R4', 'R15', 'R32', 'R18', 'R16', 'R31', 'R21', 'R9', 'R37', 'R33', 'R34']"
2216800.6458036196,75.42863579879729,6.654877433413306,"['D6', 'R30', 'R35', 'R38', 'R32', 'R15', 'R27', 'R36', 'R22', 'R4', 'R31', 'R16', 'R18', 'R9', 'R21', 'R37', 'R33', 'R34']"
2216478.6270880755,71.85699964591618,6.34868435736742,"['D6', 'R27', 'R36', 'R4', 'R38', 'R30', 'R35', 'R22', 'R32', 'R15', 'R18', 'R16', 'R21', 'R31', 'R9', 'R33', 'R37', 'R34']"
2216675.2471096646,74.03778959255001,6.52678572720326,"['D6', 'R30', 'R27', 'R36', 'R4', 'R38', 'R22', 'R35', 'R32', 'R15', 'R18', 'R16', 'R31', 'R21', 'R33', 'R37', 'R9', 'R34']"
2216707.6898157704,74.39762439851806,6.4557093470159215,"['D6', 'R27', 'R36', 'R4', 'R32', 'R31', 'R21', 'R16', 'R18', 'R15', 'R9', 'R37', 'R33', 'R30', 'R35', 'R38', 'R22', 'R34']"
