total_cost,total_distance,total_fuel_consumed,route
2215223.6773938257,57.93785929265625,5.205572172007268,"['D6', 'R30', 'R35', 'R38', 'R27', 'R36', 'R4', 'R32', 'R15', 'R18', 'R31', 'R16', 'R21', 'R9', 'R33', 'R37', 'R22', 'R34']"
2215272.718713397,58.481795845132794,5.192556072724486,"['D6', 'R30', 'R27', 'R36', 'R4', 'R32', 'R15', 'R18', 'R31', 'R16', 'R21', 'R9', 'R33', 'R37', 'R22', 'R38', 'R35', 'R34']"
2215371.0295096105,59.57219952984198,5.278730968565567,"['D6', 'R30', 'R35', 'R27', 'R36', 'R4', 'R32', 'R15', 'R18', 'R31', 'R16', 'R21', 'R33', 'R37', 'R9', 'R22', 'R38', 'R34']"
2215740.4197107824,63.66925145056055,5.668589880805369,"['D6', 'R30', 'R38', 'R35', 'R22', 'R4', 'R36', 'R27', 'R32', 'R15', 'R18', 'R31', 'R16', 'R21', 'R37', 'R33', 'R9', 'R34']"
2215094.9636362474,56.51024441268501,5.1025237414512254,"['D6', 'R30', 'R35', 'R38', 'R22', 'R27', 'R36', 'R4', 'R32', 'R15', 'R18', 'R31', 'R16', 'R21', 'R9', 'R33', 'R37', 'R34']"
