total_cost,total_distance,total_fuel_consumed,route
2216681.9509521318,74.11214454449325,6.597193925971546,"['D6', 'R36', 'R27', 'R35', 'R38', 'R22', 'R4', 'R15', 'R32', 'R18', 'R16', 'R31', 'R21', 'R33', 'R37', 'R9', 'R30', 'R34']"
2216430.488261248,71.32307299520848,6.158006273639963,"['D6', 'R27', 'R36', 'R32', 'R4', 'R22', 'R38', 'R35', 'R30', 'R33', 'R37', 'R9', 'R21', 'R16', 'R31', 'R18', 'R15', 'R34']"
2215996.689888795,66.5116447293158,5.930104216893608,"['D6', 'R36', 'R27', 'R38', 'R35', 'R30', 'R22', 'R4', 'R32', 'R18', 'R15', 'R31', 'R21', 'R16', 'R9', 'R37', 'R33', 'R34']"
2216350.221208941,70.43279956678455,6.20982894951181,"['D6', 'R36', 'R27', 'R4', 'R22', 'R30', 'R38', 'R35', 'R32', 'R15', 'R31', 'R18', 'R16', 'R21', 'R9', 'R33', 'R37', 'R34']"
2216628.9115435937,73.523863615727,6.463257285838072,"['D6', 'R27', 'R36', 'R38', 'R22', 'R4', 'R35', 'R30', 'R32', 'R18', 'R15', 'R31', 'R21', 'R16', 'R9', 'R37', 'R33', 'R34']"
