total_cost,total_distance,total_fuel_consumed,route
2218208.165915549,91.03999462676097,7.877511312097213,"['D6', 'R36', 'R27', 'R38', 'R22', 'R9', 'R21', 'R31', 'R16', 'R15', 'R32', 'R4', 'R30', 'R35', 'R34', 'R18', 'R37', 'R33']"
2216347.9976169053,70.40813683346643,6.212911018939831,"['D6', 'R27', 'R36', 'R30', 'R35', 'R22', 'R38', 'R32', 'R4', 'R18', 'R15', 'R31', 'R16', 'R21', 'R9', 'R37', 'R33', 'R34']"
2216898.029306025,76.50875450338704,6.742225600351875,"['D6', 'R30', 'R36', 'R27', 'R4', 'R22', 'R38', 'R35', 'R31', 'R18', 'R15', 'R32', 'R37', 'R33', 'R9', 'R21', 'R16', 'R34']"
2216232.203636267,69.12382027803243,6.121722158010293,"['D6', 'R27', 'R36', 'R22', 'R38', 'R30', 'R35', 'R4', 'R18', 'R15', 'R32', 'R31', 'R16', 'R21', 'R9', 'R37', 'R33', 'R34']"
2216444.769760563,71.48147471786528,6.2573761700721855,"['D6', 'R30', 'R27', 'R4', 'R36', 'R32', 'R18', 'R15', 'R31', 'R21', 'R16', 'R9', 'R37', 'R33', 'R35', 'R38', 'R22', 'R34']"
