total_cost,total_distance,total_fuel_consumed,route
2217334.9532712623,81.35484994745802,7.101303094219353,"['D6', 'R38', 'R4', 'R27', 'R36', 'R22', 'R35', 'R30', 'R18', 'R32', 'R15', 'R16', 'R31', 'R9', 'R33', 'R37', 'R21', 'R34']"
2217859.698377595,87.17500418805386,7.593378259465037,"['D6', 'R38', 'R27', 'R36', 'R15', 'R4', 'R22', 'R35', 'R30', 'R16', 'R31', 'R18', 'R32', 'R21', 'R9', 'R33', 'R37', 'R34']"
2217602.0558399768,84.31738952946615,6.796461154543243,"['D6', 'R38', 'R27', 'R35', 'R30', 'R34', 'R22', 'R36', 'R15', 'R4', 'R16', 'R31', 'R18', 'R32', 'R21', 'R9', 'R33', 'R37']"
2216792.0116486577,75.3328709922117,6.634670432989903,"['D6', 'R35', 'R30', 'R22', 'R27', 'R36', 'R38', 'R4', 'R32', 'R15', 'R21', 'R31', 'R18', 'R16', 'R33', 'R37', 'R9', 'R34']"
2216667.7161604245,73.95426087427212,6.489024323439102,"['D6', 'R35', 'R30', 'R38', 'R27', 'R36', 'R32', 'R31', 'R18', 'R4', 'R15', 'R16', 'R21', 'R37', 'R33', 'R9', 'R22', 'R34']"
