total_cost,total_distance,total_fuel_consumed,route
2216321.654403996,70.11595390412765,6.211861593424692,"['D5', 'R4', 'R22', 'R27', 'R36', 'R38', 'R35', 'R30', 'R32', 'R15', 'R18', 'R16', 'R21', 'R31', 'R9', 'R37', 'R33', 'R34']"
2216285.261162736,69.71230215989368,6.12312999700092,"['D5', 'R4', 'R27', 'R36', 'R22', 'R35', 'R30', 'R38', 'R15', 'R32', 'R31', 'R18', 'R16', 'R21', 'R9', 'R33', 'R37', 'R34']"
2216034.131710978,66.92692669674518,5.787812678381911,"['D5', 'R27', 'R36', 'R4', 'R31', 'R18', 'R16', 'R21', 'R9', 'R33', 'R37', 'R32', 'R15', 'R22', 'R38', 'R35', 'R30', 'R34']"
2216120.345184651,67.88315422195109,5.998697619878396,"['D5', 'R15', 'R32', 'R36', 'R27', 'R30', 'R35', 'R38', 'R22', 'R4', 'R31', 'R18', 'R16', 'R21', 'R37', 'R33', 'R9', 'R34']"
2216501.340400791,72.10892192536129,6.287661173845454,"['D5', 'R4', 'R27', 'R36', 'R32', 'R15', 'R16', 'R18', 'R21', 'R31', 'R9', 'R37', 'R33', 'R38', 'R30', 'R35', 'R22', 'R34']"
