total_cost,total_distance,total_fuel_consumed,route
2217654.7696901215,84.9020595621293,7.352040464570225,"['D5', 'R36', 'R22', 'R27', 'R32', 'R15', 'R4', 'R35', 'R38', 'R30', 'R21', 'R16', 'R18', 'R31', 'R9', 'R33', 'R37', 'R34']"
2217599.255242133,84.28632699793123,7.360930437611308,"['D5', 'R15', 'R4', 'R22', 'R27', 'R36', 'R35', 'R38', 'R32', 'R18', 'R21', 'R16', 'R31', 'R37', 'R33', 'R9', 'R30', 'R34']"
2216416.325124364,71.16598407679372,6.084290989142834,"['D5', 'R31', 'R16', 'R18', 'R21', 'R9', 'R37', 'R33', 'R30', 'R35', 'R38', 'R27', 'R36', 'R4', 'R15', 'R32', 'R22', 'R34']"
2216474.028233432,71.80599194135218,6.256100442587529,"['D5', 'R4', 'R27', 'R36', 'R38', 'R22', 'R31', 'R21', 'R18', 'R16', 'R9', 'R33', 'R37', 'R15', 'R32', 'R35', 'R30', 'R34']"
2216915.397769004,76.70139495346254,6.704084305567751,"['D5', 'R32', 'R4', 'R22', 'R27', 'R36', 'R38', 'R30', 'R35', 'R15', 'R21', 'R16', 'R18', 'R31', 'R9', 'R33', 'R37', 'R34']"
