total_cost,total_distance,total_fuel_consumed,route
2216415.730471121,71.15938854393977,6.277959414315723,"['D5', 'R36', 'R27', 'R32', 'R15', 'R31', 'R16', 'R18', 'R21', 'R9', 'R33', 'R37', 'R22', 'R38', 'R30', 'R35', 'R4', 'R34']"
2215635.1947500147,62.50216004896778,5.485667328161552,"['D5', 'R4', 'R27', 'R36', 'R32', 'R15', 'R31', 'R18', 'R16', 'R21', 'R9', 'R37', 'R33', 'R22', 'R38', 'R35', 'R30', 'R34']"
2216274.3343312237,69.59110837648349,6.155106626889905,"['D5', 'R4', 'R36', 'R27', 'R30', 'R35', 'R38', 'R22', 'R16', 'R18', 'R31', 'R21', 'R9', 'R37', 'R33', 'R15', 'R32', 'R34']"
2216112.843054819,67.79994515105264,6.030381021220664,"['D5', 'R22', 'R38', 'R36', 'R27', 'R4', 'R32', 'R15', 'R31', 'R16', 'R18', 'R21', 'R9', 'R33', 'R37', 'R35', 'R30', 'R34']"
2216504.971716023,72.1491982700004,6.353211551251302,"['D5', 'R32', 'R4', 'R36', 'R27', 'R22', 'R38', 'R35', 'R30', 'R31', 'R16', 'R18', 'R21', 'R33', 'R37', 'R9', 'R15', 'R34']"
