total_cost,total_distance,total_fuel_consumed,route
2217320.7063835985,81.19683211622522,7.069476166081775,"['D5', 'R35', 'R27', 'R38', 'R22', 'R36', 'R4', 'R32', 'R15', 'R21', 'R16', 'R18', 'R31', 'R37', 'R33', 'R9', 'R30', 'R34']"
2218899.3056359165,98.705696937852,8.740203119010129,"['D5', 'R31', 'R16', 'R18', 'R9', 'R21', 'R4', 'R36', 'R27', 'R35', 'R38', 'R22', 'R15', 'R32', 'R30', 'R33', 'R37', 'R34']"
2216808.462208378,75.51533061643886,6.50763741042178,"['D5', 'R4', 'R36', 'R32', 'R27', 'R22', 'R15', 'R31', 'R18', 'R21', 'R16', 'R9', 'R37', 'R33', 'R35', 'R30', 'R38', 'R34']"
2218013.982152362,88.88622617970154,7.075826767861504,"['D5', 'R38', 'R27', 'R36', 'R35', 'R34', 'R15', 'R32', 'R4', 'R22', 'R30', 'R33', 'R37', 'R9', 'R21', 'R16', 'R18', 'R31']"
2218342.995702203,92.53544478929892,8.030993693306888,"['D5', 'R35', 'R38', 'R32', 'R36', 'R27', 'R4', 'R22', 'R15', 'R16', 'R18', 'R9', 'R21', 'R31', 'R37', 'R33', 'R30', 'R34']"
