total_cost,total_distance,total_fuel_consumed,route
2216940.043650896,76.97475211729991,6.783848647099813,"['D5', 'R22', 'R36', 'R27', 'R30', 'R38', 'R35', 'R31', 'R18', 'R16', 'R21', 'R33', 'R37', 'R9', 'R32', 'R4', 'R15', 'R34']"
2216642.7647101125,73.6775145309752,6.504311020582097,"['D5', 'R22', 'R4', 'R36', 'R27', 'R30', 'R38', 'R35', 'R32', 'R15', 'R21', 'R18', 'R16', 'R31', 'R33', 'R37', 'R9', 'R34']"
2218041.4900637935,89.1913272381713,7.982561021757293,"['D5', 'R22', 'R36', 'R27', 'R4', 'R32', 'R31', 'R18', 'R16', 'R21', 'R15', 'R30', 'R38', 'R35', 'R37', 'R33', 'R9', 'R34']"
2216286.513974702,69.7261975898671,6.170815087268636,"['D5', 'R22', 'R27', 'R38', 'R35', 'R30', 'R36', 'R4', 'R32', 'R31', 'R15', 'R16', 'R18', 'R21', 'R37', 'R33', 'R9', 'R34']"
2216613.441752393,73.3522820806673,6.459261786080228,"['D5', 'R22', 'R27', 'R36', 'R4', 'R30', 'R38', 'R35', 'R32', 'R15', 'R18', 'R16', 'R31', 'R21', 'R33', 'R37', 'R9', 'R34']"
