total_cost,total_distance,total_fuel_consumed,route
2216706.321647522,74.38244950667884,6.491479006712542,"['D5', 'R22', 'R27', 'R36', 'R4', 'R32', 'R18', 'R16', 'R31', 'R15', 'R21', 'R33', 'R37', 'R9', 'R30', 'R38', 'R35', 'R34']"
2217799.642532586,86.50890120437388,7.7183629462983045,"['D5', 'R22', 'R36', 'R27', 'R4', 'R32', 'R16', 'R18', 'R21', 'R31', 'R15', 'R30', 'R35', 'R38', 'R37', 'R33', 'R9', 'R34']"
2217246.348063705,80.37209476159084,6.9882181633765965,"['D5', 'R4', 'R32', 'R36', 'R27', 'R22', 'R38', 'R18', 'R16', 'R21', 'R31', 'R9', 'R37', 'R33', 'R15', 'R35', 'R30', 'R34']"
2216171.0682905084,68.44574412720156,6.047615943598603,"['D5', 'R22', 'R30', 'R38', 'R35', 'R27', 'R36', 'R4', 'R32', 'R15', 'R18', 'R16', 'R31', 'R21', 'R37', 'R33', 'R9', 'R34']"
2216497.887254848,72.07062172635561,5.972194443974414,"['D5', 'R15', 'R32', 'R4', 'R27', 'R36', 'R30', 'R38', 'R22', 'R35', 'R34', 'R31', 'R18', 'R21', 'R16', 'R9', 'R37', 'R33']"
