total_cost,total_distance,total_fuel_consumed,route
2217548.3378125126,83.721581771436,7.2283467695126395,"['D5', 'R15', 'R36', 'R27', 'R30', 'R22', 'R4', 'R38', 'R35', 'R32', 'R21', 'R18', 'R16', 'R9', 'R37', 'R33', 'R31', 'R34']"
2217344.8119983426,81.46419696475711,7.073837163111634,"['D5', 'R22', 'R38', 'R27', 'R36', 'R35', 'R32', 'R4', 'R30', 'R15', 'R16', 'R18', 'R31', 'R21', 'R9', 'R37', 'R33', 'R34']"
2218140.9250854948,90.29420014968102,7.776836825222118,"['D5', 'R27', 'R36', 'R30', 'R22', 'R4', 'R35', 'R15', 'R32', 'R38', 'R31', 'R18', 'R16', 'R21', 'R33', 'R37', 'R9', 'R34']"
2217281.381717591,80.76066678783374,6.990600167816886,"['D5', 'R27', 'R30', 'R36', 'R15', 'R32', 'R38', 'R35', 'R22', 'R4', 'R18', 'R16', 'R31', 'R21', 'R9', 'R33', 'R37', 'R34']"
2217319.567157032,81.18419650656406,7.083328123922609,"['D5', 'R32', 'R4', 'R36', 'R35', 'R38', 'R27', 'R22', 'R30', 'R15', 'R18', 'R16', 'R21', 'R31', 'R37', 'R33', 'R9', 'R34']"
