total_cost,total_distance,total_fuel_consumed,route
2215453.396436244,60.48576348983833,5.227673775591603,"['D5', 'R4', 'R32', 'R15', 'R31', 'R16', 'R18', 'R21', 'R9', 'R33', 'R37', 'R36', 'R27', 'R30', 'R35', 'R38', 'R22', 'R34']"
2215625.151705236,62.390768691621105,5.475573402085797,"['D5', 'R4', 'R27', 'R36', 'R32', 'R15', 'R31', 'R18', 'R16', 'R21', 'R9', 'R33', 'R37', 'R22', 'R38', 'R35', 'R30', 'R34']"
2216322.655908236,70.12706198132213,6.173098647747162,"['D5', 'R32', 'R15', 'R4', 'R36', 'R27', 'R30', 'R35', 'R38', 'R22', 'R18', 'R16', 'R21', 'R9', 'R33', 'R37', 'R31', 'R34']"
2215529.021233603,61.32454784386694,5.359380083926337,"['D5', 'R22', 'R27', 'R36', 'R32', 'R15', 'R31', 'R18', 'R16', 'R21', 'R9', 'R33', 'R37', 'R4', 'R30', 'R35', 'R38', 'R34']"
2215615.6963995947,62.285896180067866,5.543645509653061,"['D5', 'R4', 'R36', 'R27', 'R22', 'R38', 'R35', 'R30', 'R32', 'R15', 'R31', 'R18', 'R16', 'R21', 'R9', 'R33', 'R37', 'R34']"
