total_cost,total_distance,total_fuel_consumed,route
2215755.0075808153,63.831051251277145,5.581327840286155,"['D5', 'R36', 'R27', 'R4', 'R32', 'R15', 'R31', 'R16', 'R18', 'R21', 'R33', 'R37', 'R9', 'R22', 'R38', 'R35', 'R30', 'R34']"
2216866.0113277673,76.15363052093137,6.6561008877759935,"['D5', 'R36', 'R27', 'R4', 'R38', 'R22', 'R30', 'R35', 'R32', 'R31', 'R16', 'R18', 'R21', 'R9', 'R37', 'R33', 'R15', 'R34']"
2216824.0886163265,75.68864924940455,6.665553153589997,"['D5', 'R4', 'R36', 'R27', 'R38', 'R22', 'R32', 'R15', 'R21', 'R16', 'R18', 'R31', 'R33', 'R37', 'R9', 'R35', 'R30', 'R34']"
2216335.65232544,70.2712103531537,6.196755962551452,"['D5', 'R38', 'R22', 'R36', 'R27', 'R4', 'R32', 'R15', 'R31', 'R18', 'R16', 'R21', 'R37', 'R33', 'R9', 'R35', 'R30', 'R34']"
2217413.622235511,82.2273983530459,7.154639493500428,"['D5', 'R38', 'R22', 'R27', 'R36', 'R4', 'R15', 'R32', 'R9', 'R16', 'R18', 'R21', 'R31', 'R33', 'R37', 'R30', 'R35', 'R34']"
