total_cost,total_distance,total_fuel_consumed,route
2214521.6518233432,50.151417738946115,4.404531279836415,"['D4', 'R33', 'R37', 'R9', 'R21', 'R16', 'R18', 'R31', 'R15', 'R32', 'R4', 'R27', 'R36', 'R38', 'R35', 'R30', 'R22', 'R34']"
2215210.032076071,57.786513709747354,5.089200322073102,"['D4', 'R37', 'R33', 'R9', 'R16', 'R18', 'R21', 'R31', 'R15', 'R32', 'R27', 'R36', 'R35', 'R30', 'R38', 'R22', 'R4', 'R34']"
2214467.4705576203,49.55047202329702,4.35320871169106,"['D4', 'R33', 'R37', 'R9', 'R21', 'R16', 'R18', 'R31', 'R15', 'R32', 'R4', 'R36', 'R27', 'R38', 'R35', 'R30', 'R22', 'R34']"
2214249.5190722523,47.13308642693753,4.12075802054603,"['D4', 'R37', 'R33', 'R9', 'R21', 'R16', 'R18', 'R31', 'R15', 'R32', 'R4', 'R27', 'R36', 'R30', 'R35', 'R38', 'R22', 'R34']"
2215240.2215617853,58.12135716265722,4.9972289351468815,"['D4', 'R9', 'R33', 'R37', 'R16', 'R18', 'R31', 'R21', 'R15', 'R32', 'R4', 'R27', 'R36', 'R22', 'R38', 'R35', 'R30', 'R34']"
