total_cost,total_distance,total_fuel_consumed,route
2217016.017416634,77.8174070167984,7.017951259504269,"['D4', 'R33', 'R37', 'R18', 'R16', 'R21', 'R31', 'R32', 'R15', 'R4', 'R36', 'R27', 'R22', 'R38', 'R30', 'R35', 'R34', 'R9']"
2214776.27787847,52.97557540450276,4.589296228952062,"['D4', 'R33', 'R37', 'R9', 'R18', 'R16', 'R21', 'R31', 'R32', 'R15', 'R4', 'R36', 'R27', 'R22', 'R38', 'R30', 'R35', 'R34']"
2215564.6858051214,61.720117625574645,5.34403000303335,"['D4', 'R33', 'R37', 'R9', 'R31', 'R16', 'R18', 'R21', 'R15', 'R36', 'R27', 'R4', 'R32', 'R22', 'R38', 'R35', 'R30', 'R34']"
2214896.6386368265,54.31054388672136,4.722089001753412,"['D4', 'R33', 'R37', 'R9', 'R16', 'R18', 'R21', 'R31', 'R32', 'R15', 'R4', 'R36', 'R27', 'R22', 'R38', 'R35', 'R30', 'R34']"
2214896.6386368265,54.31054388672136,4.722089001753412,"['D4', 'R33', 'R37', 'R9', 'R16', 'R18', 'R21', 'R31', 'R32', 'R15', 'R4', 'R36', 'R27', 'R22', 'R38', 'R35', 'R30', 'R34']"
