total_cost,total_distance,total_fuel_consumed,route
2217579.7920979713,84.07045361547773,7.325670167562393,"['D4', 'R16', 'R18', 'R21', 'R9', 'R37', 'R33', 'R15', 'R22', 'R4', 'R32', 'R36', 'R27', 'R30', 'R35', 'R38', 'R31', 'R34']"
2216020.4194305167,66.7748384041346,5.819590481148444,"['D4', 'R9', 'R33', 'R37', 'R21', 'R16', 'R31', 'R18', 'R15', 'R27', 'R36', 'R35', 'R38', 'R22', 'R4', 'R32', 'R30', 'R34']"
2216020.348549319,66.77405223290337,5.873421693620305,"['D4', 'R9', 'R37', 'R33', 'R21', 'R18', 'R16', 'R31', 'R4', 'R32', 'R36', 'R27', 'R30', 'R35', 'R38', 'R22', 'R15', 'R34']"
2218032.1065638666,89.08725115202711,8.047937959530877,"['D4', 'R37', 'R33', 'R21', 'R18', 'R16', 'R31', 'R4', 'R32', 'R15', 'R27', 'R36', 'R38', 'R35', 'R22', 'R30', 'R9', 'R34']"
2216725.636439802,74.59667746009352,6.524709091713955,"['D4', 'R9', 'R37', 'R33', 'R21', 'R16', 'R18', 'R15', 'R31', 'R4', 'R38', 'R36', 'R27', 'R22', 'R35', 'R30', 'R32', 'R34']"
