total_cost,total_distance,total_fuel_consumed,route
2215803.787294295,64.37208622776345,5.672373316368881,"['D4', 'R37', 'R33', 'R9', 'R31', 'R18', 'R16', 'R21', 'R15', 'R32', 'R36', 'R27', 'R35', 'R38', 'R22', 'R30', 'R4', 'R34']"
2214899.5699602333,54.34305634686678,4.750200136063187,"['D4', 'R37', 'R33', 'R9', 'R21', 'R18', 'R16', 'R31', 'R15', 'R32', 'R27', 'R35', 'R38', 'R30', 'R36', 'R4', 'R22', 'R34']"
2214590.436737149,50.91433825587164,4.428276062371911,"['D4', 'R37', 'R33', 'R9', 'R16', 'R21', 'R18', 'R31', 'R15', 'R32', 'R4', 'R22', 'R27', 'R36', 'R30', 'R38', 'R35', 'R34']"
2216243.469505212,69.24877445887566,5.910125365917203,"['D4', 'R37', 'R33', 'R31', 'R18', 'R16', 'R21', 'R9', 'R32', 'R15', 'R38', 'R27', 'R36', 'R4', 'R22', 'R30', 'R35', 'R34']"
2215377.5001184493,59.643967595934484,5.158613737992475,"['D4', 'R37', 'R33', 'R9', 'R16', 'R21', 'R18', 'R31', 'R4', 'R27', 'R36', 'R15', 'R32', 'R22', 'R30', 'R35', 'R38', 'R34']"
