total_cost,total_distance,total_fuel_consumed,route
2216657.7264961763,73.84346158136808,6.402686216431325,"['D4', 'R37', 'R33', 'R18', 'R16', 'R31', 'R21', 'R9', 'R15', 'R32', 'R35', 'R36', 'R27', 'R38', 'R30', 'R22', 'R4', 'R34']"
2217180.8446752927,79.64557093270396,6.703187781613227,"['D4', 'R21', 'R16', 'R18', 'R9', 'R33', 'R37', 'R32', 'R30', 'R4', 'R15', 'R31', 'R22', 'R36', 'R27', 'R38', 'R35', 'R34']"
2217951.1562133236,88.18939899427386,7.568756819027588,"['D4', 'R9', 'R33', 'R37', 'R18', 'R16', 'R21', 'R32', 'R31', 'R35', 'R4', 'R27', 'R36', 'R22', 'R15', 'R38', 'R30', 'R34']"
2216578.726264118,72.96723895428269,6.2026776785636,"['D4', 'R21', 'R18', 'R16', 'R33', 'R37', 'R9', 'R31', 'R15', 'R4', 'R27', 'R32', 'R35', 'R36', 'R30', 'R38', 'R22', 'R34']"
2216418.06813597,71.18531650365739,6.074059425461248,"['D4', 'R16', 'R31', 'R18', 'R21', 'R9', 'R33', 'R37', 'R32', 'R15', 'R36', 'R27', 'R4', 'R22', 'R35', 'R38', 'R30', 'R34']"
