total_cost,total_distance,total_fuel_consumed,route
2216145.726886084,68.16467264955637,5.994148302991308,"['D6', 'R27', 'R22', 'R4', 'R36', 'R30', 'R38', 'R35', 'R32', 'R15', 'R31', 'R16', 'R18', 'R21', 'R9', 'R37', 'R33', 'R34']"
2216018.4451713357,66.75294111951797,5.935462612786425,"['D6', 'R30', 'R38', 'R36', 'R27', 'R22', 'R4', 'R32', 'R15', 'R16', 'R18', 'R21', 'R37', 'R33', 'R9', 'R31', 'R35', 'R34']"
2216739.75359309,74.75325635636861,6.730398012624423,"['D6', 'R27', 'R36', 'R30', 'R38', 'R22', 'R4', 'R15', 'R32', 'R31', 'R16', 'R18', 'R21', 'R9', 'R33', 'R37', 'R34', 'R35']"
2216467.6014730646,71.73471021589138,6.289864665576409,"['D6', 'R27', 'R36', 'R32', 'R4', 'R22', 'R30', 'R38', 'R35', 'R15', 'R31', 'R16', 'R18', 'R21', 'R9', 'R33', 'R37', 'R34']"
2216912.767941444,76.67222650226248,6.880974676485865,"['D6', 'R30', 'R36', 'R27', 'R22', 'R4', 'R15', 'R18', 'R16', 'R21', 'R9', 'R33', 'R37', 'R31', 'R38', 'R35', 'R32', 'R34']"
