total_cost,total_distance,total_fuel_consumed,route
2217154.1602903116,79.34960392980737,6.93049445582084,"['D6', 'R22', 'R27', 'R36', 'R30', 'R35', 'R38', 'R32', 'R4', 'R33', 'R37', 'R9', 'R21', 'R18', 'R31', 'R15', 'R16', 'R34']"
2217377.639843042,81.82830349425326,7.170555731162436,"['D6', 'R35', 'R30', 'R36', 'R27', 'R38', 'R4', 'R32', 'R15', 'R16', 'R21', 'R18', 'R31', 'R22', 'R34', 'R9', 'R33', 'R37']"
2217283.4805291602,80.7839455319463,7.025487035621303,"['D6', 'R35', 'R27', 'R36', 'R30', 'R4', 'R15', 'R32', 'R22', 'R38', 'R16', 'R18', 'R31', 'R21', 'R9', 'R33', 'R37', 'R34']"
2217087.4652080764,78.6098625563073,6.94499289415427,"['D6', 'R30', 'R35', 'R36', 'R27', 'R38', 'R22', 'R32', 'R4', 'R31', 'R15', 'R9', 'R21', 'R16', 'R18', 'R37', 'R33', 'R34']"
2216227.9380985117,69.07650952209094,6.0601470862141,"['D6', 'R22', 'R27', 'R36', 'R35', 'R38', 'R30', 'R4', 'R15', 'R32', 'R31', 'R18', 'R16', 'R21', 'R9', 'R37', 'R33', 'R34']"
