total_cost,total_distance,total_fuel_consumed,route
2216387.4535478326,70.8457580726805,6.2461953320137855,"['D6', 'R36', 'R27', 'R4', 'R15', 'R32', 'R22', 'R38', 'R35', 'R30', 'R31', 'R16', 'R18', 'R21', 'R9', 'R33', 'R37', 'R34']"
2216977.4706327887,77.38986948523225,6.746991451839239,"['D6', 'R30', 'R22', 'R32', 'R4', 'R27', 'R36', 'R38', 'R35', 'R15', 'R21', 'R16', 'R18', 'R9', 'R37', 'R33', 'R31', 'R34']"
2215160.346016176,57.23542608890837,5.162360465786291,"['D6', 'R30', 'R35', 'R38', 'R22', 'R27', 'R36', 'R4', 'R32', 'R15', 'R31', 'R16', 'R18', 'R21', 'R9', 'R37', 'R33', 'R34']"
2215326.764033932,59.081233739265805,5.326285780170506,"['D6', 'R30', 'R35', 'R38', 'R22', 'R36', 'R27', 'R4', 'R32', 'R15', 'R31', 'R18', 'R16', 'R21', 'R37', 'R33', 'R9', 'R34']"
2215454.152234511,60.49414634550786,5.417003259139215,"['D6', 'R30', 'R35', 'R38', 'R27', 'R36', 'R4', 'R32', 'R15', 'R31', 'R21', 'R18', 'R16', 'R9', 'R33', 'R37', 'R22', 'R34']"
