total_cost,total_distance,total_fuel_consumed,route
2218412.2377586733,93.3034356552063,8.16017644818098,"['D6', 'R38', 'R27', 'R32', 'R36', 'R35', 'R30', 'R22', 'R16', 'R31', 'R18', 'R21', 'R15', 'R4', 'R9', 'R37', 'R33', 'R34']"
2218004.7542109173,88.78387545383362,7.708615882750491,"['D6', 'R38', 'R27', 'R22', 'R30', 'R36', 'R32', 'R21', 'R16', 'R18', 'R31', 'R15', 'R4', 'R35', 'R34', 'R33', 'R37', 'R9']"
2217233.079642717,80.22492948887336,7.012931358204618,"['D6', 'R35', 'R38', 'R36', 'R27', 'R4', 'R30', 'R22', 'R31', 'R15', 'R32', 'R21', 'R16', 'R18', 'R33', 'R37', 'R9', 'R34']"
2216645.3419326046,73.70609951868673,6.413123999187523,"['D6', 'R38', 'R27', 'R35', 'R22', 'R30', 'R36', 'R4', 'R15', 'R32', 'R31', 'R16', 'R18', 'R21', 'R33', 'R37', 'R9', 'R34']"
2217586.0578215993,84.13994921916044,7.308570448887977,"['D6', 'R4', 'R32', 'R36', 'R27', 'R30', 'R22', 'R35', 'R38', 'R15', 'R9', 'R21', 'R16', 'R31', 'R18', 'R33', 'R37', 'R34']"
