total_cost,total_distance,total_fuel_consumed,route
2216317.5903972737,70.07087840809174,6.236309314489212,"['D6', 'R30', 'R27', 'R36', 'R4', 'R22', 'R38', 'R35', 'R32', 'R15', 'R18', 'R16', 'R21', 'R31', 'R9', 'R37', 'R33', 'R34']"
2215786.502481512,64.18037357489078,5.720483662124483,"['D6', 'R27', 'R36', 'R4', 'R22', 'R38', 'R35', 'R30', 'R32', 'R15', 'R31', 'R18', 'R16', 'R21', 'R33', 'R37', 'R9', 'R34']"
2216309.4285619794,69.98035228460162,6.2190602810087015,"['D6', 'R36', 'R27', 'R35', 'R30', 'R38', 'R22', 'R4', 'R15', 'R32', 'R16', 'R18', 'R21', 'R31', 'R9', 'R33', 'R37', 'R34']"
2216280.749289993,69.66225920577982,6.214065743370204,"['D6', 'R27', 'R36', 'R4', 'R22', 'R38', 'R35', 'R30', 'R32', 'R15', 'R18', 'R16', 'R21', 'R31', 'R33', 'R37', 'R9', 'R34']"
2217655.4101015483,84.90916261699579,7.632637850331433,"['D6', 'R36', 'R27', 'R4', 'R32', 'R15', 'R18', 'R16', 'R21', 'R31', 'R22', 'R38', 'R30', 'R35', 'R37', 'R33', 'R9', 'R34']"
