total_cost,total_distance,total_fuel_consumed,route
2216491.0685559893,71.99499285702622,6.302425116631449,"['D6', 'R30', 'R38', 'R35', 'R4', 'R32', 'R15', 'R27', 'R36', 'R22', 'R31', 'R16', 'R18', 'R21', 'R9', 'R33', 'R37', 'R34']"
2215782.306736319,64.13383691569422,5.705788801666081,"['D6', 'R30', 'R27', 'R36', 'R22', 'R4', 'R32', 'R15', 'R31', 'R18', 'R16', 'R21', 'R9', 'R33', 'R37', 'R35', 'R38', 'R34']"
2215218.132018037,57.876353350016004,5.212768885768416,"['D6', 'R30', 'R35', 'R38', 'R22', 'R36', 'R27', 'R4', 'R32', 'R15', 'R31', 'R16', 'R18', 'R21', 'R9', 'R37', 'R33', 'R34']"
2215253.7919370844,58.27187152932634,5.229126108652672,"['D6', 'R30', 'R35', 'R38', 'R27', 'R36', 'R4', 'R32', 'R15', 'R31', 'R18', 'R16', 'R21', 'R9', 'R37', 'R33', 'R22', 'R34']"
2215993.894703376,66.48064222910276,5.9055151871538625,"['D6', 'R30', 'R22', 'R38', 'R35', 'R36', 'R27', 'R32', 'R15', 'R31', 'R16', 'R18', 'R21', 'R9', 'R37', 'R33', 'R4', 'R34']"
