total_cost,total_distance,total_fuel_consumed,route
2217087.0403518276,78.60515030864792,6.797899187410923,"['D6', 'R27', 'R22', 'R35', 'R36', 'R30', 'R4', 'R38', 'R32', 'R15', 'R18', 'R31', 'R16', 'R21', 'R9', 'R33', 'R37', 'R34']"
2218915.2523545558,98.88256826259449,8.685352655004516,"['D6', 'R27', 'R36', 'R30', 'R4', 'R38', 'R31', 'R16', 'R18', 'R21', 'R15', 'R22', 'R35', 'R32', 'R33', 'R37', 'R9', 'R34']"
2217136.505795153,79.15379098439051,6.879869993923883,"['D6', 'R35', 'R30', 'R4', 'R36', 'R32', 'R27', 'R22', 'R38', 'R15', 'R16', 'R31', 'R21', 'R18', 'R9', 'R33', 'R37', 'R34']"
2218765.1984706093,97.21826165272218,8.50487270448201,"['D6', 'R4', 'R36', 'R27', 'R35', 'R18', 'R21', 'R16', 'R31', 'R15', 'R32', 'R30', 'R22', 'R38', 'R37', 'R33', 'R9', 'R34']"
2216162.0039795116,68.34520829094521,6.036062004084005,"['D6', 'R27', 'R36', 'R38', 'R30', 'R35', 'R22', 'R4', 'R31', 'R16', 'R18', 'R21', 'R9', 'R33', 'R37', 'R15', 'R32', 'R34']"
