total_cost,total_distance,total_fuel_consumed,route
2216805.8284805287,75.48611890559602,6.639347989623007,"['D6', 'R27', 'R36', 'R15', 'R4', 'R22', 'R38', 'R35', 'R30', 'R32', 'R18', 'R16', 'R21', 'R31', 'R9', 'R37', 'R33', 'R34']"
2216669.09996681,73.96960921484396,6.539755942780348,"['D6', 'R35', 'R38', 'R22', 'R36', 'R27', 'R4', 'R30', 'R32', 'R15', 'R18', 'R16', 'R21', 'R31', 'R37', 'R33', 'R9', 'R34']"
2215781.0852678707,64.12028912899711,5.738682791266026,"['D6', 'R36', 'R27', 'R30', 'R35', 'R38', 'R22', 'R4', 'R32', 'R31', 'R18', 'R16', 'R21', 'R33', 'R37', 'R9', 'R15', 'R34']"
2216130.635377351,67.99728679404124,6.049052414689944,"['D6', 'R35', 'R30', 'R36', 'R27', 'R38', 'R22', 'R4', 'R32', 'R31', 'R21', 'R16', 'R18', 'R9', 'R37', 'R33', 'R15', 'R34']"
2217422.3675286323,82.32439583665065,7.09636521057272,"['D6', 'R22', 'R27', 'R36', 'R38', 'R30', 'R35', 'R9', 'R16', 'R18', 'R31', 'R21', 'R33', 'R37', 'R15', 'R32', 'R4', 'R34']"
