total_cost,total_distance,total_fuel_consumed,route
262476.2776261616,27.465368524418363,4.284996706703438,"['W4', 'D4', 'D6']"
262476.2776261616,27.465368524418363,4.284996706703438,"['W4', 'D4', 'D6']"
262476.2776261616,27.465368524418363,4.284996706703438,"['W4', 'D4', 'D6']"
262476.2776261616,27.465368524418363,4.284996706703438,"['W4', 'D4', 'D6']"
262476.2776261616,27.465368524418363,4.284996706703438,"['W4', 'D4', 'D6']"
