total_cost,total_distance,total_fuel_consumed,route
2217630.941863675,84.63777577279446,7.385139559612993,"['D5', 'R15', 'R32', 'R4', 'R22', 'R30', 'R36', 'R27', 'R35', 'R38', 'R9', 'R21', 'R16', 'R18', 'R31', 'R33', 'R37', 'R34']"
2216723.954404378,74.57802134402624,6.511977287671664,"['D5', 'R36', 'R27', 'R4', 'R35', 'R38', 'R22', 'R32', 'R31', 'R16', 'R18', 'R21', 'R9', 'R37', 'R33', 'R15', 'R30', 'R34']"
2217124.1226044116,79.01644414831368,6.927114439810017,"['D5', 'R22', 'R27', 'R36', 'R38', 'R4', 'R15', 'R32', 'R18', 'R21', 'R16', 'R31', 'R37', 'R33', 'R9', 'R35', 'R30', 'R34']"
2216760.9007552215,74.98780784407356,6.571762405808883,"['D5', 'R36', 'R27', 'R4', 'R15', 'R32', 'R22', 'R38', 'R35', 'R30', 'R31', 'R21', 'R16', 'R18', 'R9', 'R37', 'R33', 'R34']"
2216434.2025863696,71.36427003515644,6.245547855356983,"['D5', 'R22', 'R36', 'R27', 'R4', 'R15', 'R32', 'R16', 'R18', 'R31', 'R21', 'R9', 'R37', 'R33', 'R38', 'R35', 'R30', 'R34']"
