total_cost,total_distance,total_fuel_consumed,route
2217055.445628218,78.25472080987198,6.903845953465043,"['D5', 'R4', 'R36', 'R27', 'R35', 'R38', 'R30', 'R22', 'R32', 'R18', 'R16', 'R21', 'R15', 'R31', 'R9', 'R37', 'R33', 'R34']"
2217168.403318311,79.50757895199041,6.869732095533637,"['D5', 'R35', 'R22', 'R4', 'R27', 'R36', 'R32', 'R15', 'R21', 'R16', 'R31', 'R18', 'R9', 'R37', 'R33', 'R38', 'R30', 'R34']"
2216230.0401990125,69.0998247450408,6.0740843684726595,"['D5', 'R27', 'R4', 'R22', 'R38', 'R35', 'R30', 'R36', 'R15', 'R32', 'R31', 'R18', 'R16', 'R21', 'R33', 'R37', 'R9', 'R34']"
2217887.7256184225,87.48586533299257,7.502249077018015,"['D5', 'R31', 'R36', 'R27', 'R4', 'R38', 'R22', 'R30', 'R35', 'R15', 'R32', 'R16', 'R21', 'R18', 'R9', 'R37', 'R33', 'R34']"
2216926.204108028,76.82125230732184,6.721972449302885,"['D5', 'R32', 'R4', 'R36', 'R27', 'R22', 'R30', 'R38', 'R35', 'R15', 'R16', 'R21', 'R31', 'R18', 'R9', 'R37', 'R33', 'R34']"
