total_cost,total_distance,total_fuel_consumed,route
2215573.340500606,61.816110255174394,5.5062222353197985,"['D5', 'R4', 'R27', 'R36', 'R30', 'R35', 'R38', 'R22', 'R32', 'R15', 'R31', 'R16', 'R18', 'R21', 'R9', 'R33', 'R37', 'R34']"
2215772.929968898,64.02983550242197,5.67359243275024,"['D5', 'R22', 'R27', 'R36', 'R4', 'R32', 'R15', 'R31', 'R18', 'R16', 'R21', 'R9', 'R33', 'R37', 'R38', 'R35', 'R30', 'R34']"
2215710.708424843,63.33971189932534,5.520295021905814,"['D5', 'R22', 'R36', 'R27', 'R4', 'R32', 'R31', 'R16', 'R18', 'R21', 'R9', 'R33', 'R37', 'R15', 'R30', 'R35', 'R38', 'R34']"
2216801.150592184,75.4342346071902,6.576453772593393,"['D5', 'R4', 'R15', 'R31', 'R16', 'R18', 'R21', 'R9', 'R33', 'R37', 'R38', 'R30', 'R35', 'R22', 'R36', 'R27', 'R32', 'R34']"
2216860.76705459,76.09546422571277,6.674065555125134,"['D5', 'R4', 'R22', 'R38', 'R36', 'R27', 'R30', 'R35', 'R15', 'R32', 'R21', 'R18', 'R16', 'R31', 'R9', 'R33', 'R37', 'R34']"
