total_cost,total_distance,total_fuel_consumed,route
2216902.693429691,76.56048613233321,6.6717228516669245,"['D5', 'R32', 'R15', 'R4', 'R27', 'R38', 'R35', 'R36', 'R30', 'R22', 'R31', 'R16', 'R18', 'R21', 'R33', 'R37', 'R9', 'R34']"
2218085.3380339383,89.67766231076304,7.881668837575036,"['D5', 'R32', 'R27', 'R36', 'R4', 'R31', 'R16', 'R21', 'R18', 'R9', 'R37', 'R33', 'R30', 'R22', 'R35', 'R38', 'R15', 'R34']"
2216612.9290489466,73.34659548521351,6.483517708278093,"['D5', 'R4', 'R27', 'R36', 'R22', 'R35', 'R38', 'R30', 'R32', 'R15', 'R18', 'R16', 'R21', 'R31', 'R33', 'R37', 'R9', 'R34']"
2217930.0284023145,87.95506213747225,7.852047313423874,"['D5', 'R27', 'R36', 'R4', 'R32', 'R15', 'R18', 'R16', 'R21', 'R31', 'R22', 'R35', 'R38', 'R30', 'R37', 'R33', 'R9', 'R34']"
2217465.9072582293,82.80731209216695,7.256011461435795,"['D5', 'R15', 'R16', 'R18', 'R21', 'R31', 'R32', 'R35', 'R30', 'R38', 'R22', 'R27', 'R36', 'R4', 'R9', 'R33', 'R37', 'R34']"
