total_cost,total_distance,total_fuel_consumed,route
2480761.4909815476,119.35992659214541,11.158106263561466,"['D1', 'R13', 'R6', 'R28', 'R7', 'R1', 'R5', 'R26', 'R17', 'R14', 'R2', 'R11', 'R3', 'R12', 'R10', 'R23', 'R70', 'R20', 'R8', 'R24']"
2479534.1685308167,105.74721085644602,9.803025395085417,"['D1', 'R20', 'R13', 'R6', 'R28', 'R7', 'R1', 'R5', 'R26', 'R11', 'R14', 'R17', 'R2', 'R12', 'R3', 'R10', 'R70', 'R23', 'R8', 'R24']"
2482398.901912386,137.52109485787636,12.663018384160736,"['D1', 'R6', 'R13', 'R7', 'R28', 'R5', 'R26', 'R14', 'R17', 'R2', 'R11', 'R1', 'R12', 'R3', 'R10', 'R23', 'R24', 'R20', 'R70', 'R8']"
2480233.2101648343,113.50055639789757,10.327800163039829,"['D1', 'R13', 'R20', 'R7', 'R1', 'R5', 'R26', 'R11', 'R14', 'R17', 'R2', 'R70', 'R10', 'R3', 'R12', 'R23', 'R28', 'R6', 'R8', 'R24']"
2480400.723278742,115.35851019012564,10.246809493821672,"['D1', 'R13', 'R6', 'R28', 'R7', 'R1', 'R12', 'R3', 'R70', 'R10', 'R20', 'R23', 'R26', 'R11', 'R17', 'R14', 'R2', 'R5', 'R8', 'R24']"
