total_cost,total_distance,total_fuel_consumed,route
2481588.0651393407,128.52778548514942,11.745924021327232,"['D1', 'R6', 'R20', 'R13', 'R28', 'R7', 'R14', 'R17', 'R2', 'R26', 'R5', 'R10', 'R12', 'R3', 'R1', 'R23', 'R11', 'R70', 'R8', 'R24']"
2480483.561213899,116.27729829080194,10.627038179127018,"['D1', 'R6', 'R13', 'R28', 'R1', 'R7', 'R5', 'R26', 'R17', 'R14', 'R2', 'R10', 'R3', 'R12', 'R70', 'R11', 'R23', 'R20', 'R24', 'R8']"
2480949.1657923386,121.44150168965257,11.000257724693235,"['D1', 'R6', 'R20', 'R13', 'R28', 'R12', 'R10', 'R3', 'R26', 'R11', 'R5', 'R14', 'R17', 'R2', 'R1', 'R7', 'R23', 'R70', 'R8', 'R24']"
2480669.409207957,118.33861144584237,10.806020121209754,"['D1', 'R13', 'R28', 'R7', 'R6', 'R1', 'R11', 'R2', 'R17', 'R14', 'R26', 'R5', 'R23', 'R3', 'R12', 'R10', 'R70', 'R20', 'R24', 'R8']"
2479806.524664371,108.76801979115982,9.956488567902506,"['D1', 'R20', 'R13', 'R28', 'R6', 'R1', 'R7', 'R26', 'R5', 'R11', 'R2', 'R14', 'R17', 'R10', 'R3', 'R12', 'R70', 'R23', 'R24', 'R8']"
