total_cost,total_distance,total_fuel_consumed,route
2480267.344110181,113.87914940307397,10.231580788949698,"['D1', 'R13', 'R6', 'R1', 'R26', 'R11', 'R14', 'R17', 'R2', 'R7', 'R28', 'R5', 'R70', 'R12', 'R3', 'R10', 'R23', 'R20', 'R24', 'R8']"
2481098.9710752666,123.1030509679127,11.23297486855781,"['D1', 'R20', 'R7', 'R6', 'R13', 'R28', 'R1', 'R3', 'R12', 'R10', 'R2', 'R17', 'R14', 'R11', 'R26', 'R5', 'R70', 'R23', 'R8', 'R24']"
2482141.103886173,134.66175561416705,12.344586065327771,"['D1', 'R20', 'R10', 'R12', 'R3', 'R2', 'R17', 'R14', 'R11', 'R26', 'R6', 'R13', 'R7', 'R1', 'R5', 'R28', 'R24', 'R23', 'R70', 'R8']"
2480626.8500265405,117.86657083562791,10.763441279264276,"['D1', 'R13', 'R6', 'R7', 'R1', 'R10', 'R3', 'R12', 'R28', 'R14', 'R17', 'R2', 'R26', 'R5', 'R11', 'R70', 'R23', 'R20', 'R24', 'R8']"
2481194.6259809,124.16399712622037,11.440666542485848,"['D1', 'R13', 'R20', 'R6', 'R12', 'R3', 'R10', 'R11', 'R26', 'R14', 'R17', 'R2', 'R5', 'R7', 'R1', 'R28', 'R23', 'R70', 'R24', 'R8']"
