total_cost,total_distance,total_fuel_consumed,route
2481608.3842519536,128.75315275015012,11.928704979284248,"['D1', 'R13', 'R20', 'R6', 'R23', 'R10', 'R3', 'R12', 'R11', 'R26', 'R2', 'R14', 'R17', 'R5', 'R1', 'R7', 'R28', 'R8', 'R70', 'R24']"
2479929.6592905708,110.13375433197719,10.043204341494517,"['D1', 'R20', 'R6', 'R13', 'R7', 'R28', 'R1', 'R26', 'R5', 'R11', 'R2', 'R14', 'R17', 'R12', 'R3', 'R10', 'R70', 'R23', 'R24', 'R8']"
2481602.7154648,128.6902780035531,11.82164038911442,"['D1', 'R13', 'R1', 'R28', 'R7', 'R3', 'R12', 'R10', 'R17', 'R14', 'R2', 'R11', 'R26', 'R5', 'R20', 'R6', 'R23', 'R70', 'R24', 'R8']"
2481586.893046092,128.51478533819827,11.738603540221977,"['D1', 'R20', 'R13', 'R7', 'R14', 'R17', 'R2', 'R26', 'R5', 'R11', 'R10', 'R12', 'R3', 'R70', 'R1', 'R6', 'R28', 'R23', 'R8', 'R24']"
2480975.565482097,121.73431102592441,11.239595379549735,"['D1', 'R13', 'R20', 'R6', 'R10', 'R12', 'R3', 'R11', 'R5', 'R2', 'R14', 'R17', 'R26', 'R1', 'R7', 'R28', 'R23', 'R70', 'R24', 'R8']"
