total_cost,total_distance,total_fuel_consumed,route
264103.41901777696,45.51263329388821,5.977478428764284,"['W1', 'D2', 'D1']"
264103.41901777696,45.51263329388821,5.977478428764284,"['W1', 'D2', 'D1']"
264103.41901777696,45.51263329388821,5.977478428764284,"['W1', 'D2', 'D1']"
264103.41901777696,45.51263329388821,5.977478428764284,"['W1', 'D2', 'D1']"
264103.41901777696,45.51263329388821,5.977478428764284,"['W1', 'D2', 'D1']"
