total_cost,total_distance,total_fuel_consumed,route
2480712.084280142,118.8119374461221,10.538095327859649,"['D3', 'R11', 'R14', 'R17', 'R5', 'R26', 'R1', 'R7', 'R28', 'R2', 'R70', 'R23', 'R12', 'R3', 'R10', 'R6', 'R13', 'R20', 'R24', 'R8']"
2480435.8272934724,115.74786261615279,10.824909739545546,"['D3', 'R5', 'R26', 'R11', 'R14', 'R17', 'R2', 'R3', 'R12', 'R10', 'R1', 'R6', 'R7', 'R28', 'R13', 'R20', 'R23', 'R70', 'R24', 'R8']"
2481708.784418339,129.86673046072528,11.92167529127864,"['D3', 'R28', 'R7', 'R6', 'R1', 'R26', 'R11', 'R14', 'R17', 'R2', 'R5', 'R3', 'R12', 'R10', 'R70', 'R20', 'R13', 'R23', 'R8', 'R24']"
2480543.6251255907,116.94349074524321,10.529054695808385,"['D3', 'R5', 'R1', 'R7', 'R28', 'R17', 'R14', 'R2', 'R11', 'R26', 'R10', 'R12', 'R3', 'R70', 'R23', 'R13', 'R6', 'R20', 'R24', 'R8']"
2481595.936759462,128.61509271808055,11.89990344151506,"['D3', 'R28', 'R7', 'R1', 'R3', 'R12', 'R10', 'R23', 'R2', 'R17', 'R14', 'R5', 'R11', 'R26', 'R6', 'R13', 'R20', 'R70', 'R24', 'R8']"
