total_cost,total_distance,total_fuel_consumed,route
2480965.8726579575,121.62680410334228,11.34094668625397,"['D3', 'R7', 'R1', 'R11', 'R17', 'R2', 'R14', 'R26', 'R5', 'R3', 'R12', 'R10', 'R28', 'R6', 'R20', 'R13', 'R23', 'R70', 'R24', 'R8']"
2481429.629543464,126.770514013579,11.794132143320281,"['D3', 'R7', 'R1', 'R10', 'R3', 'R12', 'R5', 'R11', 'R26', 'R17', 'R14', 'R2', 'R6', 'R13', 'R20', 'R28', 'R23', 'R70', 'R24', 'R8']"
2482683.6767718103,140.67964476275742,13.164808618962542,"['D3', 'R1', 'R7', 'R28', 'R6', 'R3', 'R12', 'R10', 'R14', 'R17', 'R2', 'R11', 'R26', 'R5', 'R13', 'R20', 'R23', 'R24', 'R70', 'R8']"
2482295.4826848162,136.37403155297386,12.532854852562071,"['D3', 'R7', 'R1', 'R20', 'R6', 'R23', 'R10', 'R3', 'R12', 'R11', 'R5', 'R17', 'R14', 'R2', 'R26', 'R13', 'R28', 'R24', 'R70', 'R8']"
2481911.0758097,132.1104237988019,12.37869335262635,"['D3', 'R7', 'R1', 'R26', 'R17', 'R14', 'R2', 'R11', 'R5', 'R12', 'R3', 'R10', 'R23', 'R6', 'R13', 'R28', 'R20', 'R24', 'R70', 'R8']"
