total_cost,total_distance,total_fuel_consumed,route
2480359.5945645976,114.90233545472265,10.564199024709092,"['D3', 'R1', 'R7', 'R5', 'R26', 'R14', 'R17', 'R2', 'R11', 'R28', 'R6', 'R20', 'R13', 'R10', 'R12', 'R3', 'R23', 'R70', 'R8', 'R24']"
2479839.14243226,109.12979627617908,9.947940039354092,"['D3', 'R1', 'R7', 'R28', 'R6', 'R20', 'R13', 'R26', 'R5', 'R11', 'R2', 'R17', 'R14', 'R12', 'R3', 'R10', 'R23', 'R70', 'R8', 'R24']"
2479920.907712431,110.03668713876911,10.139284389197869,"['D3', 'R1', 'R7', 'R6', 'R13', 'R20', 'R23', 'R10', 'R12', 'R3', 'R2', 'R17', 'R14', 'R11', 'R5', 'R26', 'R28', 'R24', 'R8', 'R70']"
2480750.700868806,119.24024921035792,10.941632555939234,"['D3', 'R5', 'R26', 'R12', 'R3', 'R10', 'R14', 'R2', 'R17', 'R11', 'R7', 'R6', 'R1', 'R28', 'R13', 'R20', 'R23', 'R70', 'R8', 'R24']"
2481237.6982061807,124.64172810759581,11.28009358364188,"['D3', 'R1', 'R7', 'R6', 'R13', 'R20', 'R11', 'R26', 'R5', 'R28', 'R3', 'R12', 'R10', 'R17', 'R14', 'R2', 'R70', 'R23', 'R24', 'R8']"
