total_cost,total_distance,total_fuel_consumed,route
2480741.9426563797,119.14310843367528,10.967296160687255,"['D3', 'R7', 'R1', 'R28', 'R13', 'R6', 'R11', 'R26', 'R5', 'R14', 'R17', 'R2', 'R12', 'R3', 'R10', 'R23', 'R20', 'R24', 'R8', 'R70']"
2481459.55182153,127.10239376141803,11.82680289480671,"['D3', 'R7', 'R1', 'R5', 'R26', 'R11', 'R17', 'R14', 'R2', 'R3', 'R12', 'R10', 'R23', 'R70', 'R13', 'R6', 'R28', 'R24', 'R20', 'R8']"
2481194.2110607745,124.15939508401884,11.504002065683762,"['D3', 'R10', 'R3', 'R12', 'R14', 'R17', 'R2', 'R5', 'R11', 'R26', 'R7', 'R1', 'R6', 'R13', 'R28', 'R20', 'R23', 'R70', 'R24', 'R8']"
2480550.0975722917,117.01527919578626,10.859616968789522,"['D3', 'R7', 'R1', 'R26', 'R11', 'R5', 'R14', 'R17', 'R2', 'R10', 'R3', 'R12', 'R23', 'R20', 'R13', 'R6', 'R28', 'R70', 'R8', 'R24']"
2479703.2594435597,107.62266463575426,9.88021089366808,"['D3', 'R1', 'R7', 'R6', 'R13', 'R20', 'R28', 'R5', 'R26', 'R11', 'R17', 'R14', 'R2', 'R12', 'R3', 'R10', 'R70', 'R23', 'R24', 'R8']"
