Cluster,Warehouse Cost,Distribution Cost,Outlet Cost,Total Cost
Cluster1,0.0,inf,inf,inf
Cluster2,133839.50804499903,262053.58164881216,2214249.5190722523,2610142.6087660636
