total_cost,total_distance,total_fuel_consumed,route
2479742.618097733,108.05920694025181,10.056370597651267,"['D3', 'R7', 'R1', 'R11', 'R26', 'R5', 'R14', 'R17', 'R2', 'R12', 'R3', 'R10', 'R23', 'R20', 'R13', 'R6', 'R28', 'R24', 'R8', 'R70']"
2479410.3307313626,104.37367714466448,9.586652257048264,"['D3', 'R7', 'R1', 'R5', 'R26', 'R11', 'R14', 'R17', 'R2', 'R3', 'R12', 'R10', 'R23', 'R70', 'R6', 'R13', 'R20', 'R28', 'R24', 'R8']"
2479334.322640224,103.53064152866379,9.465486232090928,"['D3', 'R1', 'R7', 'R28', 'R6', 'R13', 'R20', 'R23', 'R10', 'R3', 'R12', 'R11', 'R26', 'R5', 'R17', 'R14', 'R2', 'R70', 'R8', 'R24']"
2480628.0069388566,117.87940260489171,11.025601919322535,"['D3', 'R1', 'R7', 'R5', 'R26', 'R11', 'R2', 'R17', 'R14', 'R3', 'R12', 'R10', 'R23', 'R6', 'R13', 'R28', 'R20', 'R70', 'R8', 'R24']"
2480151.4718593895,112.59396472259814,10.233022455271957,"['D3', 'R1', 'R7', 'R28', 'R13', 'R20', 'R6', 'R26', 'R11', 'R2', 'R14', 'R17', 'R3', 'R12', 'R23', 'R10', 'R70', 'R5', 'R8', 'R24']"
