total_cost,total_distance,total_fuel_consumed,route
2480779.555701348,119.56028950031109,11.108778538234404,"['D3', 'R1', 'R11', 'R26', 'R5', 'R2', 'R17', 'R14', 'R10', 'R3', 'R12', 'R7', 'R6', 'R28', 'R13', 'R20', 'R23', 'R70', 'R24', 'R8']"
2479909.655949872,109.91188941739311,10.038590687222342,"['D3', 'R7', 'R1', 'R6', 'R13', 'R20', 'R10', 'R3', 'R12', 'R2', 'R17', 'R14', 'R26', 'R5', 'R11', 'R70', 'R23', 'R28', 'R24', 'R8']"
2480553.7736537517,117.05605206024619,10.836355464351401,"['D3', 'R28', 'R1', 'R12', 'R3', 'R10', 'R2', 'R14', 'R17', 'R11', 'R26', 'R5', 'R7', 'R6', 'R13', 'R20', 'R23', 'R70', 'R24', 'R8']"
2480202.1163707357,113.15568290523295,10.609042527528475,"['D3', 'R5', 'R26', 'R11', 'R14', 'R17', 'R2', 'R12', 'R3', 'R10', 'R1', 'R7', 'R6', 'R28', 'R13', 'R20', 'R23', 'R70', 'R24', 'R8']"
2481453.9215308744,127.0399459946174,11.695988600694124,"['D3', 'R6', 'R5', 'R11', 'R26', 'R14', 'R17', 'R2', 'R3', 'R12', 'R10', 'R1', 'R7', 'R13', 'R28', 'R20', 'R23', 'R70', 'R24', 'R8']"
