total_cost,total_distance,total_fuel_consumed,route
2482452.054812214,138.1106345631493,13.00674714172774,"['D3', 'R7', 'R1', 'R3', 'R12', 'R10', 'R17', 'R14', 'R2', 'R11', 'R5', 'R26', 'R28', 'R6', 'R20', 'R13', 'R23', 'R24', 'R70', 'R8']"
2481633.0407044725,129.02662715696846,11.955304524728305,"['D3', 'R7', 'R6', 'R1', 'R26', 'R11', 'R17', 'R14', 'R2', 'R5', 'R3', 'R12', 'R10', 'R23', 'R20', 'R13', 'R28', 'R8', 'R24', 'R70']"
2482112.9922167817,134.34995803883845,12.496467580854926,"['D3', 'R2', 'R14', 'R17', 'R26', 'R5', 'R11', 'R1', 'R7', 'R28', 'R6', 'R13', 'R12', 'R3', 'R10', 'R23', 'R20', 'R24', 'R70', 'R8']"
2480887.2720806343,120.75501420402449,10.960397068790678,"['D3', 'R7', 'R1', 'R28', 'R6', 'R20', 'R13', 'R3', 'R12', 'R10', 'R23', 'R26', 'R17', 'R14', 'R2', 'R11', 'R5', 'R70', 'R8', 'R24']"
2482701.1905659093,140.87389713740947,13.077646009023105,"['D3', 'R7', 'R1', 'R2', 'R14', 'R17', 'R5', 'R11', 'R26', 'R6', 'R20', 'R13', 'R28', 'R3', 'R12', 'R10', 'R23', 'R24', 'R70', 'R8']"
