total_cost,total_distance,total_fuel_consumed,route
2482222.7131928513,135.5669165134368,12.605355192511839,"['D3', 'R1', 'R6', 'R7', 'R5', 'R26', 'R14', 'R2', 'R17', 'R11', 'R12', 'R3', 'R10', 'R28', 'R13', 'R23', 'R20', 'R70', 'R24', 'R8']"
2482096.6512045506,134.16871344887713,11.990896084076958,"['D3', 'R1', 'R20', 'R6', 'R7', 'R14', 'R17', 'R2', 'R3', 'R12', 'R5', 'R26', 'R11', 'R13', 'R70', 'R10', 'R23', 'R28', 'R24', 'R8']"
2482890.1478522383,142.96969667522984,13.263350793376382,"['D3', 'R11', 'R5', 'R26', 'R14', 'R17', 'R2', 'R10', 'R12', 'R3', 'R6', 'R7', 'R1', 'R28', 'R13', 'R24', 'R20', 'R23', 'R8', 'R70']"
2482768.2305413596,141.61746385713423,13.078221057665028,"['D3', 'R1', 'R7', 'R28', 'R26', 'R2', 'R17', 'R14', 'R11', 'R5', 'R10', 'R3', 'R12', 'R6', 'R13', 'R20', 'R8', 'R70', 'R23', 'R24']"
2481780.2770026666,130.6596828157361,12.235769133972052,"['D3', 'R10', 'R3', 'R12', 'R2', 'R17', 'R14', 'R11', 'R26', 'R5', 'R1', 'R7', 'R28', 'R6', 'R13', 'R20', 'R23', 'R8', 'R24', 'R70']"
