total_cost,total_distance,total_fuel_consumed,route
2215824.569388006,64.60258859811553,5.703100797315664,"['D5', 'R4', 'R27', 'R36', 'R38', 'R35', 'R30', 'R32', 'R15', 'R31', 'R16', 'R18', 'R21', 'R9', 'R33', 'R37', 'R22', 'R34']"
2215929.9514198634,65.77142213690813,5.6398249663297415,"['D5', 'R15', 'R31', 'R16', 'R18', 'R21', 'R9', 'R37', 'R33', 'R22', 'R27', 'R36', 'R4', 'R32', 'R30', 'R35', 'R38', 'R34']"
2215963.654583288,66.1452371704521,5.750271799640164,"['D5', 'R38', 'R30', 'R35', 'R36', 'R27', 'R32', 'R15', 'R31', 'R18', 'R16', 'R21', 'R37', 'R33', 'R9', 'R4', 'R22', 'R34']"
2216405.12284609,71.04173520508313,6.264935787536043,"['D5', 'R4', 'R27', 'R36', 'R30', 'R35', 'R22', 'R38', 'R15', 'R32', 'R31', 'R16', 'R18', 'R21', 'R37', 'R33', 'R9', 'R34']"
2216731.084546918,74.65710455765432,6.605453770759752,"['D5', 'R22', 'R4', 'R27', 'R36', 'R30', 'R35', 'R38', 'R15', 'R32', 'R16', 'R18', 'R21', 'R31', 'R37', 'R33', 'R9', 'R34']"
