total_cost,total_distance,total_fuel_consumed,route
2217504.7474414892,83.23810383195224,7.116134407180624,"['D5', 'R27', 'R32', 'R4', 'R38', 'R36', 'R30', 'R22', 'R21', 'R18', 'R16', 'R9', 'R37', 'R33', 'R31', 'R15', 'R35', 'R34']"
2217472.820650152,82.88399123948733,7.304487029830462,"['D5', 'R22', 'R27', 'R4', 'R15', 'R31', 'R18', 'R16', 'R21', 'R33', 'R37', 'R9', 'R35', 'R36', 'R30', 'R38', 'R32', 'R34']"
2217145.8470631707,79.25739865983468,6.820833198964445,"['D5', 'R32', 'R15', 'R22', 'R36', 'R30', 'R27', 'R4', 'R18', 'R16', 'R31', 'R37', 'R33', 'R9', 'R21', 'R38', 'R35', 'R34']"
2216546.551274978,72.6103735024187,6.433540774130463,"['D5', 'R22', 'R36', 'R27', 'R30', 'R38', 'R35', 'R4', 'R15', 'R31', 'R21', 'R18', 'R16', 'R9', 'R33', 'R37', 'R32', 'R34']"
2217831.1755637852,86.85864644837413,7.593785200197468,"['D5', 'R22', 'R27', 'R36', 'R30', 'R4', 'R32', 'R38', 'R35', 'R18', 'R16', 'R31', 'R15', 'R21', 'R37', 'R33', 'R9', 'R34']"
