total_cost,total_distance,total_fuel_consumed,route
2217390.2070217123,81.96769101278066,7.275517344108182,"['D5', 'R4', 'R36', 'R27', 'R35', 'R38', 'R22', 'R32', 'R31', 'R16', 'R21', 'R18', 'R15', 'R37', 'R33', 'R9', 'R30', 'R34']"
2216654.9202666194,73.81233658628437,6.485023324574317,"['D5', 'R4', 'R36', 'R27', 'R38', 'R35', 'R30', 'R15', 'R32', 'R16', 'R18', 'R21', 'R31', 'R37', 'R33', 'R9', 'R22', 'R34']"
2216681.6038500182,74.10829469851855,6.457515752516808,"['D5', 'R4', 'R30', 'R36', 'R27', 'R22', 'R38', 'R35', 'R31', 'R18', 'R16', 'R21', 'R33', 'R37', 'R9', 'R15', 'R32', 'R34']"
2216918.3989332425,76.73468204572362,6.715452984802253,"['D5', 'R36', 'R27', 'R4', 'R15', 'R32', 'R22', 'R38', 'R30', 'R35', 'R31', 'R16', 'R21', 'R18', 'R9', 'R33', 'R37', 'R34']"
2216421.112739214,71.21908539501202,6.317040567235795,"['D5', 'R36', 'R27', 'R30', 'R38', 'R22', 'R4', 'R15', 'R32', 'R31', 'R18', 'R16', 'R21', 'R9', 'R33', 'R37', 'R35', 'R34']"
