total_cost,total_distance,total_fuel_consumed,route
2216651.0824720305,73.76977009794442,6.482427165437809,"['D5', 'R27', 'R36', 'R4', 'R32', 'R15', 'R22', 'R38', 'R35', 'R30', 'R31', 'R18', 'R16', 'R21', 'R33', 'R37', 'R9', 'R34']"
2216286.766073826,69.72899372034193,6.134355578931084,"['D5', 'R22', 'R27', 'R36', 'R4', 'R32', 'R15', 'R21', 'R16', 'R18', 'R31', 'R9', 'R37', 'R33', 'R38', 'R35', 'R30', 'R34']"
2216117.343700312,67.84986357932615,5.996189071011345,"['D5', 'R27', 'R36', 'R4', 'R22', 'R38', 'R35', 'R30', 'R32', 'R15', 'R16', 'R18', 'R31', 'R21', 'R9', 'R33', 'R37', 'R34']"
2216015.296272574,66.71801544558414,5.8829919362033785,"['D5', 'R22', 'R30', 'R38', 'R35', 'R27', 'R36', 'R4', 'R32', 'R15', 'R16', 'R18', 'R31', 'R21', 'R9', 'R33', 'R37', 'R34']"
2216139.324373225,68.09365986274645,6.018663280423842,"['D5', 'R4', 'R22', 'R36', 'R27', 'R38', 'R35', 'R30', 'R32', 'R15', 'R16', 'R18', 'R31', 'R21', 'R9', 'R37', 'R33', 'R34']"
