total_cost,total_distance,total_fuel_consumed,route
2217068.0265095313,78.39426030979678,6.838591923835178,"['D5', 'R32', 'R4', 'R36', 'R27', 'R38', 'R30', 'R22', 'R35', 'R15', 'R18', 'R16', 'R31', 'R21', 'R9', 'R37', 'R33', 'R34']"
2216521.2830967847,72.33011420568401,6.303411198804268,"['D5', 'R38', 'R27', 'R36', 'R32', 'R4', 'R15', 'R31', 'R18', 'R16', 'R21', 'R9', 'R37', 'R33', 'R30', 'R35', 'R22', 'R34']"
2217989.5642030737,88.61539710596736,7.326016606374425,"['D5', 'R32', 'R4', 'R38', 'R27', 'R36', 'R22', 'R35', 'R30', 'R34', 'R33', 'R37', 'R21', 'R16', 'R31', 'R15', 'R18', 'R9']"
2217927.6991281174,87.9292272417653,7.7594856305146465,"['D5', 'R4', 'R36', 'R27', 'R22', 'R35', 'R38', 'R30', 'R37', 'R33', 'R21', 'R16', 'R18', 'R31', 'R15', 'R32', 'R9', 'R34']"
2217281.36250565,80.76045370064774,7.078398200519274,"['D5', 'R32', 'R4', 'R36', 'R27', 'R22', 'R38', 'R30', 'R35', 'R21', 'R16', 'R31', 'R15', 'R18', 'R9', 'R37', 'R33', 'R34']"
