total_cost,total_distance,total_fuel_consumed,route
2479813.902925712,108.84985498793542,9.893364788892239,"['D1', 'R20', 'R13', 'R7', 'R6', 'R1', 'R28', 'R5', 'R26', 'R11', 'R17', 'R14', 'R2', 'R3', 'R12', 'R10', 'R23', 'R70', 'R8', 'R24']"
2480628.8140053707,117.88835409683949,10.833510487903558,"['D1', 'R20', 'R13', 'R7', 'R1', 'R5', 'R17', 'R14', 'R2', 'R12', 'R3', 'R10', 'R11', 'R26', 'R28', 'R6', 'R23', 'R70', 'R8', 'R24']"
2480358.6109151305,114.8914254118304,10.524380177270364,"['D1', 'R28', 'R7', 'R1', 'R5', 'R26', 'R11', 'R17', 'R14', 'R2', 'R12', 'R3', 'R10', 'R70', 'R6', 'R13', 'R23', 'R20', 'R24', 'R8']"
2480695.9590590065,118.63308628002011,10.695139211497786,"['D1', 'R20', 'R13', 'R23', 'R3', 'R10', 'R12', 'R7', 'R6', 'R28', 'R1', 'R5', 'R11', 'R17', 'R14', 'R2', 'R26', 'R70', 'R8', 'R24']"
2481013.2931634197,122.15276356942685,10.998281081806262,"['D1', 'R20', 'R13', 'R6', 'R28', 'R7', 'R1', 'R17', 'R14', 'R2', 'R26', 'R11', 'R5', 'R8', 'R12', 'R3', 'R10', 'R23', 'R70', 'R24']"
