total_cost,total_distance,total_fuel_consumed,route
2484875.73860002,164.9926641528398,15.294907577304109,"['D1', 'R13', 'R12', 'R3', 'R10', 'R2', 'R17', 'R14', 'R26', 'R5', 'R6', 'R7', 'R1', 'R11', 'R20', 'R28', 'R23', 'R8', 'R70', 'R24']"
2483597.769170122,150.81820286294035,13.908739471710941,"['D1', 'R6', 'R13', 'R20', 'R2', 'R17', 'R14', 'R11', 'R26', 'R5', 'R12', 'R3', 'R10', 'R28', 'R7', 'R1', 'R23', 'R8', 'R70', 'R24']"
2481463.0593050104,127.14129663942364,11.508209115174628,"['D1', 'R6', 'R13', 'R28', 'R1', 'R7', 'R10', 'R3', 'R12', 'R20', 'R11', 'R5', 'R26', 'R14', 'R17', 'R2', 'R70', 'R23', 'R24', 'R8']"
2480755.657687381,119.29522723359125,10.819735699637532,"['D1', 'R6', 'R13', 'R20', 'R1', 'R7', 'R28', 'R5', 'R26', 'R17', 'R14', 'R11', 'R2', 'R23', 'R10', 'R12', 'R3', 'R70', 'R24', 'R8']"
2481333.478820927,125.70406855509643,11.56154141018503,"['D1', 'R6', 'R13', 'R20', 'R10', 'R3', 'R12', 'R2', 'R14', 'R17', 'R11', 'R1', 'R7', 'R28', 'R26', 'R5', 'R70', 'R23', 'R8', 'R24']"
