total_cost,total_distance,total_fuel_consumed,route
2482493.548423332,138.5708565143322,12.69514362674807,"['D1', 'R6', 'R20', 'R7', 'R28', 'R13', 'R1', 'R26', 'R5', 'R11', 'R17', 'R14', 'R2', 'R12', 'R3', 'R10', 'R23', 'R24', 'R70', 'R8']"
2481219.98646983,124.44528027762223,11.487690277635906,"['D1', 'R13', 'R1', 'R7', 'R5', 'R11', 'R26', 'R2', 'R14', 'R17', 'R12', 'R3', 'R10', 'R6', 'R20', 'R23', 'R28', 'R24', 'R8', 'R70']"
2481519.777899996,127.77038487129059,11.613458516559781,"['D1', 'R7', 'R26', 'R5', 'R14', 'R17', 'R2', 'R11', 'R3', 'R12', 'R10', 'R1', 'R6', 'R13', 'R28', 'R24', 'R20', 'R23', 'R70', 'R8']"
2480205.4225383443,113.19235290976613,10.181622851939881,"['D1', 'R28', 'R6', 'R13', 'R20', 'R7', 'R26', 'R5', 'R11', 'R17', 'R14', 'R2', 'R10', 'R3', 'R12', 'R70', 'R23', 'R1', 'R24', 'R8']"
2482295.580805926,136.3751198527751,12.558337542699595,"['D1', 'R6', 'R28', 'R13', 'R1', 'R7', 'R3', 'R12', 'R10', 'R17', 'R14', 'R2', 'R26', 'R11', 'R5', 'R23', 'R20', 'R70', 'R24', 'R8']"
