total_cost,total_distance,total_fuel_consumed,route
2480791.9371948447,119.69761751159115,11.179189840087176,"['D1', 'R13', 'R6', 'R7', 'R1', 'R11', 'R26', 'R5', 'R17', 'R14', 'R2', 'R12', 'R3', 'R10', 'R23', 'R28', 'R20', 'R70', 'R8', 'R24']"
2480674.8573659523,118.3990391077268,11.0304007517914,"['D1', 'R13', 'R6', 'R7', 'R1', 'R2', 'R17', 'R14', 'R11', 'R5', 'R26', 'R12', 'R3', 'R10', 'R23', 'R20', 'R28', 'R70', 'R8', 'R24']"
2482071.282847676,133.88734303100188,12.351532617950886,"['D1', 'R13', 'R6', 'R7', 'R1', 'R11', 'R2', 'R17', 'R14', 'R26', 'R5', 'R3', 'R12', 'R10', 'R70', 'R24', 'R28', 'R23', 'R20', 'R8']"
2479829.5488306726,109.02338986993038,9.941855365167196,"['D1', 'R13', 'R6', 'R1', 'R7', 'R14', 'R17', 'R2', 'R11', 'R26', 'R5', 'R28', 'R20', 'R23', 'R10', 'R3', 'R12', 'R70', 'R8', 'R24']"
2480316.537570414,114.42477340743551,10.542350758713278,"['D1', 'R13', 'R6', 'R20', 'R23', 'R10', 'R3', 'R12', 'R14', 'R17', 'R2', 'R11', 'R5', 'R26', 'R7', 'R1', 'R28', 'R70', 'R8', 'R24']"
