total_cost,total_distance,total_fuel_consumed,route
2480046.6352795106,111.43118100610748,10.303148554487155,"['D1', 'R13', 'R6', 'R1', 'R7', 'R28', 'R26', 'R5', 'R11', 'R14', 'R17', 'R2', 'R3', 'R12', 'R10', 'R23', 'R70', 'R20', 'R24', 'R8']"
2482179.159971036,135.08385061042554,12.527437129589668,"['D1', 'R13', 'R20', 'R6', 'R11', 'R14', 'R17', 'R2', 'R26', 'R5', 'R7', 'R28', 'R1', 'R3', 'R12', 'R10', 'R23', 'R24', 'R70', 'R8']"
2481086.250707957,122.96196437396672,11.316158072657649,"['D1', 'R13', 'R28', 'R6', 'R1', 'R5', 'R11', 'R26', 'R17', 'R14', 'R2', 'R10', 'R12', 'R3', 'R70', 'R23', 'R7', 'R20', 'R8', 'R24']"
2480703.960607091,118.72183459506857,10.82435221454452,"['D1', 'R13', 'R20', 'R6', 'R17', 'R14', 'R2', 'R5', 'R26', 'R11', 'R28', 'R7', 'R1', 'R3', 'R12', 'R10', 'R70', 'R23', 'R8', 'R24']"
2479654.5063491343,107.08192490166635,9.908044612730238,"['D1', 'R20', 'R6', 'R13', 'R28', 'R7', 'R1', 'R5', 'R26', 'R11', 'R14', 'R17', 'R2', 'R3', 'R12', 'R10', 'R23', 'R70', 'R24', 'R8']"
