total_cost,total_distance,total_fuel_consumed,route
2216069.4702486773,67.31888030920112,5.961001316510234,"['D6', 'R35', 'R30', 'R36', 'R27', 'R22', 'R4', 'R15', 'R32', 'R31', 'R16', 'R18', 'R21', 'R33', 'R37', 'R9', 'R38', 'R34']"
2216290.1613997826,69.76665261516197,6.00923469199778,"['D6', 'R27', 'R36', 'R22', 'R4', 'R16', 'R18', 'R31', 'R21', 'R37', 'R33', 'R9', 'R32', 'R15', 'R30', 'R35', 'R38', 'R34']"
2217029.5819107206,77.96785615262458,6.931272569526019,"['D6', 'R36', 'R27', 'R22', 'R38', 'R30', 'R35', 'R4', 'R16', 'R18', 'R21', 'R31', 'R15', 'R32', 'R9', 'R33', 'R37', 'R34']"
2216526.0269576516,72.38273023127483,6.406246702765629,"['D6', 'R30', 'R27', 'R36', 'R22', 'R38', 'R35', 'R32', 'R4', 'R15', 'R21', 'R16', 'R18', 'R31', 'R9', 'R37', 'R33', 'R34']"
2216130.146653102,67.99186616128694,6.00639969744097,"['D6', 'R30', 'R27', 'R36', 'R22', 'R4', 'R15', 'R32', 'R31', 'R16', 'R18', 'R21', 'R33', 'R37', 'R9', 'R35', 'R38', 'R34']"
