total_cost,total_distance,total_fuel_consumed,route
2216579.8726633643,72.97995411894736,6.4804576262365465,"['D6', 'R36', 'R27', 'R30', 'R38', 'R22', 'R15', 'R32', 'R4', 'R31', 'R18', 'R16', 'R21', 'R9', 'R33', 'R37', 'R35', 'R34']"
2216731.744580024,74.66442524427639,6.584508433835488,"['D6', 'R30', 'R36', 'R27', 'R32', 'R4', 'R22', 'R35', 'R38', 'R15', 'R16', 'R18', 'R31', 'R21', 'R37', 'R33', 'R9', 'R34']"
2216311.213892341,70.00015408541758,6.102871721525479,"['D6', 'R38', 'R22', 'R36', 'R27', 'R30', 'R35', 'R31', 'R18', 'R16', 'R21', 'R37', 'R33', 'R9', 'R15', 'R32', 'R4', 'R34']"
2215580.0142994574,61.890131981561396,5.423092725006306,"['D6', 'R27', 'R36', 'R4', 'R32', 'R15', 'R31', 'R21', 'R18', 'R16', 'R9', 'R33', 'R37', 'R22', 'R38', 'R30', 'R35', 'R34']"
2216435.4903601734,71.37855324061128,6.293483159909744,"['D6', 'R27', 'R4', 'R22', 'R36', 'R30', 'R35', 'R38', 'R32', 'R15', 'R16', 'R18', 'R31', 'R21', 'R37', 'R33', 'R9', 'R34']"
