total_cost,total_distance,total_fuel_consumed,route
2216887.333993569,76.39012858883108,6.677301261018382,"['D6', 'R35', 'R27', 'R36', 'R38', 'R30', 'R4', 'R22', 'R31', 'R18', 'R16', 'R21', 'R9', 'R33', 'R37', 'R32', 'R15', 'R34']"
2217063.673313781,78.34597730458522,6.854279305523117,"['D6', 'R27', 'R36', 'R4', 'R32', 'R30', 'R22', 'R38', 'R35', 'R15', 'R18', 'R31', 'R21', 'R16', 'R9', 'R37', 'R33', 'R34']"
2217673.446951465,85.10921640933519,7.411287393284013,"['D6', 'R27', 'R4', 'R36', 'R32', 'R22', 'R30', 'R38', 'R15', 'R21', 'R16', 'R31', 'R18', 'R9', 'R33', 'R37', 'R35', 'R34']"
2217020.8181616515,77.87065396685264,6.7940517042278525,"['D6', 'R27', 'R38', 'R30', 'R22', 'R36', 'R35', 'R4', 'R32', 'R31', 'R21', 'R16', 'R18', 'R9', 'R37', 'R33', 'R15', 'R34']"
2217161.0455570198,79.42597112932016,6.978625470810751,"['D6', 'R4', 'R36', 'R38', 'R30', 'R27', 'R22', 'R32', 'R15', 'R18', 'R16', 'R21', 'R31', 'R9', 'R37', 'R33', 'R35', 'R34']"
