total_cost,total_distance,total_fuel_consumed,route
2218122.0236867266,90.0845573062001,7.862082762125199,"['D6', 'R22', 'R27', 'R36', 'R4', 'R30', 'R38', 'R35', 'R9', 'R18', 'R16', 'R31', 'R15', 'R32', 'R21', 'R33', 'R37', 'R34']"
2216971.857369756,77.32761057847975,6.835903604502363,"['D6', 'R36', 'R27', 'R38', 'R35', 'R30', 'R4', 'R31', 'R16', 'R18', 'R21', 'R32', 'R15', 'R9', 'R37', 'R33', 'R22', 'R34']"
2217389.868974435,81.96394159754736,7.189501523653602,"['D6', 'R36', 'R27', 'R35', 'R38', 'R22', 'R32', 'R15', 'R4', 'R30', 'R18', 'R16', 'R31', 'R33', 'R37', 'R9', 'R21', 'R34']"
2217280.6626007776,80.75269078058535,7.016044252697922,"['D6', 'R22', 'R36', 'R15', 'R4', 'R27', 'R38', 'R35', 'R30', 'R31', 'R16', 'R18', 'R21', 'R33', 'R37', 'R9', 'R32', 'R34']"
2217137.5806182288,79.16571226962279,7.023078758587925,"['D6', 'R30', 'R36', 'R4', 'R27', 'R38', 'R35', 'R22', 'R31', 'R18', 'R16', 'R21', 'R32', 'R15', 'R9', 'R33', 'R37', 'R34']"
