total_cost,total_distance,total_fuel_consumed,route
2215526.7864720705,61.29976122526629,5.471891647340838,"['D6', 'R30', 'R35', 'R38', 'R27', 'R36', 'R4', 'R15', 'R32', 'R31', 'R18', 'R16', 'R21', 'R9', 'R37', 'R33', 'R22', 'R34']"
2215988.4310187073,66.42004235478518,5.880910877124014,"['D6', 'R36', 'R27', 'R4', 'R32', 'R15', 'R31', 'R16', 'R18', 'R21', 'R9', 'R37', 'R33', 'R38', 'R22', 'R35', 'R30', 'R34']"
2215134.368051066,56.94729426648104,5.137101797949988,"['D6', 'R30', 'R35', 'R38', 'R22', 'R27', 'R36', 'R4', 'R32', 'R15', 'R31', 'R18', 'R16', 'R21', 'R9', 'R37', 'R33', 'R34']"
2215463.933243126,60.60263135676682,5.397029517512602,"['D6', 'R30', 'R38', 'R35', 'R27', 'R36', 'R4', 'R32', 'R15', 'R31', 'R16', 'R18', 'R21', 'R9', 'R33', 'R37', 'R22', 'R34']"
2215472.202993078,60.694354404152605,5.360141268319505,"['D6', 'R36', 'R27', 'R4', 'R32', 'R15', 'R31', 'R18', 'R16', 'R21', 'R9', 'R33', 'R37', 'R22', 'R38', 'R35', 'R30', 'R34']"
