total_cost,total_distance,total_fuel_consumed,route
2217104.6138960375,78.80006539527324,6.958627546826004,"['D4', 'R33', 'R37', 'R9', 'R31', 'R15', 'R18', 'R4', 'R38', 'R22', 'R27', 'R36', 'R30', 'R35', 'R32', 'R21', 'R16', 'R34']"
2217183.284546543,79.67263250380516,6.886673304512642,"['D4', 'R33', 'R37', 'R18', 'R31', 'R16', 'R21', 'R9', 'R4', 'R36', 'R27', 'R22', 'R35', 'R38', 'R32', 'R15', 'R30', 'R34']"
2214712.630524372,52.26963758176818,4.567323831262633,"['D4', 'R33', 'R37', 'R9', 'R16', 'R21', 'R31', 'R18', 'R15', 'R32', 'R4', 'R36', 'R27', 'R30', 'R38', 'R35', 'R22', 'R34']"
2214902.817103538,54.379071689642416,4.682394247740293,"['D4', 'R33', 'R37', 'R9', 'R16', 'R21', 'R31', 'R18', 'R15', 'R4', 'R32', 'R22', 'R36', 'R27', 'R30', 'R35', 'R38', 'R34']"
2217985.476092361,88.57005426310185,7.872732589626288,"['D4', 'R9', 'R16', 'R21', 'R31', 'R15', 'R18', 'R4', 'R36', 'R27', 'R35', 'R38', 'R22', 'R32', 'R37', 'R33', 'R30', 'R34']"
