total_cost,total_distance,total_fuel_consumed,route
2214336.893045944,48.102185514021144,4.2084630893932555,"['D4', 'R37', 'R33', 'R9', 'R21', 'R16', 'R31', 'R18', 'R15', 'R32', 'R4', 'R27', 'R36', 'R22', 'R38', 'R30', 'R35', 'R34']"
2214393.1692611557,48.7263671379298,4.280485366425173,"['D4', 'R33', 'R37', 'R9', 'R21', 'R16', 'R31', 'R18', 'R15', 'R32', 'R4', 'R36', 'R27', 'R22', 'R38', 'R35', 'R30', 'R34']"
2214704.0230106288,52.17416826340636,4.561341051599306,"['D4', 'R37', 'R33', 'R9', 'R21', 'R16', 'R31', 'R18', 'R32', 'R15', 'R4', 'R36', 'R27', 'R38', 'R35', 'R30', 'R22', 'R34']"
2214549.5587112233,50.460944002033955,4.437339845731198,"['D4', 'R37', 'R33', 'R9', 'R21', 'R16', 'R31', 'R18', 'R15', 'R32', 'R36', 'R27', 'R4', 'R22', 'R38', 'R35', 'R30', 'R34']"
2214797.850888946,53.21485014359142,4.691120837433637,"['D4', 'R37', 'R33', 'R9', 'R21', 'R16', 'R31', 'R18', 'R15', 'R32', 'R36', 'R27', 'R22', 'R4', 'R38', 'R35', 'R30', 'R34']"
