total_cost,total_distance,total_fuel_consumed,route
2215496.019585343,60.958513590765634,5.2713550273716425,"['D4', 'R37', 'R33', 'R9', 'R16', 'R21', 'R15', 'R18', 'R31', 'R32', 'R4', 'R22', 'R27', 'R36', 'R35', 'R38', 'R30', 'R34']"
2216054.490567162,67.15273477331814,5.989940282719758,"['D4', 'R37', 'R33', 'R9', 'R21', 'R16', 'R18', 'R31', 'R15', 'R4', 'R27', 'R36', 'R38', 'R22', 'R30', 'R35', 'R32', 'R34']"
2215891.0892022774,65.3403860057422,5.590344524521492,"['D4', 'R37', 'R33', 'R9', 'R18', 'R31', 'R21', 'R16', 'R15', 'R36', 'R4', 'R32', 'R27', 'R35', 'R30', 'R38', 'R22', 'R34']"
2216054.2156954184,67.1496860627633,5.696201109872126,"['D4', 'R9', 'R37', 'R33', 'R15', 'R18', 'R31', 'R16', 'R21', 'R32', 'R27', 'R36', 'R4', 'R22', 'R30', 'R38', 'R35', 'R34']"
2215740.0112672327,63.66472124260261,5.4580657597129125,"['D4', 'R37', 'R33', 'R9', 'R21', 'R31', 'R16', 'R18', 'R35', 'R30', 'R36', 'R27', 'R32', 'R15', 'R4', 'R22', 'R38', 'R34']"
