total_cost,total_distance,total_fuel_consumed,route
2217309.158905117,81.06875449331304,7.158574031196856,"['D4', 'R21', 'R16', 'R31', 'R15', 'R32', 'R36', 'R27', 'R4', 'R38', 'R35', 'R30', 'R22', 'R18', 'R33', 'R37', 'R9', 'R34']"
2216802.81537887,75.4526994107131,6.559582285366124,"['D4', 'R9', 'R33', 'R37', 'R16', 'R21', 'R18', 'R4', 'R27', 'R36', 'R38', 'R35', 'R22', 'R15', 'R31', 'R32', 'R30', 'R34']"
2215991.162216933,66.45033514788324,5.6892879290173575,"['D4', 'R9', 'R37', 'R33', 'R16', 'R21', 'R15', 'R18', 'R31', 'R32', 'R36', 'R27', 'R4', 'R30', 'R22', 'R35', 'R38', 'R34']"
2216717.68018453,74.50843150544047,6.247645746707286,"['D4', 'R31', 'R16', 'R21', 'R9', 'R37', 'R33', 'R27', 'R36', 'R4', 'R32', 'R15', 'R18', 'R22', 'R35', 'R30', 'R38', 'R34']"
2216612.778548755,73.34492622843037,6.188170965700547,"['D4', 'R33', 'R37', 'R21', 'R16', 'R9', 'R30', 'R27', 'R36', 'R4', 'R32', 'R15', 'R18', 'R31', 'R22', 'R38', 'R35', 'R34']"
