total_cost,total_distance,total_fuel_consumed,route
2217777.924151138,86.26801409868892,7.318456899849997,"['D4', 'R9', 'R33', 'R37', 'R16', 'R18', 'R21', 'R4', 'R15', 'R31', 'R36', 'R30', 'R27', 'R32', 'R38', 'R22', 'R35', 'R34']"
2218532.516828931,94.6374981026064,8.086132139551554,"['D4', 'R15', 'R36', 'R27', 'R38', 'R30', 'R35', 'R22', 'R4', 'R16', 'R21', 'R37', 'R33', 'R31', 'R9', 'R18', 'R32', 'R34']"
2216508.081418694,72.18368920468457,6.041684572664372,"['D4', 'R33', 'R37', 'R9', 'R15', 'R31', 'R21', 'R18', 'R32', 'R16', 'R4', 'R22', 'R27', 'R36', 'R30', 'R35', 'R38', 'R34']"
2216195.5866121147,68.71768646977307,5.882052522291085,"['D4', 'R9', 'R33', 'R37', 'R16', 'R31', 'R21', 'R15', 'R32', 'R18', 'R27', 'R36', 'R30', 'R35', 'R22', 'R4', 'R38', 'R34']"
2216445.2770920736,71.48710173107132,6.099671292906633,"['D4', 'R33', 'R37', 'R9', 'R16', 'R18', 'R31', 'R21', 'R4', 'R32', 'R15', 'R35', 'R38', 'R27', 'R30', 'R36', 'R22', 'R34']"
