total_cost,total_distance,total_fuel_consumed,route
2216208.3375557438,68.85911219769596,6.008520426100656,"['D6', 'R36', 'R27', 'R22', 'R30', 'R4', 'R32', 'R31', 'R16', 'R18', 'R21', 'R37', 'R33', 'R9', 'R15', 'R38', 'R35', 'R34']"
2215765.9092948493,63.951966446868035,5.604857509024239,"['D6', 'R30', 'R36', 'R27', 'R22', 'R4', 'R32', 'R16', 'R18', 'R21', 'R37', 'R33', 'R9', 'R31', 'R15', 'R38', 'R35', 'R34']"
2216352.4310639007,70.45730993678673,6.141362052255441,"['D6', 'R36', 'R27', 'R4', 'R32', 'R15', 'R16', 'R18', 'R21', 'R31', 'R33', 'R37', 'R9', 'R35', 'R30', 'R38', 'R22', 'R34']"
2217699.376116257,85.39680696824968,7.630072354208614,"['D6', 'R36', 'R27', 'R22', 'R38', 'R35', 'R30', 'R16', 'R18', 'R9', 'R21', 'R31', 'R15', 'R4', 'R32', 'R37', 'R33', 'R34']"
2215789.6723981462,64.21553236630834,5.7610071160571685,"['D6', 'R36', 'R27', 'R30', 'R35', 'R38', 'R22', 'R4', 'R32', 'R15', 'R16', 'R18', 'R31', 'R21', 'R37', 'R33', 'R9', 'R34']"
