total_cost,total_distance,total_fuel_consumed,route
2217601.3265729,84.30930094166237,7.405742991334915,"['D6', 'R27', 'R36', 'R4', 'R30', 'R22', 'R38', 'R35', 'R18', 'R16', 'R21', 'R31', 'R32', 'R15', 'R9', 'R33', 'R37', 'R34']"
2216226.8689803365,69.0646515121601,6.101296814299477,"['D6', 'R27', 'R4', 'R36', 'R38', 'R35', 'R30', 'R22', 'R32', 'R15', 'R31', 'R16', 'R21', 'R18', 'R33', 'R37', 'R9', 'R34']"
2217746.656749469,85.92121505622833,7.588416971239896,"['D6', 'R36', 'R27', 'R30', 'R22', 'R18', 'R16', 'R21', 'R9', 'R33', 'R37', 'R15', 'R4', 'R38', 'R35', 'R32', 'R31', 'R34']"
2216605.4117082995,73.26321770518635,6.400423382157169,"['D6', 'R22', 'R36', 'R4', 'R27', 'R35', 'R30', 'R32', 'R15', 'R31', 'R16', 'R21', 'R18', 'R9', 'R33', 'R37', 'R38', 'R34']"
2216916.205056714,76.71034889877907,6.721236326343133,"['D6', 'R36', 'R27', 'R38', 'R30', 'R22', 'R35', 'R4', 'R15', 'R32', 'R16', 'R31', 'R21', 'R18', 'R9', 'R33', 'R37', 'R34']"
