total_cost,total_distance,total_fuel_consumed,route
2217441.451812343,82.53606712892001,7.217516979903342,"['D6', 'R38', 'R27', 'R36', 'R30', 'R4', 'R31', 'R16', 'R18', 'R21', 'R15', 'R32', 'R37', 'R33', 'R9', 'R22', 'R35', 'R34']"
2216943.423981656,77.0122446944974,6.74136884201104,"['D6', 'R38', 'R27', 'R36', 'R32', 'R4', 'R30', 'R35', 'R22', 'R15', 'R21', 'R18', 'R16', 'R31', 'R9', 'R37', 'R33', 'R34']"
2218238.9495253526,91.38142774348545,8.066127497141768,"['D6', 'R38', 'R27', 'R36', 'R32', 'R4', 'R31', 'R18', 'R16', 'R21', 'R30', 'R35', 'R22', 'R15', 'R37', 'R33', 'R9', 'R34']"
2217942.8298094636,88.09704757612462,7.887183552470553,"['D6', 'R38', 'R30', 'R27', 'R36', 'R22', 'R4', 'R31', 'R18', 'R16', 'R21', 'R15', 'R32', 'R9', 'R37', 'R33', 'R34', 'R35']"
2217100.477038121,78.75418187800562,6.851452314174242,"['D6', 'R38', 'R4', 'R36', 'R27', 'R22', 'R30', 'R35', 'R15', 'R32', 'R21', 'R18', 'R16', 'R9', 'R37', 'R33', 'R31', 'R34']"
