total_cost,total_distance,total_fuel_consumed,route
2215504.4364886414,61.05186877374784,5.431037392671786,"['D6', 'R30', 'R38', 'R35', 'R27', 'R36', 'R4', 'R32', 'R15', 'R31', 'R18', 'R16', 'R21', 'R33', 'R37', 'R9', 'R22', 'R34']"
2215643.1917453385,62.59085786755408,5.570632328886092,"['D6', 'R30', 'R27', 'R36', 'R22', 'R38', 'R35', 'R4', 'R32', 'R15', 'R31', 'R18', 'R16', 'R21', 'R9', 'R33', 'R37', 'R34']"
2215388.029669713,59.76075498794839,5.364724178760443,"['D6', 'R30', 'R35', 'R38', 'R22', 'R27', 'R36', 'R4', 'R15', 'R32', 'R31', 'R18', 'R16', 'R21', 'R9', 'R33', 'R37', 'R34']"
2216107.1030731723,67.73628075834299,6.007463600202316,"['D6', 'R30', 'R35', 'R27', 'R36', 'R4', 'R22', 'R38', 'R32', 'R15', 'R18', 'R16', 'R31', 'R21', 'R9', 'R33', 'R37', 'R34']"
2216341.004357106,70.33057184012549,6.158632222794027,"['D6', 'R30', 'R35', 'R38', 'R27', 'R36', 'R4', 'R15', 'R32', 'R22', 'R9', 'R37', 'R33', 'R21', 'R16', 'R18', 'R31', 'R34']"
