total_cost,total_distance,total_fuel_consumed,route
2482944.3307036622,143.57065997850486,13.46746494795433,"['D1', 'R13', 'R20', 'R6', 'R1', 'R7', 'R5', 'R26', 'R11', 'R2', 'R14', 'R17', 'R3', 'R12', 'R10', 'R28', 'R23', 'R8', 'R70', 'R24']"
2481667.8718304173,129.41295286620726,11.756328685071443,"['D1', 'R6', 'R20', 'R13', 'R7', 'R3', 'R12', 'R1', 'R5', 'R2', 'R17', 'R14', 'R26', 'R11', 'R28', 'R23', 'R10', 'R70', 'R24', 'R8']"
2483767.3704366884,152.6993171771135,14.001497500045655,"['D1', 'R7', 'R11', 'R17', 'R14', 'R2', 'R5', 'R1', 'R28', 'R12', 'R10', 'R3', 'R23', 'R13', 'R20', 'R6', 'R26', 'R24', 'R70', 'R8']"
2481207.3392627263,124.30500513228105,11.339744060439434,"['D1', 'R13', 'R1', 'R7', 'R6', 'R23', 'R3', 'R12', 'R2', 'R14', 'R17', 'R11', 'R26', 'R5', 'R28', 'R10', 'R70', 'R20', 'R24', 'R8']"
2483428.6776510137,148.9427423581797,13.678281330085504,"['D1', 'R20', 'R6', 'R13', 'R26', 'R14', 'R17', 'R2', 'R12', 'R10', 'R3', 'R1', 'R7', 'R11', 'R5', 'R28', 'R8', 'R23', 'R70', 'R24']"
