total_cost,total_distance,total_fuel_consumed,route
2481932.1678613685,132.34436403470247,12.099727021424707,"['D1', 'R6', 'R20', 'R13', 'R3', 'R12', 'R10', 'R11', 'R17', 'R14', 'R2', 'R1', 'R7', 'R28', 'R26', 'R5', 'R23', 'R70', 'R24', 'R8']"
2480176.9257130744,112.87628341919441,10.345294965081312,"['D1', 'R6', 'R13', 'R20', 'R23', 'R10', 'R12', 'R3', 'R14', 'R17', 'R2', 'R26', 'R5', 'R11', 'R7', 'R28', 'R1', 'R70', 'R8', 'R24']"
2480287.8882335406,114.10701235071971,10.332415500783712,"['D1', 'R20', 'R6', 'R7', 'R1', 'R28', 'R13', 'R2', 'R14', 'R17', 'R26', 'R5', 'R11', 'R12', 'R3', 'R10', 'R23', 'R70', 'R8', 'R24']"
2480613.0497933747,117.71350702501033,10.755626544549065,"['D1', 'R20', 'R6', 'R13', 'R1', 'R7', 'R28', 'R11', 'R26', 'R17', 'R14', 'R2', 'R5', 'R3', 'R12', 'R10', 'R23', 'R70', 'R24', 'R8']"
2481739.360583304,130.20586272520117,11.959080088059256,"['D1', 'R20', 'R13', 'R6', 'R10', 'R3', 'R12', 'R23', 'R26', 'R14', 'R17', 'R2', 'R11', 'R5', 'R7', 'R1', 'R28', 'R24', 'R70', 'R8']"
