total_cost,total_distance,total_fuel_consumed,route
2482309.4178511435,136.52859196032762,12.830919990040272,"['D1', 'R13', 'R28', 'R7', 'R1', 'R10', 'R3', 'R12', 'R2', 'R17', 'R14', 'R26', 'R5', 'R11', 'R6', 'R20', 'R23', 'R24', 'R70', 'R8']"
2481031.5432727593,122.35518270585209,11.350431695509291,"['D1', 'R13', 'R6', 'R7', 'R1', 'R3', 'R12', 'R10', 'R23', 'R2', 'R17', 'R14', 'R11', 'R5', 'R26', 'R28', 'R20', 'R70', 'R8', 'R24']"
2480564.2797088553,117.17257884711043,10.669050537944704,"['D1', 'R13', 'R28', 'R7', 'R1', 'R23', 'R3', 'R12', 'R10', 'R14', 'R17', 'R2', 'R11', 'R5', 'R26', 'R70', 'R6', 'R20', 'R24', 'R8']"
2479363.709749896,103.85658551349199,9.530830805353073,"['D1', 'R20', 'R13', 'R28', 'R6', 'R7', 'R1', 'R11', 'R26', 'R5', 'R14', 'R17', 'R2', 'R3', 'R12', 'R10', 'R23', 'R70', 'R8', 'R24']"
2480084.3499349672,111.84948907461681,10.365371196338158,"['D1', 'R13', 'R6', 'R7', 'R1', 'R11', 'R26', 'R5', 'R14', 'R17', 'R2', 'R12', 'R3', 'R10', 'R23', 'R70', 'R28', 'R20', 'R24', 'R8']"
