total_cost,total_distance,total_fuel_consumed,route
2481250.5838807877,124.78464818975348,11.473586005509711,"['D1', 'R13', 'R1', 'R7', 'R14', 'R17', 'R2', 'R11', 'R26', 'R5', 'R12', 'R3', 'R10', 'R6', 'R20', 'R28', 'R23', 'R70', 'R8', 'R24']"
2481202.166843095,124.24763579298218,11.332413070698168,"['D1', 'R13', 'R1', 'R7', 'R28', 'R11', 'R26', 'R14', 'R17', 'R2', 'R5', 'R12', 'R3', 'R10', 'R70', 'R6', 'R20', 'R23', 'R24', 'R8']"
2479692.3097324604,107.50121708585641,9.850465189200303,"['D1', 'R13', 'R6', 'R7', 'R1', 'R11', 'R2', 'R14', 'R17', 'R26', 'R5', 'R28', 'R20', 'R23', 'R10', 'R12', 'R3', 'R70', 'R8', 'R24']"
2481793.0149393324,130.80096427831157,11.876531378491771,"['D1', 'R13', 'R7', 'R6', 'R3', 'R12', 'R1', 'R28', 'R5', 'R26', 'R11', 'R14', 'R17', 'R2', 'R70', 'R10', 'R20', 'R23', 'R8', 'R24']"
2480718.0322718243,118.87790895990055,10.683179730701019,"['D1', 'R13', 'R7', 'R1', 'R6', 'R20', 'R28', 'R5', 'R11', 'R14', 'R17', 'R2', 'R26', 'R70', 'R12', 'R3', 'R10', 'R23', 'R8', 'R24']"
