total_cost,total_distance,total_fuel_consumed,route
2480511.720282544,116.58962158988625,10.784419557510677,"['D1', 'R20', 'R13', 'R6', 'R28', 'R7', 'R1', 'R26', 'R11', 'R2', 'R14', 'R17', 'R12', 'R3', 'R10', 'R5', 'R70', 'R23', 'R24', 'R8']"
2481029.7357708598,122.33513499178846,11.268243222995569,"['D1', 'R13', 'R20', 'R6', 'R1', 'R7', 'R28', 'R3', 'R12', 'R10', 'R11', 'R17', 'R14', 'R2', 'R26', 'R5', 'R23', 'R70', 'R24', 'R8']"
2481105.0562583115,123.17054412501194,11.253030302391506,"['D1', 'R13', 'R6', 'R28', 'R7', 'R1', 'R3', 'R12', 'R10', 'R23', 'R70', 'R11', 'R5', 'R26', 'R2', 'R14', 'R17', 'R8', 'R20', 'R24']"
2480267.729622746,113.88342527446837,10.560413313710258,"['D1', 'R13', 'R6', 'R28', 'R7', 'R1', 'R11', 'R2', 'R17', 'R14', 'R26', 'R5', 'R10', 'R3', 'R12', 'R23', 'R70', 'R20', 'R24', 'R8']"
2479788.154176756,108.56426549196456,10.032496151773522,"['D1', 'R13', 'R20', 'R6', 'R28', 'R1', 'R7', 'R5', 'R11', 'R26', 'R14', 'R17', 'R2', 'R3', 'R12', 'R10', 'R23', 'R70', 'R24', 'R8']"
