total_cost,total_distance,total_fuel_consumed,route
2481091.7902206043,123.0234052862052,11.082353722837851,"['D1', 'R20', 'R1', 'R7', 'R12', 'R3', 'R10', 'R70', 'R17', 'R14', 'R2', 'R26', 'R5', 'R11', 'R13', 'R28', 'R6', 'R23', 'R24', 'R8']"
2480650.3603611905,118.12733319865897,10.808113366572309,"['D1', 'R20', 'R13', 'R28', 'R5', 'R26', 'R11', 'R17', 'R14', 'R2', 'R10', 'R3', 'R12', 'R70', 'R7', 'R6', 'R1', 'R23', 'R24', 'R8']"
2479892.474713765,109.72132557414714,10.005190684080711,"['D1', 'R6', 'R13', 'R20', 'R1', 'R7', 'R28', 'R5', 'R26', 'R11', 'R17', 'R14', 'R2', 'R12', 'R3', 'R10', 'R70', 'R23', 'R24', 'R8']"
2481423.585063976,126.70347231560986,11.699000441890766,"['D1', 'R20', 'R6', 'R28', 'R1', 'R7', 'R12', 'R3', 'R10', 'R14', 'R17', 'R2', 'R26', 'R5', 'R11', 'R13', 'R23', 'R70', 'R24', 'R8']"
2480150.2224519867,112.58010705397652,10.27945998365117,"['D1', 'R20', 'R13', 'R28', 'R6', 'R7', 'R14', 'R17', 'R2', 'R26', 'R11', 'R5', 'R1', 'R12', 'R3', 'R10', 'R70', 'R23', 'R24', 'R8']"
