total_cost,total_distance,total_fuel_consumed,route
2482814.518276791,142.13085932554455,12.999622891649544,"['D1', 'R6', 'R13', 'R20', 'R12', 'R26', 'R17', 'R14', 'R2', 'R11', 'R5', 'R1', 'R7', 'R10', 'R3', 'R23', 'R28', 'R24', 'R70', 'R8']"
2483152.8383862185,145.88330064572986,13.207716402175796,"['D1', 'R7', 'R6', 'R13', 'R20', 'R17', 'R14', 'R11', 'R5', 'R26', 'R12', 'R10', 'R3', 'R1', 'R2', 'R28', 'R23', 'R70', 'R24', 'R8']"
2479845.4921039627,109.20022298095829,9.908855549615218,"['D1', 'R20', 'R28', 'R6', 'R13', 'R1', 'R7', 'R5', 'R26', 'R11', 'R2', 'R14', 'R17', 'R3', 'R12', 'R10', 'R23', 'R70', 'R8', 'R24']"
2481527.8547396003,127.85996827418384,11.281438437837437,"['D1', 'R28', 'R13', 'R23', 'R7', 'R1', 'R5', 'R26', 'R3', 'R12', 'R2', 'R17', 'R14', 'R11', 'R70', 'R10', 'R20', 'R6', 'R24', 'R8']"
2482921.291356383,143.31512152154866,13.313434184655716,"['D1', 'R28', 'R7', 'R11', 'R5', 'R14', 'R17', 'R2', 'R3', 'R12', 'R10', 'R1', 'R6', 'R13', 'R20', 'R23', 'R26', 'R24', 'R70', 'R8']"
