total_cost,total_distance,total_fuel_consumed,route
2480706.22949018,118.74699966925778,10.963148364839354,"['D1', 'R6', 'R7', 'R1', 'R28', 'R11', 'R5', 'R26', 'R17', 'R14', 'R2', 'R3', 'R12', 'R10', 'R23', 'R20', 'R13', 'R70', 'R8', 'R24']"
2480696.9354054993,118.6439153227501,10.87910479271863,"['D1', 'R13', 'R6', 'R7', 'R1', 'R12', 'R3', 'R10', 'R23', 'R11', 'R26', 'R5', 'R2', 'R17', 'R14', 'R70', 'R28', 'R20', 'R24', 'R8']"
2479304.5301963068,103.20020182238864,9.349036405071942,"['D1', 'R13', 'R6', 'R1', 'R7', 'R28', 'R11', 'R26', 'R5', 'R17', 'R14', 'R2', 'R70', 'R3', 'R12', 'R10', 'R23', 'R20', 'R24', 'R8']"
2480772.799566326,119.48535455109501,11.028613897023954,"['D1', 'R13', 'R6', 'R20', 'R7', 'R1', 'R5', 'R11', 'R26', 'R17', 'R14', 'R2', 'R12', 'R3', 'R10', 'R23', 'R28', 'R70', 'R8', 'R24']"
2480301.446751869,114.25739520706375,10.703324791839524,"['D1', 'R13', 'R6', 'R7', 'R1', 'R5', 'R26', 'R11', 'R14', 'R17', 'R2', 'R3', 'R12', 'R10', 'R23', 'R20', 'R28', 'R70', 'R8', 'R24']"
