total_cost,total_distance,total_fuel_consumed,route
2481083.473251613,122.93115851389388,11.102872482946353,"['D3', 'R7', 'R6', 'R23', 'R2', 'R17', 'R14', 'R11', 'R5', 'R26', 'R1', 'R28', 'R13', 'R20', 'R10', 'R3', 'R12', 'R70', 'R24', 'R8']"
2481211.910677099,124.35570848601657,11.621153914357837,"['D3', 'R1', 'R7', 'R14', 'R17', 'R2', 'R26', 'R5', 'R11', 'R12', 'R3', 'R10', 'R23', 'R6', 'R20', 'R13', 'R28', 'R24', 'R70', 'R8']"
2481006.8918753145,122.08176436684356,11.368201099951547,"['D3', 'R5', 'R11', 'R26', 'R14', 'R17', 'R2', 'R3', 'R12', 'R10', 'R1', 'R7', 'R20', 'R28', 'R13', 'R6', 'R23', 'R70', 'R24', 'R8']"
2481659.019908626,129.31477272211947,11.9377870906025,"['D3', 'R7', 'R28', 'R1', 'R6', 'R23', 'R10', 'R12', 'R3', 'R14', 'R17', 'R2', 'R5', 'R26', 'R11', 'R13', 'R20', 'R70', 'R24', 'R8']"
2481078.1967559303,122.87263482620259,11.356648092463432,"['D3', 'R1', 'R17', 'R14', 'R2', 'R5', 'R11', 'R26', 'R10', 'R12', 'R3', 'R7', 'R6', 'R28', 'R13', 'R20', 'R23', 'R70', 'R24', 'R8']"
