total_cost,total_distance,total_fuel_consumed,route
2481402.8440315113,126.47342537168964,11.563451585478738,"['D3', 'R28', 'R7', 'R1', 'R11', 'R17', 'R14', 'R2', 'R3', 'R10', 'R26', 'R5', 'R6', 'R13', 'R23', 'R70', 'R12', 'R20', 'R24', 'R8']"
2482140.36435697,134.6535532050778,12.489795297866582,"['D3', 'R1', 'R3', 'R10', 'R12', 'R11', 'R5', 'R14', 'R17', 'R2', 'R26', 'R7', 'R23', 'R6', 'R20', 'R13', 'R28', 'R24', 'R70', 'R8']"
2480719.2072199406,118.89094077130918,11.00651064170542,"['D3', 'R1', 'R7', 'R3', 'R12', 'R10', 'R14', 'R17', 'R2', 'R11', 'R26', 'R5', 'R13', 'R6', 'R28', 'R20', 'R23', 'R70', 'R8', 'R24']"
2481489.900350679,127.43900122758568,11.857482874878885,"['D3', 'R11', 'R14', 'R17', 'R2', 'R26', 'R5', 'R12', 'R3', 'R10', 'R23', 'R6', 'R7', 'R1', 'R28', 'R20', 'R13', 'R70', 'R24', 'R8']"
2480867.697334821,120.53790300378147,11.267618501207563,"['D3', 'R5', 'R26', 'R11', 'R14', 'R17', 'R2', 'R12', 'R3', 'R10', 'R6', 'R7', 'R1', 'R28', 'R20', 'R13', 'R23', 'R70', 'R24', 'R8']"
