total_cost,total_distance,total_fuel_consumed,route
2482594.1149974577,139.68627991856633,12.817878221502259,"['D3', 'R28', 'R7', 'R6', 'R1', 'R11', 'R5', 'R26', 'R17', 'R14', 'R2', 'R13', 'R10', 'R12', 'R3', 'R23', 'R20', 'R70', 'R24', 'R8']"
2482020.708295082,133.32640078840433,12.225478132046932,"['D3', 'R7', 'R6', 'R12', 'R3', 'R17', 'R14', 'R2', 'R26', 'R11', 'R5', 'R1', 'R13', 'R28', 'R20', 'R10', 'R70', 'R23', 'R8', 'R24']"
2483501.6686630496,149.75231436390212,14.00289397830755,"['D3', 'R7', 'R6', 'R1', 'R12', 'R3', 'R10', 'R14', 'R2', 'R17', 'R11', 'R5', 'R26', 'R28', 'R13', 'R23', 'R20', 'R8', 'R70', 'R24']"
2481841.64652636,131.3403563260865,12.078158278725711,"['D3', 'R17', 'R14', 'R2', 'R26', 'R11', 'R5', 'R7', 'R13', 'R6', 'R1', 'R12', 'R3', 'R10', 'R28', 'R20', 'R23', 'R70', 'R24', 'R8']"
2480934.022021524,121.27353617484906,11.03280358552093,"['D3', 'R28', 'R7', 'R13', 'R6', 'R11', 'R17', 'R14', 'R2', 'R26', 'R5', 'R1', 'R12', 'R3', 'R10', 'R23', 'R70', 'R20', 'R24', 'R8']"
