total_cost,total_distance,total_fuel_consumed,route
2481278.781618061,125.09740037778535,11.48277142801397,"['D3', 'R2', 'R14', 'R17', 'R11', 'R26', 'R5', 'R7', 'R1', 'R3', 'R12', 'R10', 'R70', 'R20', 'R13', 'R28', 'R6', 'R23', 'R8', 'R24']"
2482046.828432685,133.61610950183672,12.23456879720138,"['D3', 'R1', 'R6', 'R7', 'R28', 'R26', 'R5', 'R2', 'R17', 'R14', 'R11', 'R3', 'R12', 'R10', 'R23', 'R24', 'R13', 'R20', 'R70', 'R8']"
2482720.3330068616,141.0862134745078,13.259028387768296,"['D3', 'R26', 'R5', 'R11', 'R14', 'R17', 'R2', 'R12', 'R3', 'R10', 'R1', 'R7', 'R20', 'R6', 'R28', 'R13', 'R23', 'R24', 'R70', 'R8']"
2482767.823441374,141.612948551179,13.23693976974878,"['D3', 'R1', 'R3', 'R12', 'R10', 'R11', 'R26', 'R2', 'R14', 'R17', 'R5', 'R6', 'R7', 'R28', 'R13', 'R20', 'R23', 'R24', 'R70', 'R8']"
2480514.944564058,116.62538336355378,10.882354116872024,"['D3', 'R5', 'R11', 'R26', 'R17', 'R14', 'R2', 'R3', 'R12', 'R10', 'R7', 'R1', 'R6', 'R28', 'R13', 'R20', 'R23', 'R70', 'R24', 'R8']"
