total_cost,total_distance,total_fuel_consumed,route
2481056.2457117513,122.62916716672021,11.280655541911669,"['D3', 'R5', 'R26', 'R11', 'R2', 'R17', 'R14', 'R7', 'R1', 'R6', 'R13', 'R28', 'R20', 'R12', 'R3', 'R10', 'R23', 'R70', 'R24', 'R8']"
2479439.6740153884,104.69913504202486,9.608264680074754,"['D3', 'R5', 'R26', 'R17', 'R14', 'R2', 'R11', 'R1', 'R7', 'R28', 'R13', 'R6', 'R20', 'R23', 'R10', 'R12', 'R3', 'R70', 'R8', 'R24']"
2479692.9481886458,107.50829845436604,9.82795741583978,"['D3', 'R1', 'R7', 'R11', 'R2', 'R14', 'R17', 'R26', 'R5', 'R28', 'R6', 'R20', 'R13', 'R23', 'R10', 'R3', 'R12', 'R70', 'R8', 'R24']"
2481466.0368597344,127.17432186928806,11.718444381370192,"['D3', 'R1', 'R7', 'R26', 'R2', 'R14', 'R17', 'R12', 'R3', 'R10', 'R28', 'R13', 'R6', 'R20', 'R23', 'R11', 'R5', 'R70', 'R8', 'R24']"
2481036.3578401287,122.40858296505522,11.265871407492057,"['D3', 'R1', 'R7', 'R6', 'R3', 'R12', 'R10', 'R17', 'R14', 'R2', 'R5', 'R26', 'R11', 'R23', 'R20', 'R13', 'R28', 'R24', 'R8', 'R70']"
