total_cost,total_distance,total_fuel_consumed,route
2216383.5687763365,70.80267054499271,6.165272438897858,"['D5', 'R22', 'R27', 'R36', 'R32', 'R4', 'R15', 'R18', 'R16', 'R31', 'R21', 'R33', 'R37', 'R9', 'R38', 'R30', 'R35', 'R34']"
2216699.3611727008,74.30524814442167,6.4072284529732775,"['D5', 'R4', 'R35', 'R38', 'R22', 'R27', 'R36', 'R30', 'R16', 'R18', 'R21', 'R33', 'R37', 'R9', 'R31', 'R15', 'R32', 'R34']"
2216523.552316238,72.35528301062867,6.32549431819387,"['D5', 'R27', 'R36', 'R22', 'R4', 'R32', 'R15', 'R18', 'R16', 'R21', 'R31', 'R9', 'R37', 'R33', 'R30', 'R38', 'R35', 'R34']"
2216731.892888009,74.66607018643955,6.54281102978822,"['D5', 'R15', 'R32', 'R4', 'R27', 'R36', 'R22', 'R35', 'R38', 'R30', 'R31', 'R21', 'R16', 'R18', 'R9', 'R33', 'R37', 'R34']"
2216157.353884245,68.29363225648974,6.013271926668656,"['D5', 'R22', 'R27', 'R36', 'R4', 'R32', 'R15', 'R18', 'R16', 'R31', 'R21', 'R33', 'R37', 'R9', 'R38', 'R35', 'R30', 'R34']"
