total_cost,total_distance,total_fuel_consumed,route
2216760.873712158,74.98750789882641,6.551054918443024,"['D5', 'R27', 'R36', 'R4', 'R15', 'R32', 'R35', 'R30', 'R38', 'R22', 'R31', 'R18', 'R16', 'R21', 'R37', 'R33', 'R9', 'R34']"
2217367.290099274,81.7135104178561,7.100696676497671,"['D5', 'R36', 'R27', 'R38', 'R4', 'R22', 'R30', 'R35', 'R15', 'R32', 'R21', 'R18', 'R16', 'R31', 'R9', 'R37', 'R33', 'R34']"
2217178.5858852887,79.62051780489341,6.832020587985378,"['D5', 'R36', 'R4', 'R22', 'R38', 'R27', 'R16', 'R18', 'R31', 'R15', 'R21', 'R37', 'R33', 'R9', 'R32', 'R30', 'R35', 'R34']"
2217716.7272086213,85.58925475401148,7.404755762717963,"['D5', 'R35', 'R38', 'R36', 'R27', 'R30', 'R32', 'R4', 'R22', 'R16', 'R31', 'R15', 'R18', 'R21', 'R33', 'R37', 'R9', 'R34']"
2217694.932569274,85.34752184199586,7.41066120411474,"['D5', 'R4', 'R31', 'R18', 'R16', 'R21', 'R15', 'R32', 'R27', 'R38', 'R30', 'R36', 'R22', 'R35', 'R34', 'R33', 'R37', 'R9']"
