total_cost,total_distance,total_fuel_consumed,route
2217281.615310289,80.76325765627286,7.03173945871487,"['D5', 'R15', 'R21', 'R16', 'R18', 'R31', 'R32', 'R4', 'R27', 'R36', 'R38', 'R22', 'R30', 'R35', 'R34', 'R37', 'R33', 'R9']"
2216743.892199327,74.79915926494056,6.524916603530713,"['D5', 'R15', 'R4', 'R36', 'R27', 'R22', 'R35', 'R30', 'R38', 'R32', 'R18', 'R31', 'R16', 'R21', 'R9', 'R33', 'R37', 'R34']"
2217617.4612396155,84.48825687239996,7.411551630220433,"['D5', 'R22', 'R4', 'R38', 'R27', 'R36', 'R30', 'R35', 'R31', 'R16', 'R18', 'R21', 'R32', 'R15', 'R9', 'R33', 'R37', 'R34']"
2216335.555425079,70.27013559316383,6.195103989216147,"['D5', 'R36', 'R27', 'R4', 'R22', 'R38', 'R35', 'R30', 'R15', 'R32', 'R31', 'R16', 'R18', 'R21', 'R37', 'R33', 'R9', 'R34']"
2217236.9600075493,80.26796814051858,6.9218019576486505,"['D5', 'R38', 'R27', 'R4', 'R30', 'R36', 'R22', 'R35', 'R32', 'R15', 'R16', 'R18', 'R31', 'R21', 'R9', 'R37', 'R33', 'R34']"
