total_cost,total_distance,total_fuel_consumed,route
2217536.6915576886,83.5924085812859,7.379814450190285,"['D5', 'R22', 'R4', 'R27', 'R36', 'R38', 'R30', 'R35', 'R18', 'R16', 'R21', 'R31', 'R15', 'R32', 'R33', 'R37', 'R9', 'R34']"
2216098.0408617547,67.63576820935047,5.91072590862212,"['D5', 'R27', 'R36', 'R4', 'R32', 'R15', 'R31', 'R21', 'R18', 'R16', 'R9', 'R33', 'R37', 'R38', 'R35', 'R30', 'R22', 'R34']"
2216058.049482186,67.19220809878206,5.930472177894012,"['D5', 'R22', 'R4', 'R36', 'R27', 'R30', 'R35', 'R38', 'R15', 'R32', 'R31', 'R18', 'R16', 'R21', 'R9', 'R33', 'R37', 'R34']"
2215663.28765062,62.813749452308656,5.532746334215782,"['D5', 'R22', 'R36', 'R27', 'R4', 'R32', 'R15', 'R31', 'R18', 'R16', 'R21', 'R9', 'R33', 'R37', 'R30', 'R35', 'R38', 'R34']"
2216657.6457139025,73.84256559341966,6.568654909406208,"['D5', 'R4', 'R27', 'R36', 'R30', 'R35', 'R38', 'R22', 'R32', 'R18', 'R16', 'R21', 'R15', 'R31', 'R9', 'R37', 'R33', 'R34']"
