total_cost,total_distance,total_fuel_consumed,route
2216087.4185429765,67.51795189636886,5.949038897602959,"['D5', 'R4', 'R36', 'R27', 'R22', 'R30', 'R38', 'R35', 'R32', 'R15', 'R31', 'R16', 'R18', 'R21', 'R9', 'R33', 'R37', 'R34']"
2216539.692672793,72.534302049609,6.400046621428595,"['D5', 'R4', 'R36', 'R27', 'R38', 'R22', 'R15', 'R32', 'R31', 'R18', 'R16', 'R21', 'R9', 'R37', 'R33', 'R35', 'R30', 'R34']"
2216612.1431276854,73.33787852357776,6.556649610901649,"['D5', 'R4', 'R36', 'R27', 'R22', 'R38', 'R35', 'R30', 'R32', 'R15', 'R16', 'R18', 'R9', 'R21', 'R31', 'R37', 'R33', 'R34']"
2217452.060877822,82.65373644434275,7.313590023124252,"['D5', 'R4', 'R32', 'R36', 'R27', 'R22', 'R38', 'R30', 'R35', 'R31', 'R16', 'R18', 'R21', 'R15', 'R33', 'R37', 'R9', 'R34']"
2216176.389605352,68.50476492183033,6.098386185467076,"['D5', 'R4', 'R22', 'R38', 'R35', 'R30', 'R36', 'R27', 'R32', 'R15', 'R16', 'R18', 'R21', 'R31', 'R33', 'R37', 'R9', 'R34']"
