total_cost,total_distance,total_fuel_consumed,route
2479838.922067214,109.12735212083348,9.918334846431913,"['D1', 'R13', 'R1', 'R7', 'R28', 'R6', 'R20', 'R23', 'R10', 'R3', 'R12', 'R2', 'R14', 'R17', 'R26', 'R5', 'R11', 'R70', 'R8', 'R24']"
2479458.5639994447,104.90865128044874,9.631693221126842,"['D1', 'R20', 'R13', 'R6', 'R7', 'R1', 'R28', 'R5', 'R26', 'R17', 'R14', 'R2', 'R11', 'R12', 'R3', 'R10', 'R23', 'R70', 'R8', 'R24']"
2482072.5379195856,133.9012635269005,12.450512243850241,"['D1', 'R13', 'R20', 'R7', 'R1', 'R11', 'R26', 'R5', 'R14', 'R17', 'R2', 'R10', 'R3', 'R12', 'R23', 'R6', 'R28', 'R8', 'R70', 'R24']"
2480366.349934903,114.97726192217324,10.347175690247187,"['D1', 'R13', 'R20', 'R14', 'R17', 'R2', 'R11', 'R5', 'R26', 'R1', 'R7', 'R6', 'R12', 'R3', 'R10', 'R70', 'R23', 'R28', 'R24', 'R8']"
2480138.650246259,112.45175517146095,10.26594134075207,"['D1', 'R13', 'R20', 'R7', 'R1', 'R2', 'R17', 'R14', 'R11', 'R26', 'R5', 'R28', 'R6', 'R3', 'R12', 'R10', 'R23', 'R70', 'R8', 'R24']"
