total_cost,total_distance,total_fuel_consumed,route
2480643.82263491,118.05482070663118,10.832770301360403,"['D1', 'R20', 'R13', 'R7', 'R1', 'R6', 'R28', 'R5', 'R11', 'R14', 'R17', 'R2', 'R26', 'R3', 'R10', 'R12', 'R23', 'R70', 'R24', 'R8']"
2480288.0567608196,114.10888155301134,10.383411567658891,"['D1', 'R20', 'R6', 'R13', 'R1', 'R7', 'R28', 'R26', 'R17', 'R14', 'R2', 'R5', 'R11', 'R3', 'R12', 'R10', 'R70', 'R23', 'R24', 'R8']"
2480348.815897988,114.78278502648817,10.484571545611194,"['D1', 'R6', 'R13', 'R20', 'R7', 'R1', 'R28', 'R26', 'R5', 'R11', 'R14', 'R17', 'R2', 'R3', 'R12', 'R10', 'R23', 'R70', 'R24', 'R8']"
2480761.714538588,119.36240615115767,10.997876466706613,"['D1', 'R13', 'R7', 'R1', 'R23', 'R10', 'R3', 'R12', 'R2', 'R17', 'R14', 'R26', 'R5', 'R11', 'R28', 'R6', 'R20', 'R70', 'R8', 'R24']"
2480317.5960259754,114.43651315411775,10.404573353652596,"['D1', 'R6', 'R13', 'R28', 'R5', 'R26', 'R17', 'R14', 'R2', 'R11', 'R12', 'R3', 'R10', 'R70', 'R1', 'R7', 'R23', 'R20', 'R24', 'R8']"
