total_cost,total_distance,total_fuel_consumed,route
2481458.7475524778,127.09347329722432,11.584371939940935,"['D1', 'R28', 'R13', 'R6', 'R7', 'R1', 'R11', 'R2', 'R17', 'R14', 'R26', 'R5', 'R23', 'R3', 'R12', 'R70', 'R10', 'R20', 'R8', 'R24']"
2481551.212476747,128.11903811831377,11.762965062513217,"['D1', 'R13', 'R10', 'R3', 'R12', 'R14', 'R2', 'R17', 'R11', 'R5', 'R26', 'R7', 'R1', 'R6', 'R23', 'R70', 'R20', 'R28', 'R8', 'R24']"
2483072.0634894785,144.98739451506282,12.786704873819541,"['D1', 'R6', 'R7', 'R13', 'R20', 'R5', 'R17', 'R14', 'R2', 'R11', 'R26', 'R8', 'R12', 'R3', 'R10', 'R1', 'R28', 'R23', 'R70', 'R24']"
2481511.1307041543,127.6744754231809,11.707109158882105,"['D1', 'R20', 'R13', 'R23', 'R10', 'R12', 'R3', 'R6', 'R7', 'R1', 'R5', 'R11', 'R2', 'R17', 'R14', 'R26', 'R28', 'R70', 'R24', 'R8']"
2480843.305834004,120.26736728043926,10.921810166665056,"['D1', 'R28', 'R7', 'R6', 'R13', 'R20', 'R1', 'R11', 'R14', 'R17', 'R26', 'R5', 'R2', 'R12', 'R3', 'R10', 'R23', 'R70', 'R24', 'R8']"
