total_cost,total_distance,total_fuel_consumed,route
2479813.4932145975,108.84531072090752,9.919414000049816,"['D1', 'R6', 'R13', 'R28', 'R1', 'R7', 'R2', 'R14', 'R17', 'R11', 'R26', 'R5', 'R3', 'R12', 'R10', 'R70', 'R23', 'R20', 'R24', 'R8']"
2483002.72054579,144.218284669371,13.410779258853417,"['D1', 'R6', 'R28', 'R13', 'R7', 'R1', 'R26', 'R5', 'R11', 'R14', 'R17', 'R2', 'R10', 'R3', 'R12', 'R20', 'R23', 'R24', 'R70', 'R8']"
2483630.803931976,151.1846043919287,13.251781671153449,"['D1', 'R6', 'R13', 'R26', 'R14', 'R17', 'R2', 'R5', 'R11', 'R8', 'R28', 'R1', 'R10', 'R12', 'R3', 'R7', 'R20', 'R70', 'R23', 'R24']"
2482319.2028937032,136.6371217136531,12.328348837281128,"['D1', 'R13', 'R7', 'R5', 'R3', 'R12', 'R6', 'R28', 'R26', 'R14', 'R17', 'R2', 'R11', 'R1', 'R10', 'R70', 'R23', 'R20', 'R8', 'R24']"
2480217.411288944,113.3253248551973,10.445602005047515,"['D1', 'R20', 'R6', 'R13', 'R28', 'R7', 'R1', 'R3', 'R12', 'R10', 'R14', 'R17', 'R2', 'R11', 'R26', 'R5', 'R70', 'R23', 'R24', 'R8']"
