total_cost,total_distance,total_fuel_consumed,route
2482120.325905532,134.43129886348785,12.268656823147484,"['D1', 'R28', 'R13', 'R20', 'R6', 'R1', 'R26', 'R11', 'R17', 'R14', 'R2', 'R12', 'R3', 'R10', 'R7', 'R5', 'R24', 'R23', 'R70', 'R8']"
2483028.3924504453,144.50302185498694,13.321160089193384,"['D1', 'R6', 'R1', 'R7', 'R28', 'R13', 'R20', 'R11', 'R26', 'R5', 'R14', 'R17', 'R2', 'R10', 'R3', 'R12', 'R23', 'R8', 'R70', 'R24']"
2481153.585749308,123.70880378558,11.482722272921498,"['D1', 'R20', 'R13', 'R6', 'R1', 'R7', 'R11', 'R26', 'R14', 'R17', 'R2', 'R12', 'R3', 'R10', 'R5', 'R28', 'R23', 'R70', 'R24', 'R8']"
2482492.6692934292,138.56110573901003,12.884689686916492,"['D1', 'R20', 'R13', 'R28', 'R1', 'R7', 'R2', 'R14', 'R17', 'R11', 'R26', 'R5', 'R10', 'R12', 'R3', 'R23', 'R6', 'R8', 'R70', 'R24']"
2480901.513037022,120.91296624913774,11.205065869729312,"['D1', 'R20', 'R13', 'R6', 'R1', 'R11', 'R26', 'R5', 'R17', 'R14', 'R2', 'R10', 'R3', 'R12', 'R7', 'R28', 'R23', 'R70', 'R24', 'R8']"
