total_cost,total_distance,total_fuel_consumed,route
2482921.7271257434,143.3199548108176,13.186178324234378,"['D1', 'R13', 'R5', 'R26', 'R11', 'R17', 'R14', 'R2', 'R6', 'R7', 'R1', 'R12', 'R3', 'R10', 'R20', 'R23', 'R28', 'R70', 'R24', 'R8']"
2481776.9828741774,130.6231463418089,11.886788900180047,"['D1', 'R13', 'R7', 'R6', 'R17', 'R14', 'R2', 'R11', 'R5', 'R26', 'R1', 'R28', 'R12', 'R3', 'R10', 'R23', 'R20', 'R24', 'R8', 'R70']"
2479793.852897358,108.627472242223,9.928389856845175,"['D1', 'R13', 'R6', 'R7', 'R1', 'R14', 'R17', 'R2', 'R11', 'R5', 'R26', 'R28', 'R20', 'R23', 'R10', 'R3', 'R12', 'R70', 'R8', 'R24']"
2480943.6678973176,121.38052237486518,11.172700895462638,"['D1', 'R13', 'R28', 'R7', 'R1', 'R6', 'R20', 'R10', 'R3', 'R12', 'R17', 'R14', 'R2', 'R11', 'R26', 'R5', 'R23', 'R70', 'R24', 'R8']"
2479927.849798356,110.11368454255239,10.14043935811393,"['D1', 'R20', 'R13', 'R6', 'R7', 'R1', 'R3', 'R12', 'R17', 'R14', 'R2', 'R26', 'R5', 'R11', 'R10', 'R23', 'R70', 'R28', 'R24', 'R8']"
