total_cost,total_distance,total_fuel_consumed,route
2480846.541967976,120.30326051438138,10.875202884695527,"['D1', 'R6', 'R13', 'R20', 'R17', 'R2', 'R14', 'R26', 'R11', 'R5', 'R1', 'R7', 'R28', 'R3', 'R10', 'R12', 'R23', 'R70', 'R8', 'R24']"
2482626.068462839,140.04068836333883,12.95583355647365,"['D1', 'R6', 'R13', 'R23', 'R10', 'R12', 'R3', 'R11', 'R26', 'R5', 'R14', 'R17', 'R2', 'R1', 'R7', 'R20', 'R28', 'R8', 'R70', 'R24']"
2480461.512923568,116.03275203602895,10.630193087343425,"['D1', 'R20', 'R13', 'R1', 'R7', 'R28', 'R6', 'R10', 'R3', 'R12', 'R14', 'R17', 'R2', 'R11', 'R5', 'R26', 'R70', 'R23', 'R24', 'R8']"
2480085.729850902,111.86479426466883,10.226092103816645,"['D1', 'R20', 'R13', 'R28', 'R6', 'R10', 'R12', 'R3', 'R1', 'R7', 'R5', 'R26', 'R11', 'R17', 'R14', 'R2', 'R70', 'R23', 'R24', 'R8']"
2480363.3484629835,114.9439714172951,10.493071465494227,"['D1', 'R6', 'R13', 'R1', 'R7', 'R5', 'R26', 'R14', 'R17', 'R2', 'R11', 'R12', 'R3', 'R10', 'R70', 'R23', 'R28', 'R20', 'R24', 'R8']"
