total_cost,total_distance,total_fuel_consumed,route
2481630.708490433,129.00075965432393,11.934754017441051,"['D1', 'R13', 'R7', 'R1', 'R5', 'R14', 'R17', 'R2', 'R26', 'R11', 'R3', 'R12', 'R10', 'R6', 'R23', 'R20', 'R28', 'R70', 'R8', 'R24']"
2483267.4593872866,147.1546072236745,13.692258929381914,"['D1', 'R6', 'R13', 'R7', 'R5', 'R26', 'R2', 'R17', 'R14', 'R11', 'R1', 'R3', 'R12', 'R10', 'R28', 'R20', 'R23', 'R24', 'R70', 'R8']"
2480636.7549035284,117.97642971970922,10.974243171837253,"['D1', 'R13', 'R6', 'R28', 'R7', 'R1', 'R2', 'R17', 'R14', 'R11', 'R26', 'R5', 'R10', 'R3', 'R12', 'R23', 'R20', 'R70', 'R8', 'R24']"
2481831.989923705,131.23325115023047,12.005027600374676,"['D1', 'R13', 'R7', 'R1', 'R6', 'R5', 'R26', 'R11', 'R14', 'R17', 'R2', 'R23', 'R10', 'R12', 'R3', 'R70', 'R28', 'R20', 'R8', 'R24']"
2481252.3356437264,124.80407768108745,11.465837147811987,"['D1', 'R13', 'R20', 'R6', 'R28', 'R1', 'R2', 'R17', 'R14', 'R11', 'R5', 'R26', 'R10', 'R3', 'R7', 'R12', 'R70', 'R23', 'R8', 'R24']"
