total_cost,total_distance,total_fuel_consumed,route
2479940.2888034056,110.2516504370626,10.112910537619053,"['D1', 'R20', 'R13', 'R6', 'R7', 'R28', 'R5', 'R11', 'R14', 'R17', 'R2', 'R26', 'R1', 'R10', 'R3', 'R12', 'R70', 'R23', 'R24', 'R8']"
2482224.7111388003,135.58907651730425,12.456227812527649,"['D1', 'R6', 'R13', 'R28', 'R1', 'R7', 'R12', 'R3', 'R10', 'R26', 'R11', 'R2', 'R17', 'R14', 'R5', 'R70', 'R20', 'R23', 'R8', 'R24']"
2481015.524105521,122.1775078252119,11.153470580482962,"['D1', 'R28', 'R7', 'R11', 'R2', 'R17', 'R14', 'R26', 'R5', 'R1', 'R6', 'R13', 'R20', 'R12', 'R3', 'R10', 'R70', 'R23', 'R8', 'R24']"
2480515.923426498,116.63624031165071,10.74422450791012,"['D1', 'R13', 'R28', 'R6', 'R1', 'R10', 'R3', 'R12', 'R14', 'R17', 'R2', 'R26', 'R11', 'R5', 'R7', 'R20', 'R23', 'R70', 'R8', 'R24']"
2482160.906579051,134.88139506490091,12.545098895729435,"['D1', 'R13', 'R28', 'R7', 'R6', 'R1', 'R5', 'R11', 'R26', 'R17', 'R14', 'R2', 'R10', 'R3', 'R12', 'R23', 'R20', 'R8', 'R24', 'R70']"
