total_cost,total_distance,total_fuel_consumed,route
2480752.0508923912,119.25522285261425,11.023762117348994,"['D1', 'R13', 'R28', 'R7', 'R5', 'R26', 'R11', 'R17', 'R14', 'R2', 'R1', 'R3', 'R12', 'R10', 'R23', 'R6', 'R20', 'R24', 'R8', 'R70']"
2480002.7719722628,110.94467582367932,10.259159441128523,"['D1', 'R13', 'R6', 'R28', 'R1', 'R7', 'R11', 'R26', 'R5', 'R17', 'R14', 'R2', 'R12', 'R3', 'R10', 'R23', 'R70', 'R20', 'R24', 'R8']"
2480512.580495677,116.59916255187665,10.587076812970166,"['D1', 'R13', 'R20', 'R28', 'R14', 'R17', 'R2', 'R5', 'R26', 'R11', 'R1', 'R7', 'R6', 'R10', 'R3', 'R12', 'R70', 'R23', 'R24', 'R8']"
2481601.294780984,128.6745206409093,11.720075276257802,"['D1', 'R13', 'R6', 'R7', 'R1', 'R28', 'R20', 'R10', 'R12', 'R3', 'R23', 'R17', 'R14', 'R2', 'R11', 'R5', 'R26', 'R8', 'R24', 'R70']"
2479907.640248024,109.88953247586987,9.982459255862583,"['D1', 'R13', 'R20', 'R1', 'R7', 'R6', 'R28', 'R11', 'R26', 'R5', 'R17', 'R14', 'R2', 'R3', 'R12', 'R10', 'R23', 'R70', 'R8', 'R24']"
