total_cost,total_distance,total_fuel_consumed,route
2480714.295252044,118.8364602045737,10.776888015123172,"['D1', 'R20', 'R6', 'R28', 'R13', 'R1', 'R7', 'R3', 'R17', 'R14', 'R2', 'R5', 'R26', 'R11', 'R12', 'R10', 'R70', 'R23', 'R24', 'R8']"
2481578.6205427926,128.42303175236046,11.76730091058558,"['D1', 'R5', 'R11', 'R26', 'R2', 'R14', 'R17', 'R3', 'R10', 'R12', 'R1', 'R7', 'R6', 'R28', 'R13', 'R20', 'R70', 'R23', 'R24', 'R8']"
2480994.162942274,121.94058276701814,11.060603804945934,"['D1', 'R20', 'R13', 'R7', 'R28', 'R1', 'R14', 'R17', 'R2', 'R5', 'R11', 'R26', 'R6', 'R23', 'R12', 'R3', 'R10', 'R70', 'R24', 'R8']"
2481023.479728634,122.26574676834923,11.197036129445497,"['D1', 'R20', 'R13', 'R6', 'R28', 'R3', 'R12', 'R10', 'R17', 'R14', 'R11', 'R26', 'R5', 'R7', 'R1', 'R23', 'R2', 'R70', 'R8', 'R24']"
2482228.3771212404,135.6297373695725,12.25230420421241,"['D1', 'R20', 'R6', 'R28', 'R12', 'R26', 'R2', 'R14', 'R17', 'R11', 'R1', 'R3', 'R10', 'R5', 'R7', 'R13', 'R23', 'R70', 'R8', 'R24']"
