total_cost,total_distance,total_fuel_consumed,route
2479745.5492654876,108.09171767399914,10.004542782509084,"['D1', 'R13', 'R20', 'R6', 'R28', 'R7', 'R1', 'R11', 'R26', 'R5', 'R2', 'R17', 'R14', 'R3', 'R12', 'R10', 'R23', 'R70', 'R24', 'R8']"
2480363.5611515157,114.94633042941321,10.482033360947563,"['D1', 'R13', 'R6', 'R7', 'R1', 'R5', 'R26', 'R11', 'R14', 'R17', 'R2', 'R20', 'R10', 'R12', 'R3', 'R70', 'R23', 'R28', 'R24', 'R8']"
2480116.6499818168,112.20774159069535,10.442473255758358,"['D1', 'R13', 'R6', 'R7', 'R1', 'R26', 'R5', 'R11', 'R2', 'R17', 'R14', 'R3', 'R12', 'R10', 'R23', 'R20', 'R28', 'R24', 'R8', 'R70']"
2481844.343074856,131.37026480541144,12.249181154690621,"['D1', 'R13', 'R6', 'R1', 'R7', 'R28', 'R11', 'R26', 'R5', 'R17', 'R14', 'R2', 'R3', 'R12', 'R10', 'R23', 'R20', 'R8', 'R24', 'R70']"
2480291.104906968,114.1426897401087,10.525694954396736,"['D1', 'R13', 'R20', 'R28', 'R7', 'R1', 'R26', 'R5', 'R11', 'R14', 'R17', 'R2', 'R3', 'R12', 'R10', 'R23', 'R6', 'R70', 'R8', 'R24']"
