total_cost,total_distance,total_fuel_consumed,route
2480275.6262140614,113.97100947273418,10.60394384384456,"['D1', 'R13', 'R6', 'R7', 'R1', 'R28', 'R5', 'R26', 'R11', 'R14', 'R17', 'R2', 'R3', 'R12', 'R10', 'R23', 'R20', 'R70', 'R8', 'R24']"
2482264.016605493,136.02502889854665,12.578238134443119,"['D1', 'R20', 'R13', 'R28', 'R7', 'R1', 'R10', 'R3', 'R12', 'R23', 'R26', 'R5', 'R11', 'R17', 'R14', 'R2', 'R6', 'R24', 'R70', 'R8']"
2479471.5798072927,105.05301472152945,9.615482482450542,"['D1', 'R13', 'R6', 'R7', 'R1', 'R12', 'R3', 'R10', 'R11', 'R5', 'R26', 'R17', 'R14', 'R2', 'R70', 'R23', 'R20', 'R28', 'R24', 'R8']"
2480576.2722556544,117.30559289767632,10.815779747142633,"['D1', 'R13', 'R6', 'R1', 'R7', 'R28', 'R26', 'R14', 'R17', 'R2', 'R11', 'R5', 'R3', 'R12', 'R10', 'R20', 'R23', 'R70', 'R8', 'R24']"
2479832.190038046,109.05268453910946,9.958234778282787,"['D1', 'R13', 'R6', 'R7', 'R1', 'R11', 'R5', 'R26', 'R2', 'R17', 'R14', 'R70', 'R10', 'R12', 'R3', 'R20', 'R23', 'R28', 'R24', 'R8']"
