total_cost,total_distance,total_fuel_consumed,route
2215640.847042748,62.56485184946589,5.43055136208839,"['D4', 'R33', 'R37', 'R9', 'R18', 'R21', 'R16', 'R31', 'R27', 'R36', 'R4', 'R15', 'R32', 'R38', 'R35', 'R30', 'R22', 'R34']"
2216681.9914919464,74.11259418751513,6.253737528816404,"['D4', 'R18', 'R21', 'R16', 'R31', 'R37', 'R33', 'R9', 'R4', 'R36', 'R27', 'R32', 'R15', 'R22', 'R35', 'R30', 'R38', 'R34']"
2215383.910822952,59.71507123948688,5.252746175403738,"['D4', 'R37', 'R33', 'R9', 'R21', 'R18', 'R16', 'R31', 'R32', 'R15', 'R36', 'R27', 'R38', 'R30', 'R4', 'R22', 'R35', 'R34']"
2216422.5538051412,71.2350688236622,6.331786246313914,"['D4', 'R37', 'R33', 'R9', 'R21', 'R16', 'R18', 'R31', 'R22', 'R36', 'R27', 'R4', 'R15', 'R38', 'R35', 'R30', 'R32', 'R34']"
2216127.6004660763,67.96362540013313,5.9458911046614205,"['D4', 'R9', 'R37', 'R33', 'R18', 'R16', 'R21', 'R31', 'R4', 'R27', 'R36', 'R30', 'R38', 'R22', 'R32', 'R15', 'R35', 'R34']"
