total_cost,total_distance,total_fuel_consumed,route
2215528.969892234,61.323978396559035,5.223550466504061,"['D4', 'R9', 'R33', 'R37', 'R31', 'R21', 'R18', 'R16', 'R15', 'R32', 'R22', 'R4', 'R27', 'R36', 'R38', 'R30', 'R35', 'R34']"
2216552.7744254,72.67939690993695,6.109157514302716,"['D4', 'R15', 'R31', 'R16', 'R18', 'R21', 'R9', 'R37', 'R33', 'R32', 'R4', 'R27', 'R36', 'R35', 'R38', 'R30', 'R22', 'R34']"
2215980.235818051,66.32914616294214,5.6756839173021865,"['D4', 'R21', 'R18', 'R16', 'R9', 'R37', 'R33', 'R31', 'R32', 'R15', 'R4', 'R27', 'R36', 'R22', 'R35', 'R38', 'R30', 'R34']"
2215625.2695995877,62.39207630421569,5.304598274857332,"['D4', 'R21', 'R16', 'R18', 'R9', 'R33', 'R37', 'R31', 'R15', 'R32', 'R30', 'R35', 'R38', 'R27', 'R36', 'R4', 'R22', 'R34']"
2217059.924214435,78.30439457003746,6.692277758800957,"['D4', 'R31', 'R16', 'R18', 'R21', 'R9', 'R33', 'R37', 'R32', 'R15', 'R35', 'R38', 'R27', 'R36', 'R30', 'R22', 'R4', 'R34']"
