total_cost,total_distance,total_fuel_consumed,route
2215330.284574675,59.1202814404965,5.185400795068067,"['D4', 'R9', 'R33', 'R37', 'R21', 'R16', 'R18', 'R31', 'R15', 'R32', 'R36', 'R27', 'R35', 'R38', 'R22', 'R4', 'R30', 'R34']"
2214956.6684388844,54.97635801779503,4.752901066138171,"['D4', 'R9', 'R33', 'R37', 'R18', 'R16', 'R21', 'R31', 'R15', 'R32', 'R4', 'R36', 'R27', 'R38', 'R22', 'R30', 'R35', 'R34']"
2216069.753482169,67.32202176319123,5.693403834206008,"['D4', 'R9', 'R37', 'R33', 'R15', 'R31', 'R18', 'R16', 'R21', 'R4', 'R32', 'R36', 'R27', 'R22', 'R38', 'R35', 'R30', 'R34']"
2215901.4622962205,65.45543806810826,5.788860146287147,"['D4', 'R37', 'R33', 'R9', 'R16', 'R21', 'R18', 'R31', 'R4', 'R32', 'R27', 'R36', 'R30', 'R35', 'R38', 'R22', 'R15', 'R34']"
2214790.838147974,53.13706907691237,4.645235043376288,"['D4', 'R37', 'R33', 'R9', 'R18', 'R16', 'R21', 'R31', 'R15', 'R32', 'R27', 'R36', 'R4', 'R22', 'R38', 'R35', 'R30', 'R34']"
