total_cost,total_distance,total_fuel_consumed,route
2214244.614012745,47.07868248386516,4.118126001122531,"['D4', 'R37', 'R33', 'R9', 'R21', 'R16', 'R18', 'R31', 'R15', 'R32', 'R4', 'R36', 'R27', 'R30', 'R35', 'R38', 'R22', 'R34']"
2216091.1796986614,67.55966835250328,6.1280837901224015,"['D4', 'R33', 'R37', 'R9', 'R21', 'R16', 'R18', 'R31', 'R15', 'R4', 'R36', 'R27', 'R22', 'R38', 'R35', 'R30', 'R34', 'R32']"
2214769.999261593,52.90593679672814,4.621863265148304,"['D4', 'R33', 'R37', 'R9', 'R21', 'R18', 'R16', 'R31', 'R32', 'R15', 'R4', 'R27', 'R36', 'R22', 'R38', 'R35', 'R30', 'R34']"
2216808.499670805,75.51574612694279,6.8678223288862235,"['D4', 'R33', 'R37', 'R21', 'R16', 'R18', 'R31', 'R15', 'R32', 'R4', 'R22', 'R38', 'R35', 'R30', 'R36', 'R27', 'R34', 'R9']"
2214397.3004662967,48.772187958038884,4.262729765366489,"['D4', 'R33', 'R37', 'R9', 'R21', 'R18', 'R16', 'R31', 'R15', 'R32', 'R4', 'R27', 'R36', 'R22', 'R38', 'R30', 'R35', 'R34']"
