Cluster,Warehouse Cost,Distribution Cost,Outlet Cost,Total Cost
Cluster1,131665.81688842733,262498.29744815285,2479210.3493092307,2873374.4636458107
Cluster2,0.0,inf,inf,inf
