Cluster,Warehouse Cost,Distribution Cost,Outlet Cost,Total Cost
Cluster1,131665.81688842733,262809.25502972637,2478832.7618496767,2873307.8337678304
Cluster2,0.0,inf,inf,inf
