total_cost,total_distance,total_fuel_consumed,route
2217668.6043342454,85.05550503821756,7.566545793365011,"['D4', 'R21', 'R18', 'R16', 'R31', 'R15', 'R32', 'R27', 'R22', 'R4', 'R36', 'R38', 'R30', 'R35', 'R9', 'R37', 'R33', 'R34']"
2216614.7788756955,73.36711264081337,6.332844895680451,"['D4', 'R16', 'R18', 'R21', 'R9', 'R33', 'R37', 'R31', 'R4', 'R36', 'R27', 'R35', 'R38', 'R22', 'R15', 'R32', 'R30', 'R34']"
2216849.524771449,75.97077164428958,6.6434116305457795,"['D4', 'R37', 'R33', 'R21', 'R16', 'R18', 'R9', 'R31', 'R22', 'R38', 'R36', 'R27', 'R4', 'R35', 'R30', 'R32', 'R15', 'R34']"
2217135.9747182517,79.14790060172602,6.6958793820169245,"['D4', 'R16', 'R21', 'R18', 'R9', 'R37', 'R33', 'R15', 'R4', 'R32', 'R27', 'R36', 'R31', 'R22', 'R38', 'R30', 'R35', 'R34']"
2216582.7658400014,73.01204347827534,6.1811876024254175,"['D4', 'R16', 'R18', 'R21', 'R9', 'R37', 'R33', 'R32', 'R15', 'R31', 'R36', 'R27', 'R22', 'R4', 'R38', 'R30', 'R35', 'R34']"
