total_cost,total_distance,total_fuel_consumed,route
2216930.075302455,76.86418924639506,6.695531165191979,"['D4', 'R37', 'R33', 'R18', 'R16', 'R21', 'R31', 'R9', 'R32', 'R4', 'R27', 'R36', 'R35', 'R38', 'R22', 'R15', 'R30', 'R34']"
2217830.013210816,86.84575433469185,7.817036080033292,"['D4', 'R33', 'R37', 'R16', 'R21', 'R18', 'R31', 'R32', 'R4', 'R27', 'R30', 'R38', 'R36', 'R22', 'R35', 'R15', 'R9', 'R34']"
2217647.5544613115,84.8220326232422,7.489161332420808,"['D4', 'R18', 'R16', 'R21', 'R31', 'R15', 'R36', 'R27', 'R30', 'R38', 'R22', 'R4', 'R32', 'R9', 'R37', 'R33', 'R35', 'R34']"
2215630.004528493,62.44459326190572,5.288192740294326,"['D4', 'R21', 'R18', 'R16', 'R31', 'R9', 'R33', 'R37', 'R15', 'R32', 'R4', 'R36', 'R27', 'R22', 'R30', 'R35', 'R38', 'R34']"
2218293.8862123974,91.99075213395439,7.946932185502825,"['D4', 'R9', 'R18', 'R16', 'R21', 'R31', 'R37', 'R33', 'R38', 'R27', 'R4', 'R15', 'R22', 'R36', 'R30', 'R35', 'R32', 'R34']"
