total_cost,total_distance,total_fuel_consumed,route
2214467.4705576203,49.55047202329702,4.35320871169106,"['D4', 'R33', 'R37', 'R9', 'R21', 'R16', 'R18', 'R31', 'R15', 'R32', 'R4', 'R36', 'R27', 'R38', 'R35', 'R30', 'R22', 'R34']"
2215539.9492960293,61.44575527983101,5.470485145257135,"['D4', 'R37', 'R33', 'R9', 'R18', 'R16', 'R21', 'R31', 'R15', 'R4', 'R27', 'R36', 'R22', 'R38', 'R35', 'R30', 'R32', 'R34']"
2215250.4402334546,58.23469646688801,5.037162782943407,"['D4', 'R33', 'R37', 'R9', 'R16', 'R18', 'R21', 'R31', 'R4', 'R15', 'R32', 'R36', 'R27', 'R38', 'R35', 'R30', 'R22', 'R34']"
2214795.7506729104,53.19155582198593,4.617111088052249,"['D4', 'R9', 'R33', 'R37', 'R21', 'R16', 'R18', 'R31', 'R15', 'R32', 'R4', 'R27', 'R36', 'R38', 'R35', 'R30', 'R22', 'R34']"
2214446.7323072846,49.320455937058995,4.30398723348638,"['D4', 'R33', 'R37', 'R9', 'R21', 'R18', 'R16', 'R31', 'R15', 'R32', 'R4', 'R27', 'R36', 'R22', 'R30', 'R35', 'R38', 'R34']"
