total_cost,total_distance,total_fuel_consumed,route
2215120.0591610274,56.78858874254371,4.936959402682208,"['D4', 'R37', 'R33', 'R9', 'R16', 'R18', 'R21', 'R31', 'R32', 'R15', 'R27', 'R36', 'R4', 'R22', 'R38', 'R35', 'R30', 'R34']"
2215530.194930973,61.33756578275379,5.476289299798468,"['D4', 'R37', 'R33', 'R9', 'R21', 'R16', 'R18', 'R31', 'R15', 'R27', 'R36', 'R4', 'R22', 'R38', 'R35', 'R30', 'R32', 'R34']"
2215782.781188448,64.13909925075286,5.439193337976054,"['D4', 'R21', 'R18', 'R16', 'R31', 'R9', 'R33', 'R37', 'R15', 'R32', 'R27', 'R36', 'R4', 'R22', 'R38', 'R30', 'R35', 'R34']"
2215592.978735391,62.03392563654571,5.287612516848441,"['D4', 'R9', 'R37', 'R33', 'R31', 'R16', 'R18', 'R21', 'R32', 'R15', 'R36', 'R27', 'R4', 'R22', 'R38', 'R30', 'R35', 'R34']"
2214993.27185667,55.38234091249022,4.80306916194775,"['D4', 'R37', 'R33', 'R9', 'R16', 'R18', 'R21', 'R31', 'R15', 'R4', 'R32', 'R27', 'R36', 'R30', 'R35', 'R22', 'R38', 'R34']"
