total_cost,total_distance,total_fuel_consumed,route
2215870.177932588,65.10845089382985,5.771260443019145,"['D4', 'R9', 'R33', 'R37', 'R21', 'R16', 'R18', 'R31', 'R15', 'R4', 'R36', 'R27', 'R22', 'R35', 'R38', 'R30', 'R32', 'R34']"
2216034.9336179122,66.93582096176135,5.757140617811158,"['D4', 'R33', 'R37', 'R18', 'R16', 'R21', 'R9', 'R31', 'R22', 'R27', 'R36', 'R4', 'R32', 'R15', 'R38', 'R30', 'R35', 'R34']"
2217921.876632247,87.86464765137003,7.918917905266802,"['D4', 'R33', 'R37', 'R16', 'R21', 'R18', 'R31', 'R32', 'R15', 'R27', 'R22', 'R4', 'R36', 'R30', 'R38', 'R35', 'R9', 'R34']"
2217450.443071485,82.63579271833332,7.160847034243458,"['D4', 'R9', 'R18', 'R16', 'R21', 'R33', 'R37', 'R32', 'R22', 'R27', 'R36', 'R30', 'R38', 'R4', 'R15', 'R31', 'R35', 'R34']"
2215760.6273512105,63.89338233374551,5.552848583043157,"['D4', 'R33', 'R37', 'R9', 'R18', 'R16', 'R21', 'R15', 'R31', 'R32', 'R36', 'R27', 'R4', 'R38', 'R22', 'R35', 'R30', 'R34']"
