total_cost,total_distance,total_fuel_consumed,route
392809.2836744502,31.15886950366206,14.573534382494437,"['W1', 'D1', 'D3', 'D2']"
392809.2836744502,31.15886950366206,14.573534382494437,"['W1', 'D1', 'D3', 'D2']"
392809.2836744502,31.15886950366206,14.573534382494437,"['W1', 'D1', 'D3', 'D2']"
394789.8368201122,53.12596295599113,13.590808090867203,"['W1', 'D2', 'D1', 'D3']"
394277.8558517428,47.44738078685467,23.38565630064381,"['W1', 'D3', 'D2', 'D1']"
