total_cost,total_distance,total_fuel_consumed,route
393871.10440809943,42.935940639967086,22.589519804134234,"['W1', 'D3', 'D1', 'D2']"
393871.10440809943,42.935940639967086,22.589519804134234,"['W1', 'D3', 'D1', 'D2']"
393871.10440809943,42.935940639967086,22.589519804134234,"['W1', 'D3', 'D1', 'D2']"
393871.10440809943,42.935940639967086,22.589519804134234,"['W1', 'D3', 'D1', 'D2']"
393871.10440809943,42.935940639967086,22.589519804134234,"['W1', 'D3', 'D1', 'D2']"
