total_cost,total_distance,total_fuel_consumed,route
2481437.320872372,126.85582156579312,11.557146008919668,"['D3', 'R7', 'R6', 'R5', 'R11', 'R17', 'R14', 'R2', 'R26', 'R1', 'R28', 'R13', 'R12', 'R3', 'R10', 'R23', 'R70', 'R20', 'R24', 'R8']"
2480274.0700065037,113.95374896299631,10.617456576544205,"['D3', 'R5', 'R26', 'R11', 'R14', 'R17', 'R2', 'R3', 'R10', 'R12', 'R1', 'R7', 'R6', 'R28', 'R20', 'R13', 'R23', 'R70', 'R8', 'R24']"
2481707.9531236673,129.85751024476008,11.957427057010726,"['D3', 'R7', 'R1', 'R6', 'R28', 'R3', 'R12', 'R10', 'R2', 'R17', 'R14', 'R11', 'R5', 'R26', 'R23', 'R13', 'R20', 'R24', 'R8', 'R70']"
2481964.3123142924,132.70089079738645,12.30647030613462,"['D3', 'R5', 'R7', 'R1', 'R10', 'R3', 'R12', 'R14', 'R17', 'R2', 'R11', 'R26', 'R28', 'R6', 'R23', 'R20', 'R13', 'R70', 'R24', 'R8']"
2483160.563181487,145.968979386499,12.915164151266403,"['D3', 'R14', 'R17', 'R2', 'R11', 'R5', 'R26', 'R3', 'R12', 'R10', 'R8', 'R28', 'R7', 'R6', 'R1', 'R13', 'R70', 'R23', 'R20', 'R24']"
