total_cost,total_distance,total_fuel_consumed,route
2482828.889939527,142.2902610861426,13.214681299495865,"['D3', 'R1', 'R7', 'R28', 'R6', 'R12', 'R3', 'R10', 'R14', 'R17', 'R2', 'R26', 'R11', 'R5', 'R13', 'R20', 'R24', 'R70', 'R23', 'R8']"
2480336.545470579,114.6466888928517,10.519417952482959,"['D3', 'R7', 'R1', 'R28', 'R13', 'R20', 'R6', 'R10', 'R3', 'R12', 'R17', 'R14', 'R2', 'R26', 'R5', 'R11', 'R23', 'R70', 'R8', 'R24']"
2479944.648238362,110.30000264376952,10.276237567572734,"['D3', 'R7', 'R1', 'R5', 'R11', 'R26', 'R14', 'R17', 'R2', 'R12', 'R3', 'R10', 'R6', 'R28', 'R13', 'R20', 'R23', 'R70', 'R8', 'R24']"
2481106.6947134314,123.18871687479839,11.352920295715018,"['D3', 'R1', 'R7', 'R5', 'R26', 'R11', 'R3', 'R12', 'R10', 'R17', 'R14', 'R2', 'R13', 'R6', 'R28', 'R20', 'R23', 'R70', 'R8', 'R24']"
2480996.0108948667,121.96107913561306,11.29302153453221,"['D3', 'R1', 'R7', 'R28', 'R6', 'R23', 'R10', 'R3', 'R12', 'R17', 'R14', 'R2', 'R26', 'R11', 'R5', 'R20', 'R13', 'R70', 'R8', 'R24']"
