total_cost,total_distance,total_fuel_consumed,route
2482281.1731763156,136.2153191694301,12.646656921521119,"['D3', 'R26', 'R17', 'R14', 'R2', 'R11', 'R5', 'R7', 'R1', 'R3', 'R12', 'R10', 'R13', 'R6', 'R23', 'R20', 'R28', 'R70', 'R24', 'R8']"
2482687.7563210498,140.7248926469564,12.992771700876993,"['D3', 'R5', 'R11', 'R14', 'R17', 'R2', 'R1', 'R7', 'R13', 'R6', 'R28', 'R23', 'R3', 'R12', 'R10', 'R20', 'R26', 'R70', 'R24', 'R8']"
2481196.6594919474,124.18655159658204,11.425511591116614,"['D3', 'R28', 'R7', 'R1', 'R3', 'R12', 'R2', 'R14', 'R17', 'R11', 'R26', 'R5', 'R10', 'R70', 'R6', 'R13', 'R20', 'R23', 'R8', 'R24']"
2482458.6559387897,138.18385025277274,12.839686948807117,"['D3', 'R1', 'R7', 'R11', 'R17', 'R14', 'R2', 'R26', 'R5', 'R28', 'R6', 'R20', 'R13', 'R3', 'R10', 'R12', 'R23', 'R8', 'R24', 'R70']"
2482900.323361629,143.0825572496582,13.369241618830738,"['D3', 'R1', 'R7', 'R5', 'R10', 'R3', 'R12', 'R2', 'R14', 'R17', 'R26', 'R11', 'R28', 'R6', 'R13', 'R20', 'R23', 'R8', 'R70', 'R24']"
