total_cost,total_distance,total_fuel_consumed,route
2481046.260923118,122.51842195117405,11.138911757319512,"['D3', 'R1', 'R7', 'R28', 'R6', 'R13', 'R20', 'R10', 'R12', 'R3', 'R70', 'R11', 'R5', 'R26', 'R17', 'R14', 'R2', 'R8', 'R24', 'R23']"
2480591.2928099656,117.4721917698053,10.666050410764077,"['D3', 'R7', 'R1', 'R6', 'R13', 'R28', 'R20', 'R23', 'R3', 'R12', 'R10', 'R5', 'R26', 'R11', 'R14', 'R17', 'R2', 'R70', 'R24', 'R8']"
2480554.3892194163,117.06287954100435,10.643386691539694,"['D3', 'R1', 'R7', 'R28', 'R6', 'R20', 'R13', 'R12', 'R3', 'R10', 'R23', 'R17', 'R14', 'R2', 'R11', 'R5', 'R26', 'R70', 'R8', 'R24']"
2480957.1489202827,121.53004569967663,11.127589480866467,"['D3', 'R7', 'R1', 'R10', 'R12', 'R3', 'R20', 'R6', 'R13', 'R28', 'R5', 'R11', 'R26', 'R17', 'R14', 'R2', 'R70', 'R23', 'R8', 'R24']"
2479590.6888463683,106.37409989317473,9.933342256248224,"['D3', 'R7', 'R1', 'R5', 'R26', 'R11', 'R14', 'R17', 'R2', 'R12', 'R3', 'R10', 'R23', 'R20', 'R13', 'R6', 'R28', 'R24', 'R8', 'R70']"
