total_cost,total_distance,total_fuel_consumed,route
2480220.173756273,113.35596446620764,10.306372553430487,"['D3', 'R1', 'R7', 'R6', 'R13', 'R20', 'R28', 'R23', 'R10', 'R3', 'R12', 'R2', 'R17', 'R14', 'R26', 'R11', 'R5', 'R70', 'R8', 'R24']"
2480809.873590022,119.8965571209232,11.072441973483656,"['D3', 'R5', 'R11', 'R26', 'R2', 'R17', 'R14', 'R10', 'R3', 'R12', 'R23', 'R1', 'R7', 'R28', 'R20', 'R13', 'R6', 'R24', 'R8', 'R70']"
2481634.138812509,129.03880670485208,11.773704098565107,"['D3', 'R1', 'R7', 'R6', 'R13', 'R20', 'R17', 'R14', 'R2', 'R11', 'R26', 'R5', 'R12', 'R3', 'R10', 'R70', 'R23', 'R8', 'R28', 'R24']"
2480835.4627822423,120.18037691040847,10.934701218297963,"['D3', 'R28', 'R7', 'R6', 'R13', 'R20', 'R14', 'R17', 'R2', 'R11', 'R26', 'R5', 'R1', 'R12', 'R3', 'R10', 'R23', 'R70', 'R24', 'R8']"
2481407.321940666,126.52309162229605,11.936984491027669,"['D3', 'R7', 'R1', 'R5', 'R26', 'R11', 'R17', 'R14', 'R2', 'R3', 'R12', 'R10', 'R23', 'R20', 'R6', 'R13', 'R28', 'R8', 'R70', 'R24']"
