total_cost,total_distance,total_fuel_consumed,route
2480339.8329765867,114.68315191422845,10.685836464027016,"['D3', 'R28', 'R7', 'R1', 'R11', 'R5', 'R26', 'R14', 'R17', 'R2', 'R12', 'R3', 'R10', 'R6', 'R13', 'R20', 'R23', 'R70', 'R24', 'R8']"
2479539.192916838,105.80293829678489,9.587010959192305,"['D3', 'R11', 'R5', 'R26', 'R14', 'R17', 'R2', 'R10', 'R3', 'R12', 'R70', 'R23', 'R1', 'R7', 'R28', 'R13', 'R6', 'R20', 'R24', 'R8']"
2481487.012238467,127.40696803978955,11.841051318263645,"['D3', 'R7', 'R1', 'R11', 'R5', 'R26', 'R14', 'R17', 'R2', 'R10', 'R3', 'R12', 'R13', 'R28', 'R6', 'R23', 'R20', 'R24', 'R8', 'R70']"
2481496.5486564953,127.51274020070117,11.835245655762023,"['D3', 'R1', 'R11', 'R26', 'R17', 'R14', 'R2', 'R3', 'R12', 'R10', 'R7', 'R28', 'R5', 'R6', 'R20', 'R13', 'R23', 'R70', 'R24', 'R8']"
2482093.523152198,134.1340189906634,12.467797105312913,"['D3', 'R7', 'R1', 'R5', 'R11', 'R2', 'R17', 'R14', 'R12', 'R3', 'R10', 'R26', 'R23', 'R6', 'R28', 'R13', 'R20', 'R70', 'R24', 'R8']"
