total_cost,total_distance,total_fuel_consumed,route
2480837.3165527084,120.20093780732626,11.086994266724215,"['D3', 'R1', 'R10', 'R12', 'R3', 'R14', 'R17', 'R2', 'R26', 'R5', 'R11', 'R7', 'R6', 'R13', 'R28', 'R24', 'R20', 'R23', 'R70', 'R8']"
2482371.7648661467,137.22010721103615,12.03777483899229,"['D3', 'R5', 'R26', 'R11', 'R2', 'R17', 'R14', 'R8', 'R1', 'R7', 'R12', 'R3', 'R10', 'R6', 'R28', 'R20', 'R13', 'R24', 'R23', 'R70']"
2481884.8980204193,131.82007564795552,12.05491007230999,"['D3', 'R17', 'R14', 'R2', 'R5', 'R26', 'R11', 'R7', 'R1', 'R12', 'R3', 'R10', 'R70', 'R28', 'R20', 'R6', 'R13', 'R23', 'R8', 'R24']"
2480679.627383129,118.45194524322683,10.900044449440694,"['D3', 'R28', 'R7', 'R1', 'R11', 'R5', 'R26', 'R2', 'R14', 'R17', 'R3', 'R12', 'R10', 'R70', 'R13', 'R6', 'R20', 'R23', 'R24', 'R8']"
2481178.6385551463,123.98667430286352,11.167077247219146,"['D3', 'R7', 'R6', 'R13', 'R1', 'R28', 'R20', 'R3', 'R12', 'R14', 'R17', 'R2', 'R26', 'R5', 'R11', 'R10', 'R23', 'R70', 'R8', 'R24']"
