total_cost,total_distance,total_fuel_consumed,route
2482237.697405294,135.73311230361222,12.433335236330832,"['D3', 'R1', 'R17', 'R14', 'R2', 'R28', 'R6', 'R7', 'R10', 'R3', 'R12', 'R11', 'R26', 'R5', 'R20', 'R13', 'R23', 'R70', 'R24', 'R8']"
2480131.103122806,112.36804705862784,10.345261059614378,"['D3', 'R5', 'R11', 'R2', 'R17', 'R14', 'R26', 'R1', 'R7', 'R28', 'R6', 'R20', 'R13', 'R23', 'R10', 'R12', 'R3', 'R70', 'R24', 'R8']"
2481193.9268704774,124.15624301771979,11.230543134167958,"['D3', 'R11', 'R17', 'R14', 'R2', 'R5', 'R26', 'R3', 'R23', 'R1', 'R7', 'R6', 'R28', 'R10', 'R12', 'R70', 'R20', 'R13', 'R24', 'R8']"
2481337.07421853,125.74394652318715,11.635967452495185,"['D3', 'R7', 'R1', 'R28', 'R11', 'R5', 'R26', 'R17', 'R14', 'R2', 'R12', 'R3', 'R10', 'R13', 'R6', 'R20', 'R70', 'R23', 'R24', 'R8']"
2479954.7609294592,110.41216647581541,10.259857865704591,"['D3', 'R5', 'R26', 'R14', 'R17', 'R2', 'R11', 'R12', 'R3', 'R10', 'R1', 'R7', 'R6', 'R28', 'R13', 'R20', 'R23', 'R70', 'R8', 'R24']"
