total_cost,total_distance,total_fuel_consumed,route
2480708.0648427918,118.76735628651079,11.000878778026953,"['D3', 'R1', 'R7', 'R28', 'R6', 'R13', 'R20', 'R10', 'R3', 'R12', 'R2', 'R17', 'R14', 'R26', 'R11', 'R5', 'R23', 'R70', 'R24', 'R8']"
2481509.8390409797,127.66014907919313,11.675905923821858,"['D3', 'R1', 'R7', 'R6', 'R28', 'R13', 'R20', 'R17', 'R14', 'R2', 'R11', 'R26', 'R5', 'R3', 'R12', 'R10', 'R23', 'R24', 'R8', 'R70']"
2480165.594102739,112.75060007474664,10.268085430075024,"['D3', 'R7', 'R1', 'R12', 'R3', 'R10', 'R14', 'R17', 'R2', 'R5', 'R26', 'R11', 'R70', 'R23', 'R28', 'R6', 'R13', 'R20', 'R24', 'R8']"
2481478.1924445797,127.30914423891173,11.730173383501015,"['D3', 'R1', 'R7', 'R28', 'R13', 'R6', 'R23', 'R12', 'R3', 'R10', 'R14', 'R17', 'R2', 'R11', 'R26', 'R5', 'R24', 'R20', 'R70', 'R8']"
2480874.1585180326,120.60956652653888,11.046469559943723,"['D3', 'R7', 'R1', 'R28', 'R6', 'R13', 'R20', 'R2', 'R17', 'R14', 'R11', 'R26', 'R5', 'R3', 'R10', 'R12', 'R23', 'R70', 'R24', 'R8']"
