total_cost,total_distance,total_fuel_consumed,route
2481696.3383277683,129.72868597790847,11.89852224022408,"['D3', 'R1', 'R7', 'R6', 'R28', 'R14', 'R17', 'R2', 'R12', 'R3', 'R10', 'R5', 'R11', 'R26', 'R70', 'R23', 'R13', 'R20', 'R8', 'R24']"
2481156.87753499,123.74531427451669,11.426366064600634,"['D3', 'R1', 'R7', 'R28', 'R26', 'R11', 'R2', 'R17', 'R14', 'R5', 'R10', 'R3', 'R12', 'R23', 'R6', 'R20', 'R13', 'R70', 'R8', 'R24']"
2482286.154633286,136.27057046679488,12.733665914773674,"['D3', 'R1', 'R7', 'R3', 'R12', 'R10', 'R11', 'R17', 'R14', 'R2', 'R26', 'R5', 'R28', 'R13', 'R6', 'R20', 'R23', 'R8', 'R24', 'R70']"
2481109.6715039117,123.221733628123,11.271051306874687,"['D3', 'R1', 'R7', 'R28', 'R13', 'R6', 'R3', 'R2', 'R17', 'R14', 'R26', 'R11', 'R5', 'R20', 'R23', 'R10', 'R12', 'R70', 'R24', 'R8']"
2481902.5426478107,132.0157791460781,12.114951140514396,"['D3', 'R1', 'R17', 'R14', 'R2', 'R26', 'R5', 'R11', 'R7', 'R23', 'R10', 'R3', 'R12', 'R70', 'R6', 'R13', 'R28', 'R24', 'R20', 'R8']"
