total_cost,total_distance,total_fuel_consumed,route
2479521.8529206375,105.61061358293729,9.6818386729541,"['D3', 'R1', 'R7', 'R6', 'R13', 'R20', 'R28', 'R5', 'R26', 'R11', 'R17', 'R14', 'R2', 'R3', 'R12', 'R10', 'R23', 'R70', 'R8', 'R24']"
2480344.2584463647,114.73223653909835,10.551654070713647,"['D3', 'R7', 'R1', 'R28', 'R6', 'R13', 'R20', 'R10', 'R3', 'R12', 'R2', 'R14', 'R17', 'R11', 'R5', 'R26', 'R23', 'R70', 'R8', 'R24']"
2481432.124416367,126.798185629631,11.710506073468455,"['D3', 'R1', 'R7', 'R28', 'R6', 'R13', 'R10', 'R12', 'R3', 'R14', 'R17', 'R2', 'R5', 'R26', 'R11', 'R23', 'R20', 'R24', 'R8', 'R70']"
2480743.629257516,119.16181518984123,10.812594830455478,"['D3', 'R7', 'R1', 'R10', 'R3', 'R12', 'R11', 'R5', 'R26', 'R14', 'R17', 'R2', 'R24', 'R28', 'R13', 'R6', 'R20', 'R23', 'R70', 'R8']"
2480462.5127134523,116.04384109862708,10.65854888214115,"['D3', 'R1', 'R7', 'R13', 'R6', 'R28', 'R5', 'R26', 'R14', 'R17', 'R2', 'R11', 'R3', 'R12', 'R23', 'R10', 'R70', 'R20', 'R24', 'R8']"
