total_cost,total_distance,total_fuel_consumed,route
2482618.7246214557,139.95923493185128,13.097030128096154,"['D3', 'R7', 'R5', 'R17', 'R14', 'R2', 'R11', 'R26', 'R3', 'R12', 'R10', 'R1', 'R28', 'R13', 'R6', 'R20', 'R23', 'R24', 'R70', 'R8']"
2485747.067333312,174.65691363477623,15.907067522036236,"['D3', 'R26', 'R5', 'R7', 'R1', 'R6', 'R3', 'R12', 'R10', 'R17', 'R14', 'R11', 'R2', 'R28', 'R13', 'R8', 'R23', 'R24', 'R20', 'R70']"
2480353.6681771516,114.83660356202003,10.339518777657721,"['D3', 'R11', 'R17', 'R14', 'R2', 'R3', 'R12', 'R10', 'R70', 'R5', 'R26', 'R28', 'R7', 'R1', 'R23', 'R6', 'R13', 'R20', 'R24', 'R8']"
2481401.3763947636,126.45714723562688,11.64953625641155,"['D3', 'R6', 'R13', 'R7', 'R1', 'R3', 'R12', 'R10', 'R17', 'R14', 'R2', 'R5', 'R26', 'R11', 'R28', 'R20', 'R23', 'R70', 'R24', 'R8']"
2481927.2123449296,132.28940045396513,12.36849702582025,"['D3', 'R11', 'R14', 'R17', 'R2', 'R26', 'R5', 'R7', 'R1', 'R12', 'R3', 'R10', 'R23', 'R6', 'R20', 'R13', 'R28', 'R8', 'R70', 'R24']"
