total_cost,total_distance,total_fuel_consumed,route
2481119.9627585025,123.33587797807235,11.264485227874154,"['D3', 'R7', 'R1', 'R6', 'R13', 'R20', 'R5', 'R2', 'R14', 'R17', 'R11', 'R26', 'R12', 'R3', 'R10', 'R23', 'R28', 'R24', 'R8', 'R70']"
2480940.679754837,121.34737971203629,11.087340997116799,"['D3', 'R7', 'R1', 'R11', 'R26', 'R5', 'R3', 'R12', 'R10', 'R70', 'R17', 'R14', 'R2', 'R28', 'R13', 'R20', 'R6', 'R23', 'R8', 'R24']"
2481333.378416278,125.70295492766496,11.764090399556308,"['D3', 'R7', 'R1', 'R14', 'R17', 'R2', 'R11', 'R26', 'R5', 'R12', 'R3', 'R10', 'R23', 'R6', 'R13', 'R28', 'R20', 'R70', 'R24', 'R8']"
2481750.7498960365,130.3321860696157,12.04661115439101,"['D3', 'R7', 'R1', 'R6', 'R13', 'R28', 'R11', 'R5', 'R17', 'R14', 'R2', 'R26', 'R10', 'R12', 'R3', 'R23', 'R20', 'R70', 'R24', 'R8']"
2482020.8519626115,133.32799426144686,12.199610148884396,"['D3', 'R1', 'R7', 'R28', 'R6', 'R3', 'R12', 'R10', 'R13', 'R20', 'R2', 'R14', 'R17', 'R11', 'R26', 'R5', 'R23', 'R70', 'R24', 'R8']"
