total_cost,total_distance,total_fuel_consumed,route
2482511.9820649843,138.77531127977156,12.776952738065617,"['D2', 'R17', 'R14', 'R2', 'R12', 'R3', 'R10', 'R6', 'R28', 'R7', 'R1', 'R5', 'R11', 'R26', 'R13', 'R20', 'R24', 'R23', 'R70', 'R8']"
2481880.7913909024,131.77452740575558,12.133045849655298,"['D2', 'R2', 'R17', 'R14', 'R11', 'R26', 'R5', 'R12', 'R3', 'R10', 'R7', 'R1', 'R28', 'R23', 'R13', 'R6', 'R20', 'R70', 'R8', 'R24']"
2481320.003445961,125.55460787445607,11.568523514594384,"['D2', 'R11', 'R17', 'R14', 'R2', 'R26', 'R5', 'R3', 'R12', 'R10', 'R23', 'R20', 'R13', 'R6', 'R7', 'R1', 'R28', 'R70', 'R24', 'R8']"
2480719.4309225883,118.89342194530141,10.902661617450788,"['D2', 'R2', 'R17', 'R14', 'R11', 'R5', 'R26', 'R12', 'R3', 'R10', 'R1', 'R7', 'R28', 'R13', 'R6', 'R70', 'R23', 'R20', 'R24', 'R8']"
2482332.5590670113,136.7852602818535,12.513859848250066,"['D2', 'R3', 'R12', 'R10', 'R14', 'R17', 'R2', 'R11', 'R1', 'R7', 'R28', 'R13', 'R6', 'R20', 'R23', 'R26', 'R5', 'R70', 'R24', 'R8']"
