total_cost,total_distance,total_fuel_consumed,route
2480687.486809361,118.5391172289406,10.824186697022776,"['D2', 'R14', 'R17', 'R2', 'R26', 'R5', 'R11', 'R7', 'R1', 'R6', 'R13', 'R20', 'R28', 'R10', 'R12', 'R3', 'R23', 'R70', 'R8', 'R24']"
2479840.6181069,109.1461635636657,9.714658538019783,"['D2', 'R26', 'R11', 'R5', 'R7', 'R1', 'R6', 'R13', 'R20', 'R23', 'R10', 'R12', 'R3', 'R70', 'R14', 'R17', 'R2', 'R28', 'R24', 'R8']"
2481712.89856138,129.9123620383754,11.996020481810104,"['D2', 'R14', 'R17', 'R2', 'R11', 'R5', 'R26', 'R10', 'R3', 'R12', 'R23', 'R7', 'R1', 'R6', 'R20', 'R13', 'R28', 'R70', 'R24', 'R8']"
2480609.6190980873,117.67545583504716,10.71890225393142,"['D2', 'R5', 'R26', 'R11', 'R2', 'R14', 'R17', 'R1', 'R7', 'R28', 'R13', 'R6', 'R20', 'R10', 'R12', 'R3', 'R23', 'R70', 'R8', 'R24']"
2479933.5880793124,110.17733007223445,10.110319412605001,"['D2', 'R17', 'R14', 'R2', 'R11', 'R5', 'R26', 'R1', 'R7', 'R28', 'R6', 'R13', 'R20', 'R23', 'R10', 'R3', 'R12', 'R70', 'R24', 'R8']"
