total_cost,total_distance,total_fuel_consumed,route
2482897.0721312393,143.04649657541532,13.093234625529586,"['D2', 'R2', 'R14', 'R17', 'R11', 'R26', 'R5', 'R28', 'R7', 'R13', 'R1', 'R3', 'R10', 'R12', 'R20', 'R6', 'R24', 'R23', 'R70', 'R8']"
2481887.903858557,131.8534145802668,12.056802592162931,"['D2', 'R26', 'R11', 'R2', 'R14', 'R17', 'R5', 'R28', 'R7', 'R1', 'R3', 'R12', 'R10', 'R70', 'R6', 'R13', 'R23', 'R20', 'R8', 'R24']"
2482529.0246335017,138.96433710627235,11.962765564342398,"['D2', 'R8', 'R1', 'R7', 'R20', 'R13', 'R28', 'R5', 'R11', 'R17', 'R14', 'R2', 'R12', 'R10', 'R3', 'R26', 'R6', 'R23', 'R70', 'R24']"
2482000.0693506435,133.09748614289995,12.32537974541696,"['D2', 'R26', 'R2', 'R14', 'R17', 'R5', 'R11', 'R12', 'R3', 'R10', 'R1', 'R7', 'R28', 'R6', 'R13', 'R23', 'R20', 'R70', 'R24', 'R8']"
2483154.833576573,145.90543008621447,13.579622963848827,"['D2', 'R2', 'R17', 'R14', 'R26', 'R11', 'R5', 'R1', 'R7', 'R6', 'R28', 'R12', 'R3', 'R10', 'R23', 'R13', 'R20', 'R8', 'R70', 'R24']"
