total_cost,total_distance,total_fuel_consumed,route
2480775.202203592,119.51200314542929,11.05070684060833,"['D2', 'R14', 'R17', 'R2', 'R3', 'R12', 'R10', 'R5', 'R26', 'R11', 'R1', 'R7', 'R28', 'R6', 'R13', 'R20', 'R23', 'R70', 'R24', 'R8']"
2480870.6409537313,120.57055183819392,10.985982502371138,"['D2', 'R14', 'R17', 'R2', 'R26', 'R5', 'R11', 'R1', 'R7', 'R13', 'R6', 'R20', 'R28', 'R23', 'R10', 'R3', 'R12', 'R70', 'R24', 'R8']"
2480966.0262529263,121.62850768551988,11.108446035820515,"['D2', 'R11', 'R17', 'R14', 'R2', 'R26', 'R5', 'R1', 'R7', 'R28', 'R13', 'R6', 'R3', 'R12', 'R23', 'R10', 'R70', 'R20', 'R24', 'R8']"
2481641.126135988,129.11630585612755,11.802924610344162,"['D2', 'R11', 'R5', 'R26', 'R14', 'R17', 'R2', 'R3', 'R12', 'R23', 'R1', 'R7', 'R13', 'R28', 'R6', 'R20', 'R10', 'R70', 'R24', 'R8']"
2482045.8195546046,133.60491963847304,12.012863398759144,"['D2', 'R1', 'R7', 'R28', 'R6', 'R20', 'R13', 'R11', 'R5', 'R26', 'R14', 'R17', 'R2', 'R3', 'R12', 'R10', 'R23', 'R24', 'R8', 'R70']"
