total_cost,total_distance,total_fuel_consumed,route
2481390.5000516297,126.33651343867015,11.497717313385342,"['D2', 'R11', 'R26', 'R2', 'R17', 'R14', 'R5', 'R12', 'R3', 'R10', 'R13', 'R6', 'R7', 'R1', 'R28', 'R20', 'R23', 'R70', 'R8', 'R24']"
2479570.9576987866,106.1552539794412,9.533792265091837,"['D2', 'R14', 'R17', 'R2', 'R5', 'R26', 'R11', 'R3', 'R12', 'R10', 'R70', 'R23', 'R1', 'R7', 'R28', 'R6', 'R20', 'R13', 'R24', 'R8']"
2482305.9457439724,136.49008145488742,12.578211192748949,"['D2', 'R17', 'R14', 'R2', 'R26', 'R11', 'R5', 'R1', 'R7', 'R6', 'R28', 'R12', 'R3', 'R10', 'R13', 'R20', 'R23', 'R24', 'R8', 'R70']"
2481004.865431186,122.0592882784658,11.254362857504868,"['D2', 'R2', 'R17', 'R14', 'R11', 'R5', 'R26', 'R1', 'R7', 'R6', 'R13', 'R20', 'R23', 'R10', 'R3', 'R12', 'R28', 'R70', 'R8', 'R24']"
2480154.964614673,112.6327042443792,10.233620519488104,"['D2', 'R2', 'R17', 'R14', 'R11', 'R5', 'R26', 'R1', 'R7', 'R6', 'R28', 'R20', 'R13', 'R23', 'R10', 'R12', 'R3', 'R70', 'R8', 'R24']"
