total_cost,total_distance,total_fuel_consumed,route
2480470.5312031438,116.13277731969785,10.671308579078877,"['D2', 'R5', 'R26', 'R11', 'R2', 'R17', 'R14', 'R3', 'R12', 'R10', 'R7', 'R1', 'R6', 'R28', 'R13', 'R20', 'R23', 'R70', 'R8', 'R24']"
2480500.5463930815,116.46568758963772,10.630409429507496,"['D2', 'R26', 'R2', 'R17', 'R14', 'R11', 'R5', 'R1', 'R7', 'R6', 'R28', 'R13', 'R20', 'R10', 'R12', 'R3', 'R23', 'R70', 'R8', 'R24']"
2482494.82048314,138.58496542968794,12.80723855059369,"['D2', 'R5', 'R26', 'R2', 'R14', 'R17', 'R11', 'R12', 'R3', 'R10', 'R7', 'R1', 'R13', 'R6', 'R28', 'R23', 'R20', 'R70', 'R24', 'R8']"
2481019.6171109467,122.22290495726745,11.199001629133724,"['D2', 'R5', 'R11', 'R14', 'R17', 'R2', 'R26', 'R3', 'R12', 'R10', 'R1', 'R7', 'R6', 'R28', 'R20', 'R13', 'R23', 'R70', 'R8', 'R24']"
2480306.3779339856,114.31208888626813,10.542360033914191,"['D2', 'R14', 'R17', 'R2', 'R11', 'R5', 'R26', 'R3', 'R12', 'R10', 'R1', 'R7', 'R6', 'R28', 'R13', 'R20', 'R23', 'R70', 'R8', 'R24']"
