total_cost,total_distance,total_fuel_consumed,route
2481539.172009933,127.98549256802153,11.432175173860008,"['D2', 'R12', 'R3', 'R10', 'R7', 'R1', 'R26', 'R14', 'R17', 'R2', 'R11', 'R5', 'R70', 'R23', 'R13', 'R6', 'R28', 'R20', 'R24', 'R8']"
2483975.0080508245,155.00230757347208,14.289914491048187,"['D2', 'R11', 'R17', 'R14', 'R2', 'R26', 'R5', 'R10', 'R3', 'R12', 'R6', 'R1', 'R7', 'R28', 'R13', 'R20', 'R8', 'R23', 'R70', 'R24']"
2481411.077597231,126.5647470855314,11.536425741327484,"['D2', 'R2', 'R17', 'R14', 'R26', 'R5', 'R11', 'R1', 'R28', 'R7', 'R20', 'R6', 'R13', 'R12', 'R3', 'R10', 'R70', 'R23', 'R8', 'R24']"
2480610.4834336755,117.68504252080189,10.759048178433433,"['D2', 'R11', 'R2', 'R14', 'R17', 'R26', 'R5', 'R10', 'R12', 'R3', 'R7', 'R1', 'R28', 'R6', 'R13', 'R20', 'R23', 'R70', 'R8', 'R24']"
2483749.236168277,152.49818287795654,14.184233561336516,"['D2', 'R2', 'R14', 'R17', 'R26', 'R5', 'R11', 'R7', 'R1', 'R28', 'R6', 'R12', 'R3', 'R10', 'R20', 'R13', 'R23', 'R8', 'R70', 'R24']"
