total_cost,total_distance,total_fuel_consumed,route
2480991.1752112815,121.90744466816327,11.262096140904424,"['D2', 'R17', 'R14', 'R2', 'R3', 'R12', 'R10', 'R11', 'R26', 'R5', 'R7', 'R1', 'R6', 'R28', 'R13', 'R20', 'R23', 'R70', 'R24', 'R8']"
2481448.648565239,126.98146146006022,11.634477885979264,"['D2', 'R17', 'R14', 'R2', 'R11', 'R26', 'R5', 'R3', 'R12', 'R23', 'R7', 'R1', 'R6', 'R28', 'R13', 'R20', 'R10', 'R70', 'R24', 'R8']"
2480991.9151480375,121.915651597579,11.212883039178662,"['D2', 'R17', 'R14', 'R2', 'R26', 'R11', 'R5', 'R7', 'R1', 'R10', 'R12', 'R3', 'R6', 'R20', 'R13', 'R28', 'R23', 'R70', 'R8', 'R24']"
2481306.395771736,125.40367981074058,11.440516543806439,"['D2', 'R5', 'R26', 'R14', 'R17', 'R2', 'R11', 'R10', 'R3', 'R12', 'R7', 'R1', 'R23', 'R20', 'R6', 'R13', 'R28', 'R24', 'R8', 'R70']"
2481244.5843553543,124.71810509488463,11.351069138665387,"['D2', 'R5', 'R17', 'R14', 'R2', 'R26', 'R11', 'R1', 'R6', 'R28', 'R7', 'R12', 'R3', 'R10', 'R23', 'R20', 'R13', 'R24', 'R8', 'R70']"
