total_cost,total_distance,total_fuel_consumed,route
2482501.5898042154,138.66004663060505,12.813883564973555,"['D2', 'R17', 'R14', 'R2', 'R26', 'R5', 'R11', 'R28', 'R1', 'R7', 'R6', 'R13', 'R3', 'R12', 'R10', 'R23', 'R20', 'R24', 'R70', 'R8']"
2480149.330070115,112.57020929586633,10.247493167152275,"['D2', 'R17', 'R14', 'R2', 'R11', 'R26', 'R5', 'R7', 'R1', 'R28', 'R6', 'R23', 'R10', 'R12', 'R3', 'R70', 'R20', 'R13', 'R24', 'R8']"
2482131.0070347628,134.54976746631178,12.539053431246103,"['D2', 'R14', 'R17', 'R2', 'R11', 'R26', 'R5', 'R1', 'R7', 'R6', 'R13', 'R20', 'R23', 'R10', 'R3', 'R12', 'R28', 'R8', 'R70', 'R24']"
2480257.415158256,113.76902349441241,10.420669967414597,"['D2', 'R14', 'R17', 'R2', 'R11', 'R26', 'R5', 'R1', 'R7', 'R6', 'R28', 'R13', 'R20', 'R12', 'R3', 'R10', 'R23', 'R70', 'R8', 'R24']"
2480609.1652511577,117.67042204035289,10.821018631258454,"['D2', 'R17', 'R14', 'R2', 'R5', 'R26', 'R11', 'R3', 'R12', 'R10', 'R23', 'R1', 'R7', 'R6', 'R13', 'R20', 'R28', 'R24', 'R8', 'R70']"
