total_cost,total_distance,total_fuel_consumed,route
2481675.9480543504,129.5025294404504,11.903405790972862,"['D2', 'R26', 'R11', 'R14', 'R17', 'R2', 'R5', 'R1', 'R3', 'R12', 'R10', 'R6', 'R7', 'R28', 'R13', 'R20', 'R70', 'R23', 'R24', 'R8']"
2483352.229383008,148.09482456752397,13.573279607642931,"['D2', 'R26', 'R14', 'R17', 'R2', 'R5', 'R11', 'R6', 'R7', 'R28', 'R10', 'R12', 'R3', 'R23', 'R1', 'R13', 'R20', 'R24', 'R70', 'R8']"
2483370.1906542573,148.2940400871448,13.735193504209175,"['D2', 'R26', 'R17', 'R14', 'R2', 'R5', 'R11', 'R7', 'R28', 'R1', 'R3', 'R12', 'R10', 'R6', 'R20', 'R13', 'R23', 'R24', 'R70', 'R8']"
2483827.934479314,153.37105678031855,14.106379385679723,"['D2', 'R14', 'R17', 'R2', 'R11', 'R26', 'R7', 'R5', 'R12', 'R3', 'R1', 'R6', 'R13', 'R28', 'R23', 'R10', 'R20', 'R24', 'R70', 'R8']"
2482457.1172553077,138.1667841094491,11.563683351317417,"['D2', 'R14', 'R17', 'R2', 'R8', 'R5', 'R26', 'R11', 'R1', 'R7', 'R28', 'R24', 'R6', 'R10', 'R3', 'R12', 'R70', 'R20', 'R13', 'R23']"
