total_cost,total_distance,total_fuel_consumed,route
2480701.5480247387,118.69507569585903,10.868953995694492,"['D2', 'R17', 'R14', 'R2', 'R11', 'R5', 'R26', 'R10', 'R12', 'R3', 'R23', 'R20', 'R13', 'R6', 'R28', 'R1', 'R7', 'R70', 'R8', 'R24']"
2480188.7365236594,113.0072817619714,10.367273711131302,"['D2', 'R17', 'R14', 'R2', 'R11', 'R26', 'R5', 'R7', 'R1', 'R28', 'R6', 'R13', 'R20', 'R23', 'R3', 'R12', 'R10', 'R70', 'R24', 'R8']"
2480202.8308894904,113.16360791360694,10.336394573261812,"['D2', 'R17', 'R14', 'R2', 'R11', 'R26', 'R5', 'R7', 'R28', 'R6', 'R13', 'R20', 'R1', 'R3', 'R12', 'R10', 'R23', 'R70', 'R8', 'R24']"
2481532.829684473,127.91514734331138,11.78023974205304,"['D2', 'R2', 'R14', 'R17', 'R11', 'R26', 'R5', 'R7', 'R1', 'R28', 'R6', 'R13', 'R23', 'R12', 'R3', 'R10', 'R70', 'R20', 'R8', 'R24']"
2480976.081060955,121.7400295136996,11.172318164796192,"['D2', 'R26', 'R11', 'R2', 'R17', 'R14', 'R12', 'R3', 'R10', 'R23', 'R6', 'R13', 'R20', 'R7', 'R1', 'R28', 'R5', 'R70', 'R8', 'R24']"
