total_cost,total_distance,total_fuel_consumed,route
2482387.488848159,137.39450807630615,12.445306216142399,"['D2', 'R7', 'R26', 'R5', 'R11', 'R17', 'R14', 'R2', 'R12', 'R3', 'R10', 'R23', 'R6', 'R1', 'R13', 'R28', 'R20', 'R24', 'R8', 'R70']"
2483421.416189507,148.8622026342845,13.678754723236228,"['D2', 'R28', 'R7', 'R1', 'R5', 'R11', 'R14', 'R17', 'R2', 'R12', 'R3', 'R10', 'R6', 'R13', 'R20', 'R23', 'R26', 'R24', 'R70', 'R8']"
2482595.455265687,139.7011453603265,12.874745150465195,"['D2', 'R14', 'R17', 'R2', 'R5', 'R26', 'R11', 'R28', 'R1', 'R3', 'R10', 'R12', 'R7', 'R6', 'R13', 'R23', 'R20', 'R70', 'R24', 'R8']"
2484673.035006801,162.7443989219269,14.7143885692379,"['D2', 'R28', 'R14', 'R17', 'R2', 'R1', 'R5', 'R11', 'R26', 'R12', 'R3', 'R10', 'R6', 'R7', 'R13', 'R20', 'R23', 'R24', 'R70', 'R8']"
2480717.22255859,118.8689281121351,10.823440619157614,"['D2', 'R2', 'R17', 'R14', 'R11', 'R26', 'R5', 'R7', 'R1', 'R3', 'R10', 'R12', 'R70', 'R28', 'R13', 'R6', 'R23', 'R20', 'R24', 'R8']"
