total_cost,total_distance,total_fuel_consumed,route
2480741.2961900895,119.13593822193832,10.901033008163227,"['D2', 'R26', 'R17', 'R14', 'R2', 'R5', 'R11', 'R3', 'R12', 'R10', 'R6', 'R7', 'R1', 'R28', 'R13', 'R20', 'R23', 'R70', 'R8', 'R24']"
2483764.7575451443,152.67033656992183,14.08654247305542,"['D2', 'R2', 'R14', 'R17', 'R26', 'R11', 'R1', 'R12', 'R3', 'R10', 'R7', 'R6', 'R28', 'R5', 'R13', 'R20', 'R24', 'R70', 'R23', 'R8']"
2483727.343867827,152.2553667682717,14.12806490447863,"['D2', 'R5', 'R11', 'R2', 'R17', 'R14', 'R26', 'R3', 'R12', 'R10', 'R7', 'R1', 'R13', 'R6', 'R28', 'R20', 'R23', 'R8', 'R70', 'R24']"
2480810.497548852,119.90347769357165,10.898251231792457,"['D2', 'R5', 'R26', 'R11', 'R17', 'R14', 'R2', 'R1', 'R6', 'R7', 'R28', 'R13', 'R20', 'R10', 'R3', 'R12', 'R70', 'R23', 'R24', 'R8']"
2481381.358343072,126.23511915563357,11.447668832245357,"['D2', 'R14', 'R17', 'R2', 'R26', 'R11', 'R5', 'R7', 'R1', 'R12', 'R3', 'R10', 'R70', 'R13', 'R28', 'R23', 'R6', 'R20', 'R24', 'R8']"
