total_cost,total_distance,total_fuel_consumed,route
2482910.134787639,143.19137963219939,13.108656933720027,"['D2', 'R11', 'R26', 'R17', 'R14', 'R2', 'R5', 'R28', 'R1', 'R6', 'R7', 'R23', 'R10', 'R3', 'R12', 'R20', 'R13', 'R24', 'R70', 'R8']"
2483742.8388924655,152.42722817730325,13.960237188997986,"['D2', 'R5', 'R14', 'R17', 'R2', 'R26', 'R11', 'R1', 'R10', 'R3', 'R28', 'R7', 'R12', 'R23', 'R13', 'R6', 'R20', 'R24', 'R70', 'R8']"
2481542.8181949444,128.02593383922346,11.689932835966955,"['D2', 'R12', 'R3', 'R2', 'R14', 'R17', 'R26', 'R11', 'R5', 'R28', 'R7', 'R1', 'R6', 'R13', 'R20', 'R10', 'R23', 'R70', 'R24', 'R8']"
2482972.612756686,143.88434734567133,13.240008925739891,"['D2', 'R2', 'R14', 'R17', 'R11', 'R26', 'R5', 'R1', 'R6', 'R7', 'R12', 'R3', 'R28', 'R10', 'R23', 'R13', 'R20', 'R70', 'R24', 'R8']"
2483623.5986441807,151.1046877127399,13.200884815582068,"['D2', 'R8', 'R1', 'R14', 'R17', 'R2', 'R26', 'R5', 'R11', 'R7', 'R6', 'R12', 'R3', 'R10', 'R28', 'R13', 'R23', 'R20', 'R70', 'R24']"
