total_cost,total_distance,total_fuel_consumed,route
2216233.5611920515,69.13887746285877,6.0777012384483,"['D6', 'R27', 'R36', 'R22', 'R4', 'R32', 'R15', 'R16', 'R18', 'R31', 'R21', 'R33', 'R37', 'R9', 'R38', 'R35', 'R30', 'R34']"
2216364.6566124777,70.5929083016616,6.259579146037341,"['D6', 'R30', 'R36', 'R27', 'R4', 'R22', 'R35', 'R38', 'R32', 'R15', 'R18', 'R16', 'R31', 'R21', 'R33', 'R37', 'R9', 'R34']"
2217099.283595946,78.74094494172662,6.912697791740889,"['D6', 'R27', 'R36', 'R32', 'R15', 'R4', 'R22', 'R35', 'R38', 'R30', 'R21', 'R16', 'R18', 'R31', 'R9', 'R37', 'R33', 'R34']"
2215930.1817210307,65.77397649767681,5.908024906231152,"['D6', 'R30', 'R36', 'R27', 'R38', 'R22', 'R4', 'R32', 'R15', 'R31', 'R18', 'R16', 'R21', 'R33', 'R37', 'R9', 'R35', 'R34']"
2218171.99357786,90.63879301087373,7.907660250220683,"['D6', 'R30', 'R38', 'R32', 'R4', 'R36', 'R27', 'R22', 'R35', 'R9', 'R16', 'R18', 'R31', 'R15', 'R21', 'R33', 'R37', 'R34']"
