total_cost,total_distance,total_fuel_consumed,route
2215832.8297119862,64.69420709833449,5.717308658546949,"['D6', 'R30', 'R27', 'R36', 'R38', 'R35', 'R4', 'R32', 'R15', 'R31', 'R18', 'R16', 'R21', 'R37', 'R33', 'R9', 'R22', 'R34']"
2215285.7825415577,58.626691898379576,5.258427394163561,"['D6', 'R30', 'R35', 'R38', 'R22', 'R4', 'R27', 'R36', 'R32', 'R15', 'R31', 'R18', 'R16', 'R21', 'R9', 'R33', 'R37', 'R34']"
2215141.0130998376,57.02099711443576,5.1403963544431575,"['D6', 'R30', 'R35', 'R38', 'R22', 'R27', 'R36', 'R4', 'R32', 'R15', 'R31', 'R16', 'R18', 'R21', 'R9', 'R33', 'R37', 'R34']"
2216417.9036983987,71.18349266192135,6.289258982425659,"['D6', 'R30', 'R27', 'R36', 'R4', 'R22', 'R38', 'R35', 'R15', 'R32', 'R16', 'R18', 'R21', 'R9', 'R33', 'R37', 'R31', 'R34']"
2215198.7991016987,57.66192437554341,5.190804774425283,"['D6', 'R30', 'R35', 'R38', 'R22', 'R36', 'R27', 'R4', 'R32', 'R15', 'R31', 'R16', 'R18', 'R21', 'R9', 'R33', 'R37', 'R34']"
