total_cost,total_distance,total_fuel_consumed,route
2216812.7514800034,75.56290461406158,6.676832599054074,"['D6', 'R36', 'R27', 'R22', 'R30', 'R35', 'R38', 'R15', 'R32', 'R4', 'R18', 'R16', 'R21', 'R31', 'R9', 'R37', 'R33', 'R34']"
2216127.8538302965,67.96643556229543,5.912722062469539,"['D6', 'R27', 'R36', 'R4', 'R15', 'R32', 'R16', 'R18', 'R31', 'R21', 'R37', 'R33', 'R9', 'R22', 'R38', 'R35', 'R30', 'R34']"
2216238.019247598,69.18832350929507,6.050041432269798,"['D6', 'R35', 'R30', 'R27', 'R36', 'R4', 'R15', 'R32', 'R16', 'R18', 'R21', 'R31', 'R33', 'R37', 'R9', 'R22', 'R38', 'R34']"
2216803.736936034,75.4629207634675,6.647344866586615,"['D6', 'R27', 'R36', 'R30', 'R22', 'R38', 'R35', 'R32', 'R4', 'R15', 'R16', 'R18', 'R31', 'R9', 'R37', 'R33', 'R21', 'R34']"
2215938.338662532,65.8644483421952,5.837326669583522,"['D6', 'R36', 'R27', 'R22', 'R30', 'R35', 'R38', 'R4', 'R15', 'R32', 'R31', 'R18', 'R16', 'R21', 'R9', 'R37', 'R33', 'R34']"
