total_cost,total_distance,total_fuel_consumed,route
3265481.170860862,171.70775134053224,24.35222015515954,"['M1', 'D3', 'R7', 'R1', 'R6', 'W2', 'R25', 'R13', 'D1', 'R20', 'R28', 'R12', 'R10', 'R3', 'R23', 'W1', 'R26', 'R5', 'R11', 'R17', 'R14', 'R2', 'D2', 'R8', 'R24', 'R70']"
3262868.0307016456,142.72438666421647,4.627534602219537,"['M1', 'R70', 'R14', 'R17', 'R11', 'R26', 'R5', 'R2', 'R3', 'R10', 'R12', 'R6', 'W2', 'R13', 'D1', 'R25', 'R28', 'D3', 'R1', 'R7', 'R20', 'W1', 'R23', 'D2', 'R8', 'R24']"
3265095.4483976653,167.42955188182822,0.31549314429614583,"['M1', 'R2', 'R14', 'R17', 'R11', 'R26', 'R5', 'R1', 'D3', 'R7', 'R6', 'W2', 'R13', 'R25', 'D1', 'R20', 'R10', 'R3', 'R12', 'R23', 'W1', 'R28', 'D2', 'R70', 'R8', 'R24']"
3264608.3763845456,162.02724472655365,2.2535148060109162,"['M1', 'R3', 'R12', 'R10', 'R23', 'R25', 'R13', 'W2', 'R6', 'D1', 'R20', 'W1', 'R28', 'D3', 'R1', 'R7', 'R5', 'R26', 'R14', 'R17', 'R2', 'R11', 'D2', 'R8', 'R24', 'R70']"
3262774.467087614,141.68663584309573,-0.6176649123937791,"['M1', 'R70', 'R2', 'R17', 'R14', 'R11', 'R26', 'R5', 'D3', 'R7', 'R1', 'R6', 'W2', 'R13', 'D1', 'R25', 'R28', 'R20', 'R12', 'R3', 'R10', 'R23', 'W1', 'D2', 'R8', 'R24']"
