total_cost,total_distance,total_fuel_consumed,route
261309.08560287394,14.519582995496137,1.867534895970059,"['W4', 'D5', 'D6']"
261309.08560287394,14.519582995496137,1.867534895970059,"['W4', 'D5', 'D6']"
261309.08560287394,14.519582995496137,1.867534895970059,"['W4', 'D5', 'D6']"
261309.08560287394,14.519582995496137,1.867534895970059,"['W4', 'D5', 'D6']"
261309.08560287394,14.519582995496137,1.867534895970059,"['W4', 'D5', 'D6']"
