total_cost,total_distance,total_fuel_consumed,route
261734.294132568,19.23573793886437,2.3239369872637594,"['W4', 'D6', 'D5']"
261734.294132568,19.23573793886437,2.3239369872637594,"['W4', 'D6', 'D5']"
261734.294132568,19.23573793886437,2.3239369872637594,"['W4', 'D6', 'D5']"
261734.294132568,19.23573793886437,2.3239369872637594,"['W4', 'D6', 'D5']"
261734.294132568,19.23573793886437,2.3239369872637594,"['W4', 'D6', 'D5']"
