total_cost,total_distance,total_fuel_consumed,route
2481481.777910698,127.34891205299544,12.017621074828742,"['D3', 'R7', 'R1', 'R5', 'R26', 'R11', 'R2', 'R14', 'R17', 'R12', 'R3', 'R10', 'R23', 'R6', 'R13', 'R28', 'R20', 'R24', 'R70', 'R8']"
2481723.5879066614,130.0309217686556,11.881551724840403,"['D3', 'R7', 'R1', 'R20', 'R6', 'R28', 'R11', 'R17', 'R14', 'R2', 'R26', 'R5', 'R3', 'R10', 'R12', 'R70', 'R13', 'R23', 'R24', 'R8']"
2481254.325226654,124.82614492739748,11.463685408572404,"['D3', 'R1', 'R7', 'R6', 'R14', 'R17', 'R2', 'R5', 'R26', 'R11', 'R3', 'R12', 'R10', 'R13', 'R28', 'R20', 'R23', 'R70', 'R8', 'R24']"
2481637.3821606156,129.07477995359403,11.903847050539374,"['D3', 'R7', 'R1', 'R11', 'R17', 'R14', 'R2', 'R26', 'R5', 'R6', 'R28', 'R13', 'R23', 'R3', 'R12', 'R10', 'R20', 'R70', 'R8', 'R24']"
2480161.8223446896,112.70876602362567,10.368406207435646,"['D3', 'R7', 'R1', 'R5', 'R26', 'R17', 'R14', 'R2', 'R11', 'R12', 'R3', 'R10', 'R23', 'R70', 'R6', 'R13', 'R28', 'R20', 'R24', 'R8']"
