total_cost,total_distance,total_fuel_consumed,route
2481766.7732757963,130.50990767298953,12.17009347464414,"['D3', 'R5', 'R26', 'R11', 'R17', 'R14', 'R2', 'R10', 'R3', 'R12', 'R23', 'R7', 'R28', 'R13', 'R6', 'R1', 'R20', 'R70', 'R24', 'R8']"
2479954.187535837,110.40580674175727,10.22383327034636,"['D3', 'R7', 'R28', 'R5', 'R26', 'R11', 'R2', 'R14', 'R17', 'R3', 'R12', 'R10', 'R1', 'R6', 'R13', 'R20', 'R23', 'R70', 'R8', 'R24']"
2483116.7549542896,145.48308511856354,13.5246024492033,"['D3', 'R28', 'R7', 'R3', 'R10', 'R12', 'R17', 'R14', 'R2', 'R1', 'R5', 'R11', 'R26', 'R6', 'R13', 'R20', 'R23', 'R24', 'R70', 'R8']"
2482073.4188832496,133.9110346411917,12.360660812643733,"['D3', 'R5', 'R17', 'R14', 'R2', 'R11', 'R26', 'R1', 'R13', 'R6', 'R7', 'R28', 'R10', 'R12', 'R3', 'R23', 'R20', 'R70', 'R24', 'R8']"
2481349.9832775546,125.88712597110836,11.51604618979025,"['D3', 'R28', 'R7', 'R1', 'R11', 'R26', 'R2', 'R14', 'R17', 'R5', 'R13', 'R6', 'R12', 'R3', 'R10', 'R20', 'R23', 'R70', 'R8', 'R24']"
