total_cost,total_distance,total_fuel_consumed,route
2482802.3597457213,141.9960042781887,13.255175933468237,"['D3', 'R7', 'R1', 'R26', 'R17', 'R14', 'R2', 'R11', 'R5', 'R3', 'R12', 'R10', 'R13', 'R6', 'R28', 'R20', 'R23', 'R8', 'R24', 'R70']"
2482027.35834705,133.40015912877055,12.547031799886202,"['D3', 'R7', 'R1', 'R10', 'R12', 'R3', 'R2', 'R14', 'R17', 'R11', 'R26', 'R5', 'R28', 'R6', 'R20', 'R13', 'R23', 'R8', 'R24', 'R70']"
2480502.353251697,116.4857281687822,10.755610281340166,"['D3', 'R28', 'R7', 'R1', 'R11', 'R14', 'R17', 'R2', 'R26', 'R5', 'R3', 'R12', 'R10', 'R13', 'R6', 'R20', 'R23', 'R70', 'R8', 'R24']"
2482497.5555918394,138.61530159538546,12.99728576360138,"['D3', 'R7', 'R1', 'R10', 'R3', 'R12', 'R17', 'R14', 'R2', 'R11', 'R26', 'R5', 'R13', 'R6', 'R28', 'R20', 'R23', 'R8', 'R24', 'R70']"
2481208.410357035,124.31688506028539,11.260533190208578,"['D3', 'R7', 'R1', 'R6', 'R28', 'R13', 'R11', 'R17', 'R14', 'R2', 'R26', 'R5', 'R23', 'R12', 'R3', 'R10', 'R70', 'R20', 'R24', 'R8']"
