total_cost,total_distance,total_fuel_consumed,route
2482964.0155554847,143.78899240777545,13.310123404937734,"['D3', 'R1', 'R7', 'R6', 'R5', 'R11', 'R14', 'R17', 'R2', 'R12', 'R3', 'R10', 'R26', 'R13', 'R20', 'R28', 'R23', 'R24', 'R8', 'R70']"
2480468.366265648,116.10876514694118,10.597631147425716,"['D3', 'R1', 'R7', 'R6', 'R13', 'R20', 'R28', 'R3', 'R10', 'R12', 'R11', 'R26', 'R5', 'R17', 'R14', 'R2', 'R70', 'R23', 'R24', 'R8']"
2480041.948392914,111.37919690454629,10.254271704979809,"['D3', 'R1', 'R7', 'R6', 'R13', 'R20', 'R28', 'R5', 'R11', 'R26', 'R17', 'R14', 'R2', 'R12', 'R3', 'R10', 'R23', 'R70', 'R24', 'R8']"
2480771.423876459,119.47009623401647,10.906890018789149,"['D3', 'R1', 'R7', 'R6', 'R13', 'R20', 'R23', 'R3', 'R12', 'R5', 'R11', 'R26', 'R2', 'R17', 'R14', 'R28', 'R10', 'R70', 'R8', 'R24']"
2479926.7352521075,110.10132267200197,10.132877709336814,"['D3', 'R1', 'R7', 'R28', 'R6', 'R13', 'R20', 'R23', 'R10', 'R12', 'R3', 'R2', 'R17', 'R14', 'R11', 'R5', 'R26', 'R24', 'R8', 'R70']"
