total_cost,total_distance,total_fuel_consumed,route
2483036.263747964,144.5903255098028,13.424969021528078,"['D3', 'R26', 'R5', 'R11', 'R14', 'R17', 'R2', 'R1', 'R7', 'R13', 'R28', 'R6', 'R20', 'R3', 'R12', 'R10', 'R23', 'R8', 'R70', 'R24']"
2480954.3870444824,121.49941264953712,11.003780312146029,"['D3', 'R1', 'R7', 'R5', 'R26', 'R11', 'R14', 'R17', 'R2', 'R13', 'R3', 'R12', 'R10', 'R70', 'R23', 'R6', 'R28', 'R20', 'R24', 'R8']"
2481564.016649182,128.26105422783934,11.916162065787658,"['D3', 'R11', 'R17', 'R14', 'R2', 'R26', 'R5', 'R1', 'R7', 'R6', 'R28', 'R12', 'R3', 'R10', 'R23', 'R13', 'R20', 'R70', 'R24', 'R8']"
2481794.168430281,130.81375809983516,12.078146354179403,"['D3', 'R5', 'R2', 'R17', 'R14', 'R11', 'R1', 'R7', 'R28', 'R6', 'R20', 'R13', 'R3', 'R12', 'R10', 'R70', 'R26', 'R23', 'R8', 'R24']"
2482026.1955074253,133.38726161740607,12.155931531572115,"['D3', 'R6', 'R28', 'R1', 'R7', 'R13', 'R23', 'R10', 'R3', 'R12', 'R14', 'R17', 'R2', 'R11', 'R5', 'R26', 'R24', 'R20', 'R70', 'R8']"
