total_cost,total_distance,total_fuel_consumed,route
2481465.6264644284,127.16977001362567,11.72725382293901,"['D3', 'R26', 'R17', 'R14', 'R2', 'R5', 'R11', 'R12', 'R10', 'R3', 'R6', 'R1', 'R7', 'R28', 'R13', 'R20', 'R70', 'R23', 'R24', 'R8']"
2479128.4019496534,101.24669420644884,9.253795354015454,"['D3', 'R1', 'R7', 'R28', 'R5', 'R26', 'R11', 'R17', 'R14', 'R2', 'R10', 'R3', 'R12', 'R70', 'R23', 'R20', 'R6', 'R13', 'R24', 'R8']"
2481884.9309460763,131.82044083935844,12.167189549425556,"['D3', 'R26', 'R11', 'R14', 'R17', 'R2', 'R1', 'R7', 'R5', 'R12', 'R10', 'R3', 'R23', 'R6', 'R28', 'R13', 'R20', 'R70', 'R24', 'R8']"
2482610.7238271628,139.87049497740387,12.968292754802338,"['D3', 'R1', 'R7', 'R28', 'R5', 'R11', 'R17', 'R14', 'R2', 'R3', 'R10', 'R12', 'R26', 'R23', 'R20', 'R6', 'R24', 'R13', 'R70', 'R8']"
2480978.0843222905,121.7622484726087,11.111280329349045,"['D3', 'R7', 'R5', 'R26', 'R11', 'R17', 'R14', 'R2', 'R10', 'R12', 'R3', 'R70', 'R13', 'R6', 'R1', 'R28', 'R23', 'R20', 'R24', 'R8']"
