total_cost,total_distance,total_fuel_consumed,route
2479742.618097733,108.05920694025181,10.056370597651267,"['D3', 'R7', 'R1', 'R11', 'R26', 'R5', 'R14', 'R17', 'R2', 'R12', 'R3', 'R10', 'R23', 'R20', 'R13', 'R6', 'R28', 'R24', 'R8', 'R70']"
2479886.3626197833,109.65353393726514,10.055515515287317,"['D3', 'R7', 'R5', 'R11', 'R26', 'R14', 'R17', 'R2', 'R12', 'R3', 'R10', 'R6', 'R13', 'R20', 'R23', 'R70', 'R1', 'R28', 'R24', 'R8']"
2479946.1608015,110.31677907609324,10.309720356590741,"['D3', 'R7', 'R1', 'R5', 'R26', 'R11', 'R14', 'R17', 'R2', 'R3', 'R12', 'R10', 'R23', 'R6', 'R13', 'R20', 'R28', 'R24', 'R8', 'R70']"
2480809.5453870124,119.89291689233065,11.042658036021248,"['D3', 'R1', 'R7', 'R6', 'R13', 'R20', 'R10', 'R12', 'R3', 'R11', 'R5', 'R26', 'R14', 'R17', 'R2', 'R28', 'R23', 'R70', 'R8', 'R24']"
2479983.756364101,110.73376623892193,10.013881964410428,"['D3', 'R6', 'R13', 'R20', 'R1', 'R7', 'R28', 'R26', 'R5', 'R11', 'R17', 'R14', 'R2', 'R12', 'R3', 'R10', 'R23', 'R70', 'R8', 'R24']"
