total_cost,total_distance,total_fuel_consumed,route
2481246.71263695,124.7417107026377,11.433125943548577,"['D3', 'R28', 'R13', 'R6', 'R7', 'R11', 'R26', 'R5', 'R14', 'R17', 'R2', 'R1', 'R3', 'R12', 'R10', 'R70', 'R20', 'R23', 'R24', 'R8']"
2479932.609248118,110.16647347069377,9.995367527981763,"['D3', 'R6', 'R1', 'R7', 'R28', 'R26', 'R5', 'R11', 'R2', 'R17', 'R14', 'R12', 'R3', 'R10', 'R70', 'R23', 'R13', 'R20', 'R24', 'R8']"
2481156.328634776,123.73922620648376,11.435164418740811,"['D3', 'R28', 'R1', 'R7', 'R2', 'R17', 'R14', 'R11', 'R26', 'R5', 'R12', 'R3', 'R10', 'R6', 'R20', 'R13', 'R23', 'R70', 'R24', 'R8']"
2480905.5963538606,120.95825592125959,11.13140898308029,"['D3', 'R5', 'R11', 'R26', 'R14', 'R17', 'R2', 'R10', 'R3', 'R12', 'R70', 'R1', 'R7', 'R6', 'R20', 'R13', 'R28', 'R23', 'R8', 'R24']"
2481097.575621856,123.08757344560495,11.250785064542868,"['D3', 'R28', 'R7', 'R6', 'R1', 'R14', 'R17', 'R2', 'R5', 'R11', 'R26', 'R12', 'R3', 'R10', 'R70', 'R23', 'R13', 'R20', 'R8', 'R24']"
