total_cost,total_distance,total_fuel_consumed,route
2481754.7276317775,130.37630470028267,12.060541223681936,"['D3', 'R11', 'R2', 'R14', 'R17', 'R26', 'R5', 'R12', 'R3', 'R23', 'R10', 'R1', 'R6', 'R28', 'R7', 'R13', 'R20', 'R70', 'R24', 'R8']"
2482969.7610213915,143.85271762857067,13.089632039692903,"['D3', 'R1', 'R5', 'R28', 'R7', 'R11', 'R17', 'R14', 'R2', 'R3', 'R10', 'R12', 'R23', 'R26', 'R70', 'R13', 'R6', 'R20', 'R8', 'R24']"
2483861.319990958,153.7413486131097,14.266989252426178,"['D3', 'R28', 'R7', 'R1', 'R11', 'R5', 'R14', 'R17', 'R2', 'R12', 'R3', 'R26', 'R6', 'R23', 'R10', 'R20', 'R13', 'R8', 'R70', 'R24']"
2480605.6120206425,117.63101176400593,10.80867332241777,"['D3', 'R7', 'R1', 'R11', 'R5', 'R26', 'R14', 'R17', 'R2', 'R12', 'R3', 'R6', 'R28', 'R20', 'R23', 'R70', 'R10', 'R13', 'R24', 'R8']"
2481737.5309278485,130.1855692973415,11.99997393051955,"['D3', 'R7', 'R6', 'R1', 'R5', 'R26', 'R11', 'R14', 'R17', 'R2', 'R12', 'R3', 'R28', 'R13', 'R10', 'R70', 'R23', 'R20', 'R8', 'R24']"
