total_cost,total_distance,total_fuel_consumed,route
2481832.936754699,131.2437528249657,12.367959137457305,"['D3', 'R7', 'R1', 'R5', 'R26', 'R11', 'R14', 'R17', 'R2', 'R12', 'R3', 'R10', 'R23', 'R6', 'R13', 'R28', 'R20', 'R8', 'R24', 'R70']"
2480677.0922483737,118.42382706714244,10.922493423810476,"['D3', 'R1', 'R7', 'R28', 'R13', 'R6', 'R11', 'R26', 'R5', 'R17', 'R14', 'R2', 'R3', 'R12', 'R10', 'R23', 'R20', 'R24', 'R8', 'R70']"
2480224.5623266115,113.40463982488703,10.582503259852919,"['D3', 'R7', 'R1', 'R5', 'R26', 'R11', 'R17', 'R14', 'R2', 'R3', 'R12', 'R10', 'R20', 'R13', 'R6', 'R28', 'R23', 'R70', 'R8', 'R24']"
2480414.3411621563,115.50955148798256,10.618321096958088,"['D3', 'R7', 'R1', 'R2', 'R14', 'R17', 'R11', 'R26', 'R5', 'R6', 'R28', 'R13', 'R20', 'R10', 'R3', 'R12', 'R70', 'R23', 'R24', 'R8']"
2479677.6865776107,107.33902592736271,10.010288308859028,"['D3', 'R7', 'R1', 'R5', 'R26', 'R11', 'R2', 'R17', 'R14', 'R3', 'R12', 'R10', 'R23', 'R20', 'R13', 'R6', 'R28', 'R24', 'R8', 'R70']"
