total_cost,total_distance,total_fuel_consumed,route
2481158.20089804,123.75999221428366,11.391290360348652,"['D3', 'R5', 'R26', 'R2', 'R17', 'R14', 'R11', 'R7', 'R1', 'R6', 'R28', 'R13', 'R10', 'R12', 'R3', 'R70', 'R23', 'R20', 'R8', 'R24']"
2483191.420795286,146.31123331062133,13.704091645800958,"['D3', 'R1', 'R7', 'R3', 'R12', 'R10', 'R11', 'R2', 'R17', 'R14', 'R26', 'R5', 'R28', 'R6', 'R23', 'R13', 'R20', 'R8', 'R70', 'R24']"
2484088.7695230762,156.26408077946604,14.174377489838678,"['D3', 'R7', 'R17', 'R14', 'R2', 'R20', 'R13', 'R28', 'R1', 'R3', 'R12', 'R10', 'R11', 'R26', 'R5', 'R70', 'R24', 'R6', 'R23', 'R8']"
2482755.1386666,141.47225672803768,13.201414648400537,"['D3', 'R5', 'R26', 'R2', 'R14', 'R17', 'R12', 'R3', 'R10', 'R1', 'R11', 'R7', 'R13', 'R28', 'R6', 'R23', 'R20', 'R24', 'R70', 'R8']"
2481642.6617314583,129.13333774909165,11.880545488764588,"['D3', 'R26', 'R11', 'R5', 'R14', 'R17', 'R2', 'R7', 'R1', 'R28', 'R13', 'R6', 'R12', 'R3', 'R10', 'R20', 'R23', 'R70', 'R24', 'R8']"
