total_cost,total_distance,total_fuel_consumed,route
2480625.666121079,117.85343967479201,10.934514253785332,"['D3', 'R1', 'R3', 'R12', 'R2', 'R14', 'R17', 'R11', 'R26', 'R5', 'R7', 'R6', 'R20', 'R13', 'R28', 'R23', 'R10', 'R70', 'R24', 'R8']"
2479983.479454082,110.73069492105722,10.23220290887025,"['D3', 'R1', 'R7', 'R28', 'R6', 'R13', 'R20', 'R23', 'R10', 'R3', 'R12', 'R17', 'R14', 'R2', 'R11', 'R26', 'R5', 'R70', 'R24', 'R8']"
2480900.187172196,120.89826056118252,10.929048663020795,"['D3', 'R1', 'R7', 'R6', 'R13', 'R28', 'R20', 'R17', 'R14', 'R2', 'R11', 'R5', 'R26', 'R10', 'R3', 'R12', 'R23', 'R70', 'R8', 'R24']"
2480422.0965736,115.59556980479869,10.578131312839636,"['D3', 'R1', 'R7', 'R2', 'R17', 'R14', 'R26', 'R11', 'R5', 'R28', 'R13', 'R6', 'R20', 'R12', 'R3', 'R10', 'R23', 'R70', 'R8', 'R24']"
2480838.6793873864,120.21605354243968,11.086516071077668,"['D3', 'R1', 'R7', 'R6', 'R13', 'R20', 'R28', 'R5', 'R11', 'R26', 'R14', 'R17', 'R2', 'R3', 'R12', 'R10', 'R23', 'R24', 'R8', 'R70']"
