total_cost,total_distance,total_fuel_consumed,route
2479603.257651438,106.51350545073083,9.687739178714079,"['D3', 'R1', 'R7', 'R26', 'R14', 'R17', 'R2', 'R11', 'R5', 'R3', 'R12', 'R10', 'R70', 'R23', 'R20', 'R6', 'R28', 'R13', 'R24', 'R8']"
2480938.3699983624,121.32176129505734,11.256853903202042,"['D3', 'R1', 'R28', 'R7', 'R5', 'R11', 'R14', 'R17', 'R2', 'R26', 'R3', 'R12', 'R10', 'R23', 'R20', 'R13', 'R6', 'R70', 'R24', 'R8']"
2480948.2090345933,121.43088991341318,11.369717059126904,"['D3', 'R5', 'R26', 'R11', 'R14', 'R17', 'R2', 'R3', 'R12', 'R10', 'R23', 'R7', 'R1', 'R28', 'R13', 'R6', 'R20', 'R70', 'R24', 'R8']"
2480101.5622017332,112.04039709110054,10.42185214377595,"['D3', 'R1', 'R7', 'R5', 'R26', 'R11', 'R14', 'R17', 'R2', 'R12', 'R10', 'R3', 'R23', 'R6', 'R20', 'R13', 'R28', 'R24', 'R8', 'R70']"
2479579.7042503906,106.25226542136997,9.653332053903778,"['D3', 'R1', 'R7', 'R6', 'R28', 'R17', 'R14', 'R2', 'R11', 'R5', 'R26', 'R12', 'R3', 'R10', 'R70', 'R23', 'R20', 'R13', 'R24', 'R8']"
