total_cost,total_distance,total_fuel_consumed,route
2481240.478282465,124.67256302645222,11.521415554194279,"['D3', 'R7', 'R1', 'R3', 'R12', 'R10', 'R6', 'R5', 'R11', 'R2', 'R14', 'R17', 'R26', 'R28', 'R13', 'R20', 'R23', 'R70', 'R24', 'R8']"
2479894.6990081086,109.74599609703924,10.225728849368029,"['D3', 'R7', 'R1', 'R11', 'R5', 'R26', 'R14', 'R17', 'R2', 'R3', 'R12', 'R10', 'R23', 'R20', 'R6', 'R13', 'R28', 'R24', 'R8', 'R70']"
2480265.9044606015,113.86318168369115,10.45164325898647,"['D3', 'R7', 'R1', 'R11', 'R17', 'R14', 'R2', 'R26', 'R5', 'R28', 'R6', 'R20', 'R13', 'R12', 'R3', 'R23', 'R10', 'R70', 'R8', 'R24']"
2480483.275840033,116.2741330970812,10.657940283348752,"['D3', 'R7', 'R1', 'R28', 'R6', 'R13', 'R11', 'R5', 'R26', 'R14', 'R17', 'R2', 'R12', 'R3', 'R10', 'R23', 'R70', 'R20', 'R24', 'R8']"
2480805.4875464235,119.84790978730717,11.144800362918907,"['D3', 'R7', 'R1', 'R26', 'R5', 'R11', 'R14', 'R17', 'R2', 'R3', 'R12', 'R10', 'R13', 'R6', 'R20', 'R28', 'R23', 'R70', 'R8', 'R24']"
