Cluster,Warehouse Cost,Distribution Cost,Outlet Cost,Total Cost
Cluster1,0.0,inf,inf,inf
Cluster2,133839.50804499903,261309.08560287394,2215115.0351347276,2610263.6287826006
