total_cost,total_distance,total_fuel_consumed,route
2480838.0037095626,120.20855933410468,11.183742192927001,"['D3', 'R28', 'R13', 'R6', 'R7', 'R1', 'R11', 'R5', 'R26', 'R14', 'R17', 'R2', 'R12', 'R3', 'R10', 'R23', 'R20', 'R70', 'R24', 'R8']"
2481315.487545216,125.50452024418362,11.79789805452726,"['D3', 'R1', 'R7', 'R11', 'R5', 'R26', 'R14', 'R17', 'R2', 'R12', 'R3', 'R10', 'R23', 'R6', 'R28', 'R13', 'R20', 'R24', 'R70', 'R8']"
2480669.0675140615,118.33482158453799,10.766596015033091,"['D3', 'R7', 'R13', 'R6', 'R1', 'R26', 'R11', 'R5', 'R14', 'R17', 'R2', 'R12', 'R3', 'R10', 'R70', 'R20', 'R23', 'R28', 'R24', 'R8']"
2480902.413244206,120.92295080086797,11.233161985146083,"['D3', 'R7', 'R1', 'R28', 'R5', 'R11', 'R17', 'R14', 'R2', 'R26', 'R3', 'R12', 'R10', 'R23', 'R20', 'R13', 'R6', 'R70', 'R24', 'R8']"
2481147.1949553424,123.6379209776203,11.51365978938374,"['D3', 'R7', 'R1', 'R14', 'R17', 'R2', 'R26', 'R11', 'R5', 'R3', 'R12', 'R10', 'R6', 'R20', 'R13', 'R28', 'R23', 'R70', 'R24', 'R8']"
