total_cost,total_distance,total_fuel_consumed,route
2480771.2661897466,119.46834726870384,10.899257339572356,"['D3', 'R1', 'R7', 'R5', 'R11', 'R14', 'R17', 'R2', 'R26', 'R70', 'R10', 'R3', 'R12', 'R28', 'R6', 'R20', 'R13', 'R23', 'R24', 'R8']"
2483596.6156422575,150.80540863196165,13.34046944211778,"['D3', 'R12', 'R3', 'R23', 'R1', 'R6', 'R7', 'R17', 'R14', 'R2', 'R11', 'R26', 'R8', 'R5', 'R13', 'R28', 'R20', 'R10', 'R70', 'R24']"
2483601.953276738,150.86461043409486,13.867371443203591,"['D3', 'R12', 'R11', 'R17', 'R14', 'R2', 'R26', 'R5', 'R7', 'R3', 'R10', 'R1', 'R6', 'R28', 'R23', 'R13', 'R20', 'R24', 'R70', 'R8']"
2482180.6920797047,135.10084382990752,12.464868803661204,"['D3', 'R11', 'R26', 'R2', 'R14', 'R17', 'R5', 'R7', 'R28', 'R1', 'R12', 'R3', 'R23', 'R10', 'R13', 'R6', 'R20', 'R70', 'R24', 'R8']"
2482162.418549094,134.89816491896696,12.33077256869659,"['D3', 'R5', 'R11', 'R14', 'R17', 'R2', 'R1', 'R3', 'R10', 'R12', 'R70', 'R23', 'R7', 'R28', 'R6', 'R26', 'R13', 'R20', 'R8', 'R24']"
