total_cost,total_distance,total_fuel_consumed,route
2480168.3547258205,112.7812192304915,10.334174454482667,"['D3', 'R1', 'R7', 'R28', 'R6', 'R13', 'R20', 'R23', 'R12', 'R3', 'R10', 'R17', 'R14', 'R2', 'R11', 'R26', 'R5', 'R24', 'R8', 'R70']"
2479837.720029937,109.11401985289909,9.954719221132642,"['D3', 'R1', 'R7', 'R28', 'R6', 'R13', 'R20', 'R11', 'R5', 'R26', 'R17', 'R14', 'R2', 'R3', 'R12', 'R10', 'R23', 'R70', 'R8', 'R24']"
2480304.8538285517,114.29518443380763,10.713676880364384,"['D3', 'R7', 'R1', 'R5', 'R26', 'R11', 'R14', 'R17', 'R2', 'R3', 'R12', 'R10', 'R23', 'R6', 'R13', 'R20', 'R28', 'R70', 'R8', 'R24']"
2480784.6917956574,119.61725594118889,11.251210701352163,"['D3', 'R7', 'R1', 'R5', 'R26', 'R11', 'R2', 'R17', 'R14', 'R12', 'R3', 'R10', 'R23', 'R6', 'R13', 'R20', 'R28', 'R70', 'R24', 'R8']"
2481679.8796670362,129.5461365021813,11.883298916001783,"['D3', 'R7', 'R1', 'R6', 'R13', 'R20', 'R2', 'R17', 'R14', 'R11', 'R26', 'R5', 'R10', 'R3', 'R12', 'R23', 'R28', 'R70', 'R8', 'R24']"
