total_cost,total_distance,total_fuel_consumed,route
2480303.0437436546,114.27510807070665,10.526653433283178,"['D3', 'R7', 'R1', 'R11', 'R2', 'R17', 'R14', 'R26', 'R5', 'R28', 'R13', 'R6', 'R23', 'R3', 'R12', 'R10', 'R70', 'R20', 'R24', 'R8']"
2481830.3875695136,131.2154788100501,12.140153084641476,"['D3', 'R7', 'R1', 'R17', 'R14', 'R2', 'R11', 'R26', 'R5', 'R28', 'R12', 'R3', 'R10', 'R6', 'R13', 'R23', 'R20', 'R70', 'R8', 'R24']"
2480221.046218913,113.36564129229393,10.309447620421276,"['D3', 'R1', 'R11', 'R17', 'R14', 'R2', 'R5', 'R26', 'R7', 'R6', 'R28', 'R20', 'R13', 'R23', 'R10', 'R12', 'R3', 'R70', 'R8', 'R24']"
2480806.3124207817,119.8570587930599,11.011053635083565,"['D3', 'R7', 'R1', 'R6', 'R13', 'R28', 'R14', 'R17', 'R2', 'R11', 'R5', 'R26', 'R3', 'R12', 'R10', 'R20', 'R23', 'R70', 'R8', 'R24']"
2480561.3037839783,117.13957169452455,10.65167576583157,"['D3', 'R7', 'R1', 'R28', 'R5', 'R11', 'R17', 'R14', 'R2', 'R26', 'R6', 'R13', 'R10', 'R12', 'R3', 'R70', 'R23', 'R20', 'R24', 'R8']"
