total_cost,total_distance,total_fuel_consumed,route
2480020.793880506,111.14456389204088,10.08617319711233,"['D3', 'R1', 'R7', 'R6', 'R20', 'R13', 'R28', 'R11', 'R26', 'R5', 'R14', 'R17', 'R2', 'R70', 'R3', 'R12', 'R10', 'R23', 'R8', 'R24']"
2480266.7782562724,113.87287329494951,10.497684918754267,"['D3', 'R5', 'R26', 'R2', 'R14', 'R17', 'R11', 'R1', 'R7', 'R6', 'R28', 'R13', 'R20', 'R3', 'R12', 'R10', 'R70', 'R23', 'R24', 'R8']"
2480995.456230652,121.9549271367789,11.129900477552885,"['D3', 'R1', 'R7', 'R14', 'R17', 'R2', 'R11', 'R26', 'R5', 'R28', 'R3', 'R12', 'R70', 'R10', 'R20', 'R13', 'R6', 'R23', 'R24', 'R8']"
2481075.3738645613,122.84132502841176,11.298525904633314,"['D3', 'R1', 'R7', 'R28', 'R13', 'R6', 'R20', 'R12', 'R3', 'R10', 'R2', 'R14', 'R17', 'R11', 'R26', 'R5', 'R23', 'R70', 'R24', 'R8']"
2479844.0402804855,109.18412023609275,9.980565351154608,"['D3', 'R1', 'R7', 'R28', 'R6', 'R20', 'R13', 'R23', 'R10', 'R3', 'R12', 'R14', 'R17', 'R2', 'R11', 'R26', 'R5', 'R70', 'R8', 'R24']"
