total_cost,total_distance,total_fuel_consumed,route
2480225.481821249,113.41483830134317,10.382980507023067,"['D1', 'R20', 'R13', 'R23', 'R10', 'R3', 'R12', 'R2', 'R17', 'R14', 'R11', 'R26', 'R5', 'R7', 'R6', 'R1', 'R28', 'R24', 'R8', 'R70']"
2480207.4181043333,113.21448651656473,10.160204464109828,"['D1', 'R6', 'R13', 'R1', 'R12', 'R3', 'R10', 'R26', 'R5', 'R11', 'R14', 'R17', 'R2', 'R70', 'R23', 'R20', 'R7', 'R28', 'R24', 'R8']"
2482556.362781828,139.26755525540912,13.042945937021976,"['D1', 'R13', 'R6', 'R7', 'R28', 'R26', 'R5', 'R11', 'R17', 'R14', 'R2', 'R12', 'R3', 'R10', 'R1', 'R20', 'R23', 'R24', 'R70', 'R8']"
2480511.983934089,116.59254585280917,10.576315007919275,"['D1', 'R20', 'R13', 'R6', 'R28', 'R3', 'R12', 'R7', 'R1', 'R5', 'R11', 'R26', 'R2', 'R14', 'R17', 'R23', 'R10', 'R70', 'R8', 'R24']"
2480921.7576206815,121.13750688422346,11.246945184439616,"['D1', 'R20', 'R13', 'R6', 'R7', 'R1', 'R5', 'R11', 'R14', 'R17', 'R2', 'R26', 'R10', 'R12', 'R3', 'R23', 'R28', 'R70', 'R8', 'R24']"
