total_cost,total_distance,total_fuel_consumed,route
2480445.0553272148,115.85021436573737,10.346166174749593,"['D1', 'R13', 'R6', 'R28', 'R7', 'R1', 'R3', 'R12', 'R10', 'R23', 'R70', 'R20', 'R11', 'R17', 'R14', 'R2', 'R26', 'R5', 'R8', 'R24']"
2478832.7618496767,97.9676336476971,8.954687899260273,"['D1', 'R13', 'R6', 'R28', 'R7', 'R1', 'R5', 'R26', 'R11', 'R17', 'R14', 'R2', 'R70', 'R3', 'R12', 'R10', 'R23', 'R20', 'R24', 'R8']"
2480586.005457318,117.41354766324771,10.932959624233472,"['D1', 'R13', 'R28', 'R7', 'R1', 'R3', 'R12', 'R10', 'R2', 'R17', 'R14', 'R11', 'R26', 'R5', 'R6', 'R20', 'R23', 'R70', 'R24', 'R8']"
2480349.1330873757,114.78630309866978,10.644902282960064,"['D1', 'R13', 'R6', 'R7', 'R1', 'R28', 'R5', 'R11', 'R26', 'R17', 'R14', 'R2', 'R12', 'R3', 'R10', 'R23', 'R20', 'R24', 'R8', 'R70']"
2479759.873210511,108.25059017869536,9.903616060915294,"['D1', 'R13', 'R20', 'R6', 'R7', 'R1', 'R28', 'R11', 'R14', 'R17', 'R2', 'R26', 'R5', 'R12', 'R3', 'R10', 'R23', 'R70', 'R8', 'R24']"
