total_cost,total_distance,total_fuel_consumed,route
2482048.395587088,133.63349142733338,12.17840027570176,"['D1', 'R28', 'R1', 'R7', 'R6', 'R13', 'R26', 'R11', 'R5', 'R2', 'R14', 'R17', 'R12', 'R3', 'R23', 'R10', 'R70', 'R20', 'R8', 'R24']"
2480342.689258006,114.71483205419705,10.39154875911515,"['D1', 'R20', 'R1', 'R7', 'R28', 'R6', 'R13', 'R5', 'R26', 'R11', 'R14', 'R17', 'R2', 'R10', 'R3', 'R12', 'R23', 'R70', 'R8', 'R24']"
2481087.6623385483,122.97762132374802,11.401391056408208,"['D1', 'R6', 'R13', 'R28', 'R7', 'R1', 'R10', 'R3', 'R12', 'R17', 'R14', 'R2', 'R11', 'R26', 'R5', 'R23', 'R20', 'R70', 'R8', 'R24']"
2480767.6880425853,119.42866063204545,11.052175631734796,"['D1', 'R20', 'R13', 'R28', 'R7', 'R1', 'R12', 'R3', 'R10', 'R11', 'R14', 'R17', 'R2', 'R26', 'R5', 'R6', 'R23', 'R70', 'R24', 'R8']"
2481036.108473324,122.40581713980586,11.105123613862984,"['D1', 'R6', 'R20', 'R13', 'R17', 'R14', 'R2', 'R11', 'R26', 'R5', 'R1', 'R7', 'R28', 'R10', 'R3', 'R12', 'R70', 'R23', 'R8', 'R24']"
