total_cost,total_distance,total_fuel_consumed,route
2480970.169021199,121.674456756868,11.089428422071899,"['D1', 'R20', 'R13', 'R7', 'R3', 'R14', 'R17', 'R2', 'R11', 'R26', 'R5', 'R1', 'R6', 'R28', 'R23', 'R10', 'R12', 'R70', 'R24', 'R8']"
2482947.923796167,143.61051237984893,13.250550860142834,"['D1', 'R20', 'R6', 'R1', 'R28', 'R7', 'R11', 'R17', 'R14', 'R2', 'R26', 'R5', 'R10', 'R12', 'R3', 'R13', 'R24', 'R70', 'R23', 'R8']"
2481242.9154928653,124.69959508501962,11.45673965048404,"['D1', 'R20', 'R13', 'R1', 'R7', 'R3', 'R10', 'R12', 'R5', 'R14', 'R17', 'R2', 'R11', 'R26', 'R28', 'R6', 'R23', 'R70', 'R24', 'R8']"
2482065.379137193,133.8218626574185,12.271232626612816,"['D1', 'R13', 'R12', 'R3', 'R14', 'R17', 'R2', 'R11', 'R26', 'R5', 'R7', 'R6', 'R10', 'R1', 'R28', 'R20', 'R23', 'R70', 'R24', 'R8']"
2480918.223412857,121.09830759601724,10.887785675827873,"['D1', 'R7', 'R28', 'R6', 'R1', 'R23', 'R10', 'R12', 'R3', 'R5', 'R26', 'R11', 'R2', 'R14', 'R17', 'R70', 'R13', 'R20', 'R24', 'R8']"
