total_cost,total_distance,total_fuel_consumed,route
2480315.403085172,114.41219038567215,10.616797762790824,"['D1', 'R13', 'R6', 'R28', 'R1', 'R7', 'R11', 'R5', 'R26', 'R17', 'R14', 'R2', 'R3', 'R12', 'R10', 'R23', 'R20', 'R24', 'R8', 'R70']"
2480645.335222992,118.07159741561827,10.814991310615497,"['D1', 'R6', 'R13', 'R20', 'R1', 'R7', 'R11', 'R5', 'R26', 'R14', 'R17', 'R2', 'R3', 'R12', 'R10', 'R23', 'R28', 'R24', 'R8', 'R70']"
2482186.4823785992,135.16506631099782,12.449747897678677,"['D1', 'R13', 'R20', 'R6', 'R7', 'R1', 'R12', 'R3', 'R10', 'R28', 'R17', 'R14', 'R2', 'R5', 'R26', 'R11', 'R23', 'R24', 'R8', 'R70']"
2482413.7001583795,137.6852280210694,12.871794805485052,"['D1', 'R13', 'R7', 'R1', 'R11', 'R5', 'R26', 'R14', 'R17', 'R2', 'R12', 'R3', 'R10', 'R6', 'R28', 'R20', 'R23', 'R8', 'R24', 'R70']"
2480313.34373853,114.3893493625747,10.500196817732542,"['D1', 'R13', 'R20', 'R6', 'R28', 'R11', 'R5', 'R26', 'R17', 'R14', 'R2', 'R7', 'R1', 'R3', 'R12', 'R10', 'R23', 'R70', 'R24', 'R8']"
