total_cost,total_distance,total_fuel_consumed,route
2216944.2529502814,77.0214391113734,6.689529339458316,"['D5', 'R36', 'R27', 'R22', 'R4', 'R15', 'R32', 'R18', 'R16', 'R31', 'R9', 'R21', 'R33', 'R37', 'R38', 'R30', 'R35', 'R34']"
2216440.8505167924,71.4380048446344,6.244877273815444,"['D5', 'R36', 'R27', 'R4', 'R32', 'R15', 'R31', 'R18', 'R16', 'R21', 'R33', 'R37', 'R9', 'R30', 'R38', 'R22', 'R35', 'R34']"
2218101.8099227715,89.86035850456824,7.889080877237706,"['D5', 'R36', 'R27', 'R4', 'R38', 'R35', 'R22', 'R32', 'R16', 'R31', 'R18', 'R15', 'R9', 'R21', 'R33', 'R37', 'R30', 'R34']"
2219133.2481336785,101.30044513840255,8.930807241489127,"['D5', 'R15', 'R32', 'R36', 'R4', 'R27', 'R30', 'R38', 'R18', 'R21', 'R16', 'R31', 'R22', 'R35', 'R33', 'R37', 'R9', 'R34']"
2217433.650597211,82.44954078539206,7.2079270031589076,"['D5', 'R36', 'R27', 'R38', 'R30', 'R4', 'R22', 'R15', 'R31', 'R18', 'R16', 'R9', 'R21', 'R37', 'R33', 'R32', 'R35', 'R34']"
