total_cost,total_distance,total_fuel_consumed,route
2215983.192332599,66.36193802793929,5.875709540454901,"['D5', 'R4', 'R27', 'R36', 'R22', 'R38', 'R35', 'R30', 'R15', 'R32', 'R18', 'R31', 'R16', 'R21', 'R9', 'R33', 'R37', 'R34']"
2215575.4699151493,61.839728428898766,5.344661094138573,"['D5', 'R4', 'R32', 'R15', 'R18', 'R16', 'R21', 'R9', 'R33', 'R37', 'R31', 'R36', 'R27', 'R22', 'R38', 'R35', 'R30', 'R34']"
2215715.6565762423,63.39459379150915,5.436475430569329,"['D5', 'R32', 'R15', 'R18', 'R31', 'R21', 'R16', 'R9', 'R33', 'R37', 'R4', 'R27', 'R36', 'R30', 'R35', 'R22', 'R38', 'R34']"
2215756.074457677,63.84288440191977,5.520895943158396,"['D5', 'R4', 'R32', 'R15', 'R18', 'R31', 'R16', 'R21', 'R9', 'R37', 'R33', 'R30', 'R35', 'R38', 'R36', 'R27', 'R22', 'R34']"
2215779.3605054296,64.10115911079714,5.584310723983798,"['D5', 'R4', 'R36', 'R27', 'R32', 'R15', 'R18', 'R31', 'R21', 'R16', 'R33', 'R37', 'R9', 'R22', 'R38', 'R30', 'R35', 'R34']"
