total_cost,total_distance,total_fuel_consumed,route
2216660.421331012,73.87335105382364,6.511171035160974,"['D5', 'R22', 'R4', 'R36', 'R27', 'R30', 'R38', 'R35', 'R18', 'R15', 'R32', 'R31', 'R16', 'R21', 'R37', 'R33', 'R9', 'R34']"
2216134.7567718932,68.04299880095019,6.057051590242061,"['D5', 'R4', 'R36', 'R27', 'R30', 'R35', 'R38', 'R22', 'R18', 'R31', 'R16', 'R21', 'R37', 'R33', 'R9', 'R32', 'R15', 'R34']"
2217183.9325225414,79.67981946031192,6.815121370816951,"['D5', 'R18', 'R32', 'R4', 'R36', 'R27', 'R31', 'R15', 'R16', 'R21', 'R9', 'R33', 'R37', 'R38', 'R35', 'R30', 'R22', 'R34']"
2217197.6818298763,79.83231843252508,6.905521432451107,"['D5', 'R27', 'R4', 'R22', 'R30', 'R36', 'R32', 'R31', 'R15', 'R18', 'R21', 'R16', 'R9', 'R33', 'R37', 'R35', 'R38', 'R34']"
2216452.5784130516,71.56808355204221,6.329463286944456,"['D5', 'R22', 'R4', 'R36', 'R27', 'R38', 'R35', 'R30', 'R32', 'R31', 'R15', 'R18', 'R16', 'R21', 'R37', 'R33', 'R9', 'R34']"
