total_cost,total_distance,total_fuel_consumed,route
2216110.702806254,67.77620681293321,5.9899349577730945,"['D5', 'R22', 'R27', 'R36', 'R38', 'R30', 'R35', 'R4', 'R32', 'R18', 'R15', 'R31', 'R16', 'R21', 'R9', 'R37', 'R33', 'R34']"
2216607.101157812,73.28195605381485,6.246955644167504,"['D5', 'R32', 'R4', 'R18', 'R15', 'R31', 'R16', 'R21', 'R9', 'R33', 'R37', 'R35', 'R38', 'R22', 'R27', 'R36', 'R30', 'R34']"
2216049.040082623,67.09228130682342,5.834808484373503,"['D5', 'R22', 'R27', 'R36', 'R4', 'R32', 'R15', 'R9', 'R33', 'R37', 'R21', 'R16', 'R31', 'R18', 'R35', 'R38', 'R30', 'R34']"
2217043.9564844263,78.12729019994428,6.92676502424964,"['D5', 'R22', 'R27', 'R36', 'R30', 'R35', 'R38', 'R18', 'R15', 'R32', 'R4', 'R16', 'R21', 'R31', 'R33', 'R37', 'R9', 'R34']"
2217002.5355627825,77.66787447629332,6.825427779747292,"['D5', 'R27', 'R36', 'R38', 'R22', 'R35', 'R30', 'R4', 'R15', 'R31', 'R18', 'R32', 'R21', 'R16', 'R9', 'R37', 'R33', 'R34']"
