total_cost,total_distance,total_fuel_consumed,route
2215297.6952713844,58.75882066752858,5.21060369501509,"['D6', 'R30', 'R36', 'R27', 'R4', 'R32', 'R15', 'R31', 'R18', 'R16', 'R21', 'R9', 'R33', 'R37', 'R22', 'R38', 'R35', 'R34']"
2215680.2772457264,63.00218772988529,5.595790951833525,"['D6', 'R30', 'R38', 'R35', 'R27', 'R36', 'R4', 'R22', 'R32', 'R15', 'R31', 'R18', 'R16', 'R21', 'R9', 'R33', 'R37', 'R34']"
2215536.7319382858,61.410070300420315,5.414124021089599,"['D6', 'R36', 'R27', 'R4', 'R32', 'R15', 'R31', 'R18', 'R16', 'R21', 'R37', 'R33', 'R9', 'R22', 'R38', 'R35', 'R30', 'R34']"
2215715.8071185597,63.39626351552627,5.668217829625048,"['D6', 'R30', 'R35', 'R38', 'R27', 'R36', 'R4', 'R22', 'R32', 'R15', 'R31', 'R21', 'R18', 'R16', 'R9', 'R37', 'R33', 'R34']"
2216038.136900628,66.97134982950384,5.9836687276111045,"['D6', 'R36', 'R27', 'R22', 'R38', 'R35', 'R30', 'R32', 'R15', 'R31', 'R21', 'R16', 'R18', 'R9', 'R33', 'R37', 'R4', 'R34']"
