total_cost,total_distance,total_fuel_consumed,route
2216298.53614815,69.85954024124213,5.999910320992532,"['D6', 'R35', 'R22', 'R36', 'R27', 'R30', 'R4', 'R16', 'R18', 'R21', 'R9', 'R33', 'R37', 'R31', 'R15', 'R32', 'R38', 'R34']"
2216242.5250886683,69.23829956375658,6.0269801960481795,"['D6', 'R27', 'R36', 'R32', 'R4', 'R31', 'R16', 'R18', 'R21', 'R9', 'R37', 'R33', 'R15', 'R22', 'R35', 'R38', 'R30', 'R34']"
2217146.5113996016,79.26476707632605,6.891768228464764,"['D6', 'R27', 'R36', 'R4', 'R32', 'R30', 'R22', 'R15', 'R18', 'R16', 'R21', 'R31', 'R33', 'R37', 'R9', 'R38', 'R35', 'R34']"
2217030.2373088747,77.9751254311739,6.958267411289366,"['D6', 'R36', 'R27', 'R22', 'R38', 'R30', 'R35', 'R4', 'R15', 'R18', 'R16', 'R21', 'R31', 'R32', 'R9', 'R33', 'R37', 'R34']"
2216622.285397804,73.4503704281682,6.357790598561188,"['D6', 'R27', 'R36', 'R32', 'R4', 'R22', 'R18', 'R31', 'R16', 'R21', 'R9', 'R37', 'R33', 'R15', 'R38', 'R35', 'R30', 'R34']"
