total_cost,total_distance,total_fuel_consumed,route
2216543.1184799806,72.57229902374314,6.3579191757210936,"['D6', 'R38', 'R4', 'R27', 'R36', 'R30', 'R35', 'R22', 'R32', 'R15', 'R21', 'R16', 'R31', 'R18', 'R9', 'R37', 'R33', 'R34']"
2216084.334128331,67.4837414411172,5.994993944117262,"['D6', 'R30', 'R36', 'R27', 'R22', 'R38', 'R4', 'R32', 'R31', 'R18', 'R16', 'R21', 'R37', 'R33', 'R9', 'R15', 'R35', 'R34']"
2217101.603460142,78.7666754674167,6.8933952042903535,"['D6', 'R38', 'R22', 'R27', 'R4', 'R36', 'R30', 'R35', 'R32', 'R16', 'R15', 'R31', 'R18', 'R21', 'R33', 'R37', 'R9', 'R34']"
2217537.869686984,83.60547567640431,7.345890389905328,"['D6', 'R30', 'R36', 'R38', 'R22', 'R27', 'R4', 'R35', 'R32', 'R16', 'R18', 'R21', 'R31', 'R15', 'R9', 'R33', 'R37', 'R34']"
2218007.617285916,88.81563094405742,7.935519076964162,"['D6', 'R36', 'R27', 'R35', 'R30', 'R22', 'R4', 'R32', 'R31', 'R18', 'R21', 'R16', 'R15', 'R38', 'R9', 'R33', 'R37', 'R34']"
