total_cost,total_distance,total_fuel_consumed,route
2217308.351584014,81.05980017762178,7.186674392502065,"['D6', 'R30', 'R35', 'R22', 'R4', 'R36', 'R27', 'R38', 'R18', 'R21', 'R16', 'R31', 'R15', 'R32', 'R37', 'R33', 'R9', 'R34']"
2216181.1018175897,68.55702992002863,6.07828942771926,"['D6', 'R30', 'R35', 'R36', 'R27', 'R4', 'R32', 'R15', 'R18', 'R16', 'R21', 'R31', 'R9', 'R37', 'R33', 'R38', 'R22', 'R34']"
2216549.6480881926,72.6447214750725,6.521154972801188,"['D6', 'R30', 'R35', 'R38', 'R22', 'R4', 'R36', 'R27', 'R32', 'R18', 'R16', 'R21', 'R31', 'R15', 'R37', 'R33', 'R9', 'R34']"
2216086.1221782747,67.50357340588344,5.97308297045994,"['D6', 'R36', 'R27', 'R38', 'R22', 'R4', 'R15', 'R32', 'R31', 'R16', 'R18', 'R21', 'R9', 'R37', 'R33', 'R30', 'R35', 'R34']"
2216162.732448552,68.35328802741537,6.043015860918954,"['D6', 'R35', 'R30', 'R27', 'R36', 'R4', 'R22', 'R38', 'R32', 'R15', 'R16', 'R18', 'R31', 'R21', 'R9', 'R33', 'R37', 'R34']"
