total_cost,total_distance,total_fuel_consumed,route
2215211.1496867,57.79890956854552,4.902024381743465,"['D4', 'R18', 'R16', 'R21', 'R37', 'R33', 'R9', 'R31', 'R15', 'R32', 'R4', 'R36', 'R27', 'R30', 'R35', 'R38', 'R22', 'R34']"
2216929.6065142397,76.85898973203119,6.962947956686055,"['D4', 'R9', 'R21', 'R16', 'R18', 'R31', 'R15', 'R32', 'R4', 'R36', 'R27', 'R22', 'R38', 'R35', 'R30', 'R33', 'R37', 'R34']"
2214588.1164785367,50.88860335555492,4.4690313871652165,"['D4', 'R37', 'R33', 'R9', 'R21', 'R16', 'R18', 'R31', 'R15', 'R32', 'R4', 'R22', 'R38', 'R35', 'R30', 'R27', 'R36', 'R34']"
2215116.875835753,56.75328123062925,4.972633548924531,"['D4', 'R37', 'R33', 'R9', 'R21', 'R16', 'R18', 'R31', 'R15', 'R32', 'R38', 'R27', 'R36', 'R22', 'R4', 'R30', 'R35', 'R34']"
2215610.533332517,62.22863057361557,5.587291278375773,"['D4', 'R37', 'R33', 'R9', 'R21', 'R16', 'R18', 'R31', 'R15', 'R4', 'R36', 'R27', 'R30', 'R35', 'R22', 'R38', 'R32', 'R34']"
