total_cost,total_distance,total_fuel_consumed,route
2216409.8739188523,71.0944312206321,6.113888920038749,"['D4', 'R37', 'R33', 'R21', 'R16', 'R18', 'R31', 'R9', 'R15', 'R32', 'R27', 'R30', 'R4', 'R35', 'R38', 'R36', 'R22', 'R34']"
2217083.437032612,78.56518447883883,6.686138808225548,"['D4', 'R21', 'R16', 'R18', 'R9', 'R33', 'R37', 'R31', 'R35', 'R38', 'R4', 'R32', 'R15', 'R27', 'R36', 'R22', 'R30', 'R34']"
2217488.5866531245,83.05885817573989,7.173244778680517,"['D4', 'R37', 'R33', 'R18', 'R16', 'R21', 'R9', 'R4', 'R15', 'R31', 'R27', 'R22', 'R36', 'R38', 'R35', 'R30', 'R32', 'R34']"
2217019.988209834,77.8614486450089,6.658212191358699,"['D4', 'R16', 'R18', 'R37', 'R33', 'R9', 'R31', 'R21', 'R32', 'R15', 'R36', 'R27', 'R22', 'R35', 'R38', 'R4', 'R30', 'R34']"
2215026.964913004,55.75604384432464,4.845553587841397,"['D4', 'R9', 'R33', 'R37', 'R21', 'R16', 'R18', 'R31', 'R15', 'R32', 'R4', 'R27', 'R22', 'R36', 'R38', 'R35', 'R30', 'R34']"
