total_cost,total_distance,total_fuel_consumed,route
2215616.990361976,62.30024802547007,5.462120559648564,"['D4', 'R37', 'R33', 'R9', 'R16', 'R21', 'R18', 'R31', 'R15', 'R22', 'R27', 'R36', 'R4', 'R32', 'R35', 'R38', 'R30', 'R34']"
2216319.135119314,70.08801152743919,6.249791955277395,"['D4', 'R33', 'R37', 'R9', 'R21', 'R18', 'R16', 'R31', 'R32', 'R27', 'R4', 'R22', 'R36', 'R35', 'R38', 'R30', 'R15', 'R34']"
2215344.3798903264,59.27661812695753,5.210462230961045,"['D4', 'R9', 'R33', 'R37', 'R21', 'R18', 'R16', 'R31', 'R15', 'R32', 'R36', 'R27', 'R38', 'R30', 'R35', 'R22', 'R4', 'R34']"
2216264.7028398504,69.48428171972688,5.914432692511437,"['D4', 'R21', 'R9', 'R37', 'R33', 'R16', 'R31', 'R18', 'R15', 'R36', 'R27', 'R35', 'R30', 'R4', 'R32', 'R22', 'R38', 'R34']"
2215959.0552782356,66.09422447023043,5.688379176447931,"['D4', 'R9', 'R33', 'R37', 'R18', 'R16', 'R21', 'R15', 'R31', 'R32', 'R36', 'R27', 'R30', 'R22', 'R4', 'R38', 'R35', 'R34']"
