total_cost,total_distance,total_fuel_consumed,route
2215083.965875528,56.388263925550675,4.911354766300423,"['D4', 'R33', 'R37', 'R9', 'R16', 'R18', 'R21', 'R31', 'R32', 'R15', 'R4', 'R27', 'R36', 'R30', 'R38', 'R22', 'R35', 'R34']"
2215975.953952617,66.2816543103052,5.8800890336637615,"['D4', 'R33', 'R37', 'R9', 'R18', 'R16', 'R21', 'R31', 'R4', 'R27', 'R36', 'R22', 'R38', 'R30', 'R35', 'R32', 'R15', 'R34']"
2215040.0186305256,55.90082775649171,4.872173379630427,"['D4', 'R33', 'R37', 'R9', 'R18', 'R21', 'R16', 'R31', 'R32', 'R15', 'R4', 'R27', 'R36', 'R30', 'R38', 'R22', 'R35', 'R34']"
2214927.057940964,54.647936346095584,4.725757437672229,"['D4', 'R33', 'R37', 'R9', 'R16', 'R18', 'R21', 'R31', 'R32', 'R15', 'R4', 'R22', 'R27', 'R36', 'R30', 'R38', 'R35', 'R34']"
2215036.5795824556,55.86268392253125,4.859996384473523,"['D4', 'R33', 'R37', 'R9', 'R16', 'R18', 'R21', 'R31', 'R32', 'R15', 'R4', 'R27', 'R36', 'R30', 'R38', 'R35', 'R22', 'R34']"
