total_cost,total_distance,total_fuel_consumed,route
2215269.726857416,58.448611994406996,5.242533140269909,"['D6', 'R30', 'R35', 'R38', 'R27', 'R36', 'R4', 'R32', 'R15', 'R31', 'R16', 'R18', 'R21', 'R9', 'R33', 'R37', 'R22', 'R34']"
2215343.2216007803,59.263771082302995,5.31333015710328,"['D6', 'R30', 'R35', 'R38', 'R22', 'R4', 'R36', 'R27', 'R32', 'R15', 'R31', 'R16', 'R18', 'R21', 'R9', 'R33', 'R37', 'R34']"
2215505.4037763546,61.062597341998085,5.4632586859339645,"['D6', 'R30', 'R35', 'R38', 'R27', 'R36', 'R4', 'R22', 'R32', 'R15', 'R31', 'R18', 'R16', 'R21', 'R9', 'R37', 'R33', 'R34']"
2215842.449917184,64.80090857568985,5.808352618070162,"['D6', 'R30', 'R35', 'R38', 'R36', 'R27', 'R22', 'R4', 'R32', 'R15', 'R21', 'R18', 'R16', 'R31', 'R9', 'R37', 'R33', 'R34']"
2215776.955798369,64.07448755954728,5.727922276388238,"['D6', 'R30', 'R35', 'R38', 'R27', 'R36', 'R4', 'R32', 'R15', 'R18', 'R21', 'R16', 'R31', 'R37', 'R33', 'R9', 'R22', 'R34']"
