total_cost,total_distance,total_fuel_consumed,route
2216544.060803097,72.5827506998385,6.42050637845886,"['D6', 'R35', 'R30', 'R22', 'R38', 'R36', 'R27', 'R4', 'R15', 'R32', 'R18', 'R16', 'R21', 'R31', 'R33', 'R37', 'R9', 'R34']"
2216443.938442739,71.47225424510833,6.189322241487325,"['D6', 'R27', 'R36', 'R32', 'R4', 'R22', 'R38', 'R35', 'R30', 'R37', 'R33', 'R9', 'R21', 'R16', 'R18', 'R31', 'R15', 'R34']"
2216306.30323704,69.94568807719622,6.0786287642960195,"['D6', 'R36', 'R27', 'R4', 'R15', 'R32', 'R18', 'R16', 'R21', 'R31', 'R33', 'R37', 'R9', 'R22', 'R38', 'R35', 'R30', 'R34']"
2216168.4810501058,68.41704802690468,6.057985082236864,"['D6', 'R30', 'R38', 'R35', 'R36', 'R27', 'R4', 'R22', 'R15', 'R32', 'R31', 'R21', 'R16', 'R18', 'R9', 'R37', 'R33', 'R34']"
2216035.1839386737,66.93859736771981,5.864457267523213,"['D6', 'R36', 'R27', 'R4', 'R15', 'R32', 'R31', 'R16', 'R18', 'R21', 'R9', 'R37', 'R33', 'R38', 'R35', 'R30', 'R22', 'R34']"
