total_cost,total_distance,total_fuel_consumed,route
2217570.9633036614,83.97252998737366,7.215984504216124,"['D6', 'R38', 'R27', 'R36', 'R30', 'R22', 'R15', 'R4', 'R35', 'R32', 'R16', 'R9', 'R33', 'R37', 'R21', 'R18', 'R31', 'R34']"
2218481.769120766,94.07463532349341,8.203992103320896,"['D6', 'R38', 'R36', 'R30', 'R27', 'R22', 'R35', 'R21', 'R16', 'R18', 'R31', 'R32', 'R4', 'R9', 'R33', 'R37', 'R15', 'R34']"
2217007.903177794,77.72740880428758,6.828292684325836,"['D6', 'R36', 'R32', 'R4', 'R27', 'R38', 'R30', 'R22', 'R15', 'R31', 'R16', 'R21', 'R18', 'R37', 'R33', 'R9', 'R35', 'R34']"
2216362.6663053883,70.57083302338398,6.166295910745328,"['D6', 'R4', 'R27', 'R36', 'R30', 'R38', 'R32', 'R15', 'R31', 'R18', 'R16', 'R21', 'R37', 'R33', 'R9', 'R22', 'R35', 'R34']"
2216930.5550742233,76.86951058366668,6.723020975335213,"['D6', 'R36', 'R27', 'R30', 'R38', 'R35', 'R4', 'R22', 'R21', 'R18', 'R31', 'R16', 'R9', 'R37', 'R33', 'R15', 'R32', 'R34']"
