total_cost,total_distance,total_fuel_consumed,route
2215976.939194458,66.29258201484035,5.87527350674344,"['D6', 'R35', 'R38', 'R30', 'R27', 'R36', 'R22', 'R4', 'R15', 'R32', 'R31', 'R18', 'R16', 'R21', 'R33', 'R37', 'R9', 'R34']"
2216058.2684513945,67.19463677234602,5.8600885555565085,"['D6', 'R38', 'R30', 'R36', 'R27', 'R22', 'R4', 'R18', 'R16', 'R21', 'R37', 'R33', 'R9', 'R31', 'R15', 'R32', 'R35', 'R34']"
2216836.2878602305,75.82395585881261,6.610677351280508,"['D6', 'R35', 'R4', 'R36', 'R27', 'R38', 'R22', 'R30', 'R32', 'R15', 'R16', 'R18', 'R31', 'R21', 'R33', 'R37', 'R9', 'R34']"
2216303.5245828913,69.91486893180131,6.161880777560146,"['D6', 'R38', 'R30', 'R27', 'R36', 'R4', 'R32', 'R15', 'R21', 'R16', 'R18', 'R31', 'R33', 'R37', 'R9', 'R22', 'R35', 'R34']"
2217626.3047383134,84.58634359265382,7.539679430887141,"['D6', 'R27', 'R36', 'R4', 'R32', 'R18', 'R16', 'R21', 'R31', 'R15', 'R38', 'R30', 'R35', 'R22', 'R9', 'R37', 'R33', 'R34']"
