total_cost,total_distance,total_fuel_consumed,route
2216366.2050024774,70.61008210379012,6.271975796342855,"['D6', 'R30', 'R36', 'R27', 'R35', 'R38', 'R22', 'R32', 'R4', 'R15', 'R16', 'R18', 'R21', 'R31', 'R9', 'R33', 'R37', 'R34']"
2216103.7152809477,67.698705423114,6.001789005733682,"['D6', 'R30', 'R35', 'R38', 'R4', 'R36', 'R27', 'R32', 'R15', 'R16', 'R18', 'R21', 'R31', 'R9', 'R33', 'R37', 'R22', 'R34']"
2216157.7564893467,68.29809770792394,5.998240568466327,"['D6', 'R27', 'R36', 'R38', 'R35', 'R30', 'R15', 'R31', 'R18', 'R16', 'R21', 'R9', 'R33', 'R37', 'R4', 'R32', 'R22', 'R34']"
2216622.8663757155,73.45681428256272,6.393426805341977,"['D6', 'R27', 'R4', 'R30', 'R36', 'R38', 'R35', 'R22', 'R32', 'R15', 'R16', 'R18', 'R21', 'R37', 'R33', 'R9', 'R31', 'R34']"
2217285.4936937084,80.80627433128508,7.152944616955629,"['D6', 'R27', 'R36', 'R22', 'R35', 'R30', 'R38', 'R4', 'R21', 'R18', 'R16', 'R31', 'R15', 'R32', 'R37', 'R33', 'R9', 'R34']"
