total_cost,total_distance,total_fuel_consumed,route
2216376.660598226,70.72604922610614,6.1942173676480365,"['D5', 'R22', 'R27', 'R36', 'R4', 'R31', 'R16', 'R18', 'R21', 'R9', 'R33', 'R37', 'R32', 'R15', 'R35', 'R38', 'R30', 'R34']"
2216299.0165973124,69.8648690917508,6.1582948274327025,"['D5', 'R22', 'R4', 'R27', 'R36', 'R30', 'R38', 'R35', 'R32', 'R15', 'R16', 'R18', 'R31', 'R21', 'R9', 'R33', 'R37', 'R34']"
2216096.4486119295,67.61810794065927,5.982000068402089,"['D5', 'R22', 'R38', 'R27', 'R36', 'R4', 'R32', 'R15', 'R16', 'R18', 'R21', 'R9', 'R33', 'R37', 'R31', 'R35', 'R30', 'R34']"
2216364.316753412,70.58913879117148,6.1956987922180415,"['D5', 'R4', 'R22', 'R36', 'R27', 'R38', 'R30', 'R35', 'R15', 'R32', 'R31', 'R18', 'R16', 'R21', 'R9', 'R37', 'R33', 'R34']"
2215821.781781115,64.57167015433966,5.718644362153599,"['D5', 'R22', 'R4', 'R27', 'R36', 'R30', 'R35', 'R38', 'R32', 'R15', 'R31', 'R16', 'R18', 'R21', 'R9', 'R37', 'R33', 'R34']"
