total_cost,total_distance,total_fuel_consumed,route
2216313.8230479355,70.02909325572108,6.202283356141953,"['D5', 'R4', 'R36', 'R27', 'R30', 'R35', 'R38', 'R22', 'R15', 'R32', 'R21', 'R31', 'R16', 'R18', 'R9', 'R37', 'R33', 'R34']"
2215320.528746379,59.01207571405486,5.279742458417749,"['D5', 'R22', 'R38', 'R35', 'R30', 'R36', 'R27', 'R4', 'R32', 'R15', 'R31', 'R16', 'R18', 'R21', 'R9', 'R33', 'R37', 'R34']"
2215631.9219775572,62.465860443178165,5.362357668925224,"['D5', 'R4', 'R32', 'R15', 'R31', 'R21', 'R16', 'R18', 'R9', 'R37', 'R33', 'R27', 'R36', 'R30', 'R35', 'R38', 'R22', 'R34']"
2216053.205328793,67.1384796893654,5.888604241803767,"['D5', 'R22', 'R27', 'R36', 'R38', 'R35', 'R30', 'R32', 'R15', 'R31', 'R37', 'R33', 'R9', 'R21', 'R18', 'R16', 'R4', 'R34']"
2216140.7331587384,68.10928525663422,5.988468835975731,"['D5', 'R4', 'R36', 'R27', 'R38', 'R35', 'R30', 'R15', 'R32', 'R31', 'R18', 'R16', 'R21', 'R37', 'R33', 'R9', 'R22', 'R34']"
