total_cost,total_distance,total_fuel_consumed,route
2215789.7923330553,64.21686261152679,5.4965026203647716,"['D5', 'R15', 'R31', 'R21', 'R16', 'R18', 'R9', 'R37', 'R33', 'R32', 'R4', 'R27', 'R36', 'R38', 'R35', 'R30', 'R22', 'R34']"
2216958.0080960738,77.17400284021653,6.660281085140532,"['D5', 'R35', 'R36', 'R27', 'R4', 'R32', 'R30', 'R38', 'R22', 'R15', 'R31', 'R18', 'R16', 'R21', 'R33', 'R37', 'R9', 'R34']"
2216189.4262156524,68.64935909108611,6.096149043399286,"['D5', 'R36', 'R27', 'R22', 'R38', 'R35', 'R30', 'R4', 'R15', 'R31', 'R18', 'R16', 'R21', 'R37', 'R33', 'R9', 'R32', 'R34']"
2216303.278467221,69.91213916616591,6.192226235919897,"['D5', 'R27', 'R36', 'R4', 'R22', 'R38', 'R35', 'R30', 'R32', 'R15', 'R18', 'R16', 'R21', 'R31', 'R9', 'R33', 'R37', 'R34']"
2216694.1489952104,74.2474378350761,6.543470129304593,"['D5', 'R15', 'R32', 'R4', 'R27', 'R36', 'R35', 'R30', 'R38', 'R22', 'R18', 'R16', 'R21', 'R31', 'R9', 'R37', 'R33', 'R34']"
