total_cost,total_distance,total_fuel_consumed,route
2216961.056498033,77.20781386460635,6.5715479056110295,"['D5', 'R15', 'R21', 'R16', 'R31', 'R18', 'R9', 'R37', 'R33', 'R38', 'R27', 'R36', 'R32', 'R4', 'R30', 'R35', 'R22', 'R34']"
2217138.6928806347,79.17804880917095,6.983028158758238,"['D5', 'R4', 'R36', 'R27', 'R38', 'R22', 'R30', 'R35', 'R32', 'R21', 'R16', 'R18', 'R31', 'R15', 'R9', 'R33', 'R37', 'R34']"
2216614.20740909,73.36077428005595,6.440519596582421,"['D5', 'R27', 'R36', 'R4', 'R38', 'R30', 'R35', 'R22', 'R32', 'R15', 'R18', 'R16', 'R31', 'R21', 'R33', 'R37', 'R9', 'R34']"
2217134.676237379,79.13349863996797,6.880424184813442,"['D5', 'R4', 'R15', 'R32', 'R36', 'R27', 'R35', 'R38', 'R30', 'R21', 'R18', 'R16', 'R31', 'R9', 'R37', 'R33', 'R22', 'R34']"
2217725.486036985,85.68640236230804,7.500109832850888,"['D5', 'R27', 'R30', 'R35', 'R38', 'R36', 'R32', 'R4', 'R22', 'R9', 'R21', 'R16', 'R31', 'R15', 'R18', 'R37', 'R33', 'R34']"
