total_cost,total_distance,total_fuel_consumed,route
2217122.3151305695,78.99639674544808,6.75949795410426,"['D5', 'R36', 'R27', 'R22', 'R4', 'R32', 'R30', 'R38', 'R35', 'R33', 'R37', 'R9', 'R21', 'R18', 'R16', 'R31', 'R15', 'R34']"
2217693.617005603,85.33293040819926,7.551005178213062,"['D5', 'R15', 'R32', 'R18', 'R21', 'R16', 'R31', 'R4', 'R27', 'R36', 'R22', 'R38', 'R35', 'R30', 'R37', 'R33', 'R9', 'R34']"
2217899.144802296,87.61251998997741,7.670687009183273,"['D5', 'R32', 'R36', 'R27', 'R22', 'R35', 'R38', 'R4', 'R21', 'R18', 'R16', 'R31', 'R15', 'R37', 'R33', 'R9', 'R30', 'R34']"
2216572.991618091,72.9036337410288,6.3809222985188185,"['D5', 'R32', 'R15', 'R4', 'R36', 'R27', 'R22', 'R35', 'R38', 'R30', 'R31', 'R18', 'R16', 'R21', 'R9', 'R33', 'R37', 'R34']"
2216542.6708469526,72.5673341498758,6.202268235509418,"['D5', 'R27', 'R4', 'R36', 'R22', 'R32', 'R18', 'R21', 'R16', 'R9', 'R33', 'R37', 'R31', 'R15', 'R30', 'R38', 'R35', 'R34']"
