total_cost,total_distance,total_fuel_consumed,route
393152.27781681414,34.96315236040563,18.051351408805015,"['W4', 'D6', 'D5', 'D4']"
393152.27781681414,34.96315236040563,18.051351408805015,"['W4', 'D6', 'D5', 'D4']"
393152.27781681414,34.96315236040563,18.051351408805015,"['W4', 'D6', 'D5', 'D4']"
393152.27781681414,34.96315236040563,18.051351408805015,"['W4', 'D6', 'D5', 'D4']"
393152.27781681414,34.96315236040563,18.051351408805015,"['W4', 'D6', 'D5', 'D4']"
