total_cost,total_distance,total_fuel_consumed,route
2480806.499090714,119.85912922264994,11.07274354528221,"['D2', 'R11', 'R5', 'R26', 'R2', 'R17', 'R14', 'R3', 'R12', 'R10', 'R1', 'R7', 'R6', 'R28', 'R13', 'R20', 'R23', 'R70', 'R24', 'R8']"
2481519.752980562,127.77010848005912,11.43173987742299,"['D2', 'R11', 'R5', 'R26', 'R28', 'R1', 'R7', 'R6', 'R20', 'R13', 'R10', 'R3', 'R12', 'R70', 'R14', 'R17', 'R2', 'R23', 'R24', 'R8']"
2480349.579984384,114.79125980905573,10.519061691690583,"['D2', 'R5', 'R26', 'R11', 'R2', 'R17', 'R14', 'R12', 'R3', 'R10', 'R23', 'R6', 'R20', 'R13', 'R28', 'R7', 'R1', 'R70', 'R8', 'R24']"
2480706.2982082353,118.7477618482259,10.858964671119917,"['D2', 'R14', 'R17', 'R2', 'R26', 'R5', 'R11', 'R1', 'R7', 'R6', 'R13', 'R28', 'R20', 'R10', 'R3', 'R12', 'R23', 'R70', 'R8', 'R24']"
2480620.2055614884,117.79287446194266,10.858743733600072,"['D2', 'R5', 'R26', 'R11', 'R2', 'R17', 'R14', 'R3', 'R12', 'R10', 'R23', 'R20', 'R13', 'R6', 'R28', 'R7', 'R1', 'R70', 'R24', 'R8']"
