total_cost,total_distance,total_fuel_consumed,route
2480331.701064201,114.59295767747642,10.517601798058939,"['D2', 'R26', 'R5', 'R11', 'R14', 'R17', 'R2', 'R3', 'R12', 'R10', 'R23', 'R13', 'R20', 'R6', 'R28', 'R7', 'R1', 'R70', 'R8', 'R24']"
2481634.9241018407,129.04751665750652,11.915644816322647,"['D2', 'R26', 'R11', 'R2', 'R14', 'R17', 'R12', 'R3', 'R10', 'R1', 'R7', 'R6', 'R13', 'R20', 'R23', 'R28', 'R5', 'R24', 'R8', 'R70']"
2480812.4974151873,119.92565899719958,11.070497224329312,"['D2', 'R14', 'R17', 'R2', 'R11', 'R26', 'R5', 'R1', 'R7', 'R28', 'R6', 'R13', 'R20', 'R23', 'R10', 'R3', 'R12', 'R24', 'R8', 'R70']"
2481199.3260179935,124.21612708511617,11.347374933780545,"['D2', 'R12', 'R3', 'R10', 'R17', 'R14', 'R2', 'R11', 'R26', 'R5', 'R7', 'R1', 'R6', 'R13', 'R20', 'R28', 'R23', 'R70', 'R8', 'R24']"
2481682.260073522,129.57253852619993,11.82183416400857,"['D2', 'R12', 'R3', 'R10', 'R7', 'R1', 'R5', 'R26', 'R11', 'R17', 'R14', 'R2', 'R28', 'R13', 'R20', 'R6', 'R23', 'R70', 'R24', 'R8']"
