total_cost,total_distance,total_fuel_consumed,route
2480775.262981051,119.51267725212399,10.675402007501129,"['D2', 'R70', 'R10', 'R3', 'R12', 'R17', 'R14', 'R2', 'R11', 'R5', 'R26', 'R1', 'R28', 'R7', 'R13', 'R6', 'R20', 'R23', 'R24', 'R8']"
2481824.9286529324,131.1549318204555,12.063245839461427,"['D2', 'R11', 'R14', 'R17', 'R2', 'R26', 'R5', 'R3', 'R12', 'R10', 'R7', 'R28', 'R6', 'R1', 'R20', 'R13', 'R23', 'R70', 'R24', 'R8']"
2481290.1444864627,125.22343041773408,11.498661562508914,"['D2', 'R14', 'R17', 'R2', 'R11', 'R26', 'R5', 'R3', 'R12', 'R10', 'R23', 'R6', 'R7', 'R1', 'R28', 'R24', 'R13', 'R20', 'R70', 'R8']"
2483639.6119984114,151.28229811902696,13.497534497932874,"['D2', 'R1', 'R2', 'R17', 'R14', 'R11', 'R26', 'R7', 'R5', 'R6', 'R3', 'R12', 'R10', 'R70', 'R20', 'R28', 'R13', 'R23', 'R24', 'R8']"
2481892.634259193,131.9058813131455,11.949113255637055,"['D2', 'R17', 'R14', 'R2', 'R5', 'R26', 'R11', 'R12', 'R3', 'R1', 'R10', 'R70', 'R20', 'R13', 'R6', 'R7', 'R28', 'R23', 'R24', 'R8']"
