total_cost,total_distance,total_fuel_consumed,route
2480940.7391559808,121.34803855347182,11.19297855652094,"['D2', 'R26', 'R14', 'R17', 'R2', 'R5', 'R11', 'R3', 'R12', 'R10', 'R1', 'R7', 'R6', 'R28', 'R13', 'R20', 'R23', 'R70', 'R24', 'R8']"
2484296.8851128127,158.57237259108723,14.706297998695423,"['D2', 'R17', 'R14', 'R2', 'R5', 'R12', 'R3', 'R10', 'R1', 'R7', 'R13', 'R6', 'R28', 'R26', 'R11', 'R23', 'R20', 'R8', 'R70', 'R24']"
2482443.7883190755,138.01894763837132,12.625631710707301,"['D2', 'R11', 'R26', 'R2', 'R14', 'R17', 'R5', 'R1', 'R7', 'R23', 'R12', 'R3', 'R10', 'R13', 'R28', 'R6', 'R20', 'R70', 'R24', 'R8']"
2481892.2240609042,131.9013316426797,11.82606488037377,"['D2', 'R2', 'R14', 'R17', 'R26', 'R11', 'R5', 'R1', 'R7', 'R13', 'R6', 'R28', 'R24', 'R10', 'R12', 'R3', 'R70', 'R23', 'R20', 'R8']"
2481298.2914002733,125.31379104118358,11.646195323903944,"['D2', 'R2', 'R14', 'R17', 'R11', 'R26', 'R5', 'R1', 'R7', 'R3', 'R12', 'R10', 'R23', 'R6', 'R28', 'R13', 'R20', 'R70', 'R24', 'R8']"
