total_cost,total_distance,total_fuel_consumed,route
2216079.528665728,67.43044216645292,5.873849251556419,"['D5', 'R22', 'R36', 'R27', 'R38', 'R35', 'R30', 'R31', 'R16', 'R21', 'R9', 'R37', 'R33', 'R18', 'R15', 'R32', 'R4', 'R34']"
2215293.8121991274,58.71575198677671,5.2638339567689485,"['D5', 'R22', 'R38', 'R35', 'R30', 'R36', 'R27', 'R4', 'R32', 'R15', 'R18', 'R31', 'R16', 'R21', 'R9', 'R37', 'R33', 'R34']"
2215835.9286296032,64.72857841175484,5.737365129717183,"['D5', 'R4', 'R27', 'R36', 'R30', 'R38', 'R35', 'R22', 'R32', 'R15', 'R18', 'R31', 'R16', 'R21', 'R9', 'R37', 'R33', 'R34']"
2215820.121420363,64.5532544405878,5.718008888599652,"['D5', 'R22', 'R36', 'R27', 'R4', 'R32', 'R15', 'R18', 'R31', 'R16', 'R21', 'R9', 'R37', 'R33', 'R38', 'R35', 'R30', 'R34']"
2215659.123139977,62.767559227782044,5.288381780643763,"['D5', 'R16', 'R21', 'R9', 'R37', 'R33', 'R18', 'R31', 'R15', 'R32', 'R4', 'R36', 'R27', 'R22', 'R35', 'R30', 'R38', 'R34']"
