total_cost,total_distance,total_fuel_consumed,route
2215967.523196413,66.18814547929705,5.797910152818038,"['D5', 'R22', 'R36', 'R27', 'R4', 'R32', 'R15', 'R31', 'R18', 'R16', 'R21', 'R33', 'R37', 'R9', 'R30', 'R35', 'R38', 'R34']"
2216002.0916494364,66.57155777991095,5.830685111192931,"['D5', 'R36', 'R27', 'R4', 'R32', 'R15', 'R18', 'R31', 'R16', 'R21', 'R37', 'R33', 'R9', 'R38', 'R22', 'R30', 'R35', 'R34']"
2216039.836371755,66.99019933179869,5.674897974212768,"['D5', 'R18', 'R31', 'R21', 'R16', 'R9', 'R33', 'R37', 'R32', 'R4', 'R15', 'R27', 'R36', 'R30', 'R35', 'R38', 'R22', 'R34']"
2216735.5077228434,74.70616374050239,6.578174909090766,"['D5', 'R4', 'R32', 'R36', 'R27', 'R22', 'R30', 'R35', 'R38', 'R18', 'R15', 'R31', 'R21', 'R16', 'R33', 'R37', 'R9', 'R34']"
2216655.506115153,73.81883446265789,6.508803585874643,"['D5', 'R4', 'R36', 'R27', 'R38', 'R22', 'R35', 'R30', 'R15', 'R18', 'R32', 'R31', 'R16', 'R21', 'R33', 'R37', 'R9', 'R34']"
