total_cost,total_distance,total_fuel_consumed,route
2219520.6299129934,105.59704872441854,9.31260248042818,"['D5', 'R15', 'R4', 'R22', 'R27', 'R36', 'R38', 'R30', 'R18', 'R16', 'R31', 'R21', 'R32', 'R35', 'R33', 'R37', 'R9', 'R34']"
2217531.814170429,83.53831156199305,7.291560647469678,"['D5', 'R27', 'R36', 'R4', 'R18', 'R32', 'R22', 'R38', 'R35', 'R30', 'R16', 'R31', 'R21', 'R37', 'R33', 'R9', 'R15', 'R34']"
2217613.2762225512,84.44183920309911,7.335523983610404,"['D5', 'R30', 'R36', 'R27', 'R22', 'R4', 'R38', 'R35', 'R18', 'R15', 'R32', 'R21', 'R16', 'R31', 'R9', 'R37', 'R33', 'R34']"
2218768.060378305,97.25000419593053,8.542653454486139,"['D5', 'R27', 'R36', 'R38', 'R22', 'R4', 'R18', 'R32', 'R31', 'R15', 'R30', 'R35', 'R9', 'R21', 'R16', 'R37', 'R33', 'R34']"
2217119.5821897574,78.96608462463648,6.785556507932382,"['D5', 'R18', 'R15', 'R21', 'R16', 'R31', 'R9', 'R33', 'R37', 'R4', 'R36', 'R27', 'R35', 'R38', 'R22', 'R32', 'R30', 'R34']"
