total_cost,total_distance,total_fuel_consumed,route
2217608.776024145,84.3919257336437,7.409884348618432,"['D5', 'R4', 'R27', 'R36', 'R32', 'R31', 'R18', 'R15', 'R35', 'R38', 'R30', 'R22', 'R21', 'R16', 'R9', 'R37', 'R33', 'R34']"
2216771.994045185,75.1108478835953,6.626892842160558,"['D5', 'R32', 'R4', 'R27', 'R36', 'R22', 'R38', 'R30', 'R35', 'R15', 'R18', 'R31', 'R16', 'R9', 'R21', 'R37', 'R33', 'R34']"
2216657.6299971947,73.84239127323966,6.535778590299465,"['D5', 'R4', 'R27', 'R36', 'R22', 'R38', 'R30', 'R35', 'R32', 'R15', 'R16', 'R31', 'R18', 'R21', 'R37', 'R33', 'R9', 'R34']"
2217157.5466698306,79.38716359617342,7.000885442629457,"['D5', 'R27', 'R36', 'R22', 'R38', 'R30', 'R35', 'R32', 'R15', 'R31', 'R18', 'R4', 'R16', 'R21', 'R33', 'R37', 'R9', 'R34']"
2216656.839200853,73.83362024015905,6.570251380621508,"['D5', 'R4', 'R27', 'R36', 'R30', 'R38', 'R22', 'R32', 'R15', 'R31', 'R18', 'R21', 'R16', 'R9', 'R37', 'R33', 'R35', 'R34']"
