total_cost,total_distance,total_fuel_consumed,route
2216488.4837683095,71.96632396084146,6.361073009926213,"['D5', 'R4', 'R32', 'R36', 'R27', 'R22', 'R38', 'R35', 'R30', 'R15', 'R18', 'R21', 'R16', 'R31', 'R9', 'R33', 'R37', 'R34']"
2216900.467068113,76.53579268093351,6.525232526032499,"['D5', 'R32', 'R18', 'R15', 'R16', 'R31', 'R21', 'R33', 'R37', 'R9', 'R38', 'R27', 'R36', 'R4', 'R22', 'R35', 'R30', 'R34']"
2217152.728244011,79.33372054138064,6.880539054723615,"['D5', 'R36', 'R38', 'R30', 'R27', 'R35', 'R22', 'R15', 'R32', 'R4', 'R31', 'R18', 'R16', 'R21', 'R9', 'R33', 'R37', 'R34']"
2216482.5877836323,71.90092927719924,6.325262166644345,"['D5', 'R36', 'R27', 'R30', 'R35', 'R22', 'R38', 'R4', 'R15', 'R32', 'R18', 'R16', 'R31', 'R21', 'R9', 'R33', 'R37', 'R34']"
2216229.6467016437,69.09546031104496,5.930720646651896,"['D5', 'R15', 'R32', 'R18', 'R31', 'R16', 'R21', 'R9', 'R33', 'R37', 'R38', 'R27', 'R36', 'R4', 'R22', 'R30', 'R35', 'R34']"
