total_cost,total_distance,total_fuel_consumed,route
2216085.088294153,67.49210619069537,5.975158613728232,"['D6', 'R30', 'R35', 'R38', 'R4', 'R36', 'R27', 'R32', 'R15', 'R21', 'R16', 'R18', 'R31', 'R9', 'R37', 'R33', 'R22', 'R34']"
2216405.0054944484,71.04043361189545,6.325988290665803,"['D6', 'R30', 'R35', 'R38', 'R27', 'R36', 'R4', 'R22', 'R18', 'R16', 'R31', 'R21', 'R9', 'R33', 'R37', 'R32', 'R15', 'R34']"
2216323.560331882,70.13709329948912,6.37314317303943,"['D6', 'R30', 'R35', 'R38', 'R27', 'R36', 'R4', 'R32', 'R15', 'R31', 'R16', 'R18', 'R21', 'R33', 'R37', 'R9', 'R34', 'R22']"
2217204.0258310474,79.90268224320366,6.997163642447512,"['D6', 'R30', 'R36', 'R27', 'R22', 'R38', 'R35', 'R31', 'R15', 'R32', 'R4', 'R33', 'R37', 'R9', 'R18', 'R16', 'R21', 'R34']"
2216382.524985119,70.79109344630163,6.293465857509879,"['D6', 'R30', 'R27', 'R22', 'R38', 'R36', 'R4', 'R15', 'R32', 'R31', 'R16', 'R18', 'R21', 'R33', 'R37', 'R9', 'R35', 'R34']"
