total_cost,total_distance,total_fuel_consumed,route
2217401.032645078,82.08776225685558,7.133784628972434,"['D6', 'R4', 'R27', 'R36', 'R32', 'R22', 'R30', 'R38', 'R35', 'R15', 'R16', 'R18', 'R21', 'R31', 'R9', 'R37', 'R33', 'R34']"
2217972.3560459586,88.42453467123553,7.777381791309335,"['D6', 'R38', 'R36', 'R30', 'R27', 'R22', 'R4', 'R16', 'R31', 'R18', 'R21', 'R32', 'R15', 'R9', 'R37', 'R33', 'R35', 'R34']"
2216171.4415554423,68.44988415530796,5.971623594737252,"['D6', 'R35', 'R27', 'R36', 'R30', 'R38', 'R22', 'R4', 'R18', 'R16', 'R21', 'R37', 'R33', 'R9', 'R31', 'R15', 'R32', 'R34']"
2216916.8249673066,76.71722457083112,6.756373549022186,"['D6', 'R27', 'R36', 'R22', 'R4', 'R38', 'R30', 'R35', 'R15', 'R31', 'R21', 'R16', 'R18', 'R9', 'R37', 'R33', 'R32', 'R34']"
2217466.071419552,82.80913286991947,7.299234575711763,"['D6', 'R36', 'R27', 'R4', 'R30', 'R22', 'R38', 'R35', 'R32', 'R18', 'R16', 'R21', 'R31', 'R15', 'R37', 'R33', 'R9', 'R34']"
