total_cost,total_distance,total_fuel_consumed,route
2215851.135724132,64.8972462747563,5.717639858012127,"['D6', 'R27', 'R36', 'R38', 'R22', 'R4', 'R32', 'R15', 'R18', 'R16', 'R21', 'R9', 'R37', 'R33', 'R31', 'R30', 'R35', 'R34']"
2215529.288081395,61.32750755762268,5.468990778016176,"['D6', 'R27', 'R36', 'R22', 'R38', 'R35', 'R30', 'R4', 'R32', 'R15', 'R31', 'R18', 'R16', 'R21', 'R9', 'R33', 'R37', 'R34']"
2215793.561856317,64.25867187573641,5.653526061021611,"['D6', 'R36', 'R27', 'R4', 'R32', 'R15', 'R31', 'R18', 'R16', 'R21', 'R9', 'R37', 'R33', 'R35', 'R30', 'R38', 'R22', 'R34']"
2215160.346016176,57.23542608890837,5.162360465786291,"['D6', 'R30', 'R35', 'R38', 'R22', 'R27', 'R36', 'R4', 'R32', 'R15', 'R31', 'R16', 'R18', 'R21', 'R9', 'R37', 'R33', 'R34']"
2215556.295339921,61.627055677917575,5.491577532436732,"['D6', 'R30', 'R35', 'R38', 'R22', 'R4', 'R32', 'R15', 'R31', 'R16', 'R18', 'R21', 'R9', 'R33', 'R37', 'R36', 'R27', 'R34']"
