total_cost,total_distance,total_fuel_consumed,route
2216585.522830251,73.04262234084977,6.417560038454987,"['D6', 'R36', 'R27', 'R38', 'R35', 'R22', 'R32', 'R4', 'R31', 'R18', 'R16', 'R21', 'R33', 'R37', 'R9', 'R15', 'R30', 'R34']"
2216625.413670477,73.4850673300473,6.536293678634854,"['D6', 'R36', 'R27', 'R4', 'R22', 'R38', 'R35', 'R30', 'R32', 'R15', 'R9', 'R21', 'R16', 'R18', 'R31', 'R37', 'R33', 'R34']"
2216155.0359947835,68.26792363335682,6.049197508521701,"['D6', 'R36', 'R27', 'R4', 'R22', 'R38', 'R35', 'R30', 'R15', 'R32', 'R31', 'R21', 'R16', 'R18', 'R9', 'R33', 'R37', 'R34']"
2216457.9930292526,71.62813918869128,6.333927724848632,"['D6', 'R36', 'R27', 'R38', 'R35', 'R22', 'R4', 'R15', 'R32', 'R18', 'R16', 'R21', 'R9', 'R33', 'R37', 'R31', 'R30', 'R34']"
2215983.8345417366,66.36906102192633,5.786957363156659,"['D6', 'R30', 'R36', 'R27', 'R4', 'R15', 'R32', 'R21', 'R18', 'R16', 'R9', 'R33', 'R37', 'R31', 'R22', 'R35', 'R38', 'R34']"
