total_cost,total_distance,total_fuel_consumed,route
2482567.3548095874,139.38947215602397,12.604166369131981,"['D2', 'R10', 'R12', 'R3', 'R28', 'R7', 'R5', 'R11', 'R17', 'R14', 'R2', 'R26', 'R1', 'R20', 'R6', 'R13', 'R23', 'R70', 'R24', 'R8']"
2484308.7877051425,158.7043889212811,14.181405397031662,"['D2', 'R6', 'R1', 'R14', 'R17', 'R2', 'R3', 'R10', 'R12', 'R7', 'R11', 'R26', 'R28', 'R13', 'R5', 'R23', 'R70', 'R20', 'R24', 'R8']"
2482288.846982216,136.30043236708337,12.182821379863034,"['D2', 'R12', 'R3', 'R23', 'R1', 'R11', 'R2', 'R14', 'R17', 'R26', 'R5', 'R13', 'R6', 'R28', 'R7', 'R10', 'R70', 'R20', 'R24', 'R8']"
2480636.5711027207,117.97439111270174,10.623461174444651,"['D2', 'R26', 'R14', 'R17', 'R2', 'R5', 'R11', 'R1', 'R7', 'R6', 'R23', 'R3', 'R12', 'R10', 'R70', 'R13', 'R20', 'R28', 'R24', 'R8']"
2482488.255143768,138.51214667001204,12.67795972959603,"['D2', 'R26', 'R14', 'R17', 'R2', 'R10', 'R12', 'R3', 'R7', 'R1', 'R28', 'R13', 'R6', 'R20', 'R70', 'R5', 'R11', 'R23', 'R24', 'R8']"
