total_cost,total_distance,total_fuel_consumed,route
2483420.007268593,148.8465757386103,13.324461435922299,"['D2', 'R7', 'R1', 'R10', 'R12', 'R3', 'R13', 'R6', 'R20', 'R28', 'R11', 'R26', 'R17', 'R14', 'R2', 'R5', 'R24', 'R23', 'R70', 'R8']"
2482162.701865575,134.90130729342133,12.421532177136912,"['D2', 'R11', 'R2', 'R14', 'R17', 'R26', 'R5', 'R1', 'R7', 'R6', 'R28', 'R13', 'R23', 'R10', 'R12', 'R3', 'R20', 'R70', 'R24', 'R8']"
2482207.0297837057,135.3929656577815,12.332941800879313,"['D2', 'R11', 'R26', 'R14', 'R17', 'R2', 'R28', 'R7', 'R1', 'R5', 'R12', 'R3', 'R10', 'R20', 'R6', 'R13', 'R23', 'R70', 'R24', 'R8']"
2483140.290287305,145.74412474828378,13.244169770642184,"['D2', 'R11', 'R5', 'R14', 'R17', 'R2', 'R26', 'R7', 'R1', 'R3', 'R12', 'R10', 'R6', 'R23', 'R13', 'R70', 'R28', 'R20', 'R24', 'R8']"
2481942.027942884,132.45372607457588,12.092988789502217,"['D2', 'R2', 'R17', 'R14', 'R26', 'R5', 'R1', 'R7', 'R3', 'R12', 'R11', 'R10', 'R20', 'R6', 'R28', 'R13', 'R23', 'R70', 'R8', 'R24']"
