total_cost,total_distance,total_fuel_consumed,route
2480366.236385279,114.9760024986607,10.519632276727469,"['D2', 'R14', 'R17', 'R2', 'R11', 'R26', 'R5', 'R7', 'R1', 'R6', 'R13', 'R20', 'R28', 'R3', 'R12', 'R10', 'R23', 'R70', 'R8', 'R24']"
2480598.539367621,117.55256618922917,10.82488897348654,"['D2', 'R26', 'R5', 'R11', 'R17', 'R14', 'R2', 'R3', 'R12', 'R10', 'R23', 'R7', 'R1', 'R28', 'R6', 'R20', 'R13', 'R24', 'R8', 'R70']"
2479646.514957951,106.9932892408029,9.751149756582409,"['D2', 'R2', 'R17', 'R14', 'R11', 'R26', 'R5', 'R28', 'R7', 'R1', 'R6', 'R13', 'R20', 'R23', 'R10', 'R12', 'R3', 'R70', 'R8', 'R24']"
2480546.923353741,116.98007269012308,10.74587154187407,"['D2', 'R2', 'R14', 'R17', 'R26', 'R5', 'R11', 'R12', 'R3', 'R10', 'R23', 'R6', 'R13', 'R20', 'R1', 'R7', 'R28', 'R24', 'R8', 'R70']"
2481603.72809473,128.70150948015055,11.644988904546956,"['D2', 'R28', 'R1', 'R7', 'R5', 'R26', 'R11', 'R17', 'R14', 'R2', 'R12', 'R3', 'R10', 'R23', 'R13', 'R6', 'R20', 'R24', 'R8', 'R70']"
