total_cost,total_distance,total_fuel_consumed,route
2481612.94749442,128.80376546606357,11.739425279463491,"['D2', 'R5', 'R11', 'R14', 'R17', 'R2', 'R26', 'R7', 'R1', 'R6', 'R13', 'R28', 'R20', 'R10', 'R3', 'R12', 'R23', 'R70', 'R24', 'R8']"
2483038.3702993733,144.61369009952674,13.415189308942413,"['D2', 'R26', 'R11', 'R14', 'R17', 'R2', 'R5', 'R1', 'R7', 'R28', 'R6', 'R20', 'R13', 'R10', 'R12', 'R3', 'R23', 'R8', 'R70', 'R24']"
2482260.7930880254,135.98927559921762,12.64223802887302,"['D2', 'R2', 'R14', 'R17', 'R11', 'R26', 'R5', 'R1', 'R3', 'R12', 'R10', 'R23', 'R28', 'R7', 'R13', 'R6', 'R20', 'R24', 'R70', 'R8']"
2482502.231230923,138.6671609463532,12.225878097932657,"['D2', 'R8', 'R11', 'R17', 'R14', 'R2', 'R5', 'R26', 'R12', 'R3', 'R10', 'R6', 'R1', 'R7', 'R28', 'R13', 'R23', 'R20', 'R70', 'R24']"
2480967.15026845,121.64097458352089,11.16859923142287,"['D2', 'R14', 'R17', 'R2', 'R11', 'R5', 'R26', 'R1', 'R7', 'R28', 'R12', 'R3', 'R10', 'R23', 'R6', 'R20', 'R13', 'R24', 'R8', 'R70']"
