total_cost,total_distance,total_fuel_consumed,route
2481598.703756976,128.64578257515626,11.928050875172618,"['D2', 'R5', 'R26', 'R11', 'R14', 'R17', 'R2', 'R12', 'R3', 'R10', 'R1', 'R7', 'R6', 'R23', 'R20', 'R13', 'R28', 'R70', 'R24', 'R8']"
2481903.2983535817,132.02416097584052,12.152593999688158,"['D2', 'R26', 'R5', 'R11', 'R14', 'R17', 'R2', 'R1', 'R3', 'R12', 'R10', 'R7', 'R28', 'R6', 'R13', 'R20', 'R24', 'R23', 'R70', 'R8']"
2481632.011138036,129.01520783092843,11.887693198696164,"['D2', 'R26', 'R5', 'R11', 'R14', 'R17', 'R2', 'R10', 'R3', 'R12', 'R23', 'R6', 'R7', 'R1', 'R13', 'R28', 'R20', 'R70', 'R8', 'R24']"
2480685.56430263,118.51779395108471,10.784905054029235,"['D2', 'R26', 'R5', 'R11', 'R17', 'R14', 'R2', 'R28', 'R7', 'R1', 'R6', 'R13', 'R20', 'R10', 'R3', 'R12', 'R70', 'R23', 'R24', 'R8']"
2482535.670791613,139.0380522583477,12.901497287618422,"['D2', 'R17', 'R14', 'R2', 'R5', 'R26', 'R11', 'R1', 'R7', 'R28', 'R6', 'R20', 'R13', 'R12', 'R3', 'R10', 'R23', 'R24', 'R70', 'R8']"
