total_cost,total_distance,total_fuel_consumed,route
2481307.5652555083,125.41665101495617,11.338094084350077,"['D2', 'R14', 'R17', 'R2', 'R11', 'R26', 'R3', 'R12', 'R10', 'R70', 'R1', 'R7', 'R13', 'R6', 'R28', 'R5', 'R23', 'R20', 'R24', 'R8']"
2482535.498986558,139.03614670095638,12.661439448008789,"['D2', 'R5', 'R2', 'R17', 'R14', 'R26', 'R12', 'R3', 'R23', 'R10', 'R11', 'R1', 'R6', 'R7', 'R28', 'R13', 'R20', 'R70', 'R24', 'R8']"
2480980.9505397985,121.7940388176358,11.188732898020833,"['D2', 'R17', 'R14', 'R2', 'R11', 'R26', 'R5', 'R7', 'R1', 'R28', 'R13', 'R6', 'R3', 'R12', 'R10', 'R70', 'R23', 'R20', 'R8', 'R24']"
2481902.718303813,132.01772741585026,12.157053393618295,"['D2', 'R5', 'R26', 'R11', 'R2', 'R17', 'R14', 'R3', 'R12', 'R10', 'R7', 'R1', 'R28', 'R20', 'R6', 'R13', 'R24', 'R23', 'R70', 'R8']"
2482507.4130539293,138.72463458218405,12.429942143306564,"['D2', 'R11', 'R1', 'R7', 'R28', 'R6', 'R23', 'R17', 'R14', 'R2', 'R26', 'R5', 'R10', 'R3', 'R12', 'R70', 'R13', 'R20', 'R8', 'R24']"
