total_cost,total_distance,total_fuel_consumed,route
2480622.3072816175,117.81618546603517,10.225468884573624,"['D2', 'R70', 'R3', 'R10', 'R12', 'R23', 'R11', 'R2', 'R17', 'R14', 'R5', 'R26', 'R28', 'R1', 'R7', 'R6', 'R13', 'R20', 'R24', 'R8']"
2482826.3043350256,142.261583130281,13.016761677668075,"['D2', 'R26', 'R11', 'R2', 'R14', 'R17', 'R5', 'R3', 'R10', 'R12', 'R70', 'R7', 'R1', 'R13', 'R6', 'R20', 'R28', 'R24', 'R23', 'R8']"
2484043.8942856193,155.76635188131496,14.032852813473284,"['D2', 'R3', 'R5', 'R11', 'R17', 'R14', 'R2', 'R10', 'R12', 'R7', 'R13', 'R6', 'R20', 'R1', 'R23', 'R28', 'R24', 'R26', 'R70', 'R8']"
2481818.295879397,131.08136512197407,11.48266858457881,"['D2', 'R8', 'R14', 'R17', 'R2', 'R5', 'R11', 'R26', 'R7', 'R1', 'R10', 'R12', 'R3', 'R23', 'R13', 'R6', 'R20', 'R28', 'R24', 'R70']"
2482496.0672720703,138.59879405579343,12.808490363417686,"['D2', 'R17', 'R14', 'R2', 'R5', 'R11', 'R12', 'R3', 'R10', 'R23', 'R7', 'R1', 'R26', 'R28', 'R6', 'R13', 'R20', 'R24', 'R70', 'R8']"
