total_cost,total_distance,total_fuel_consumed,route
2479665.922523564,107.20854617973082,9.782275760869709,"['D2', 'R14', 'R17', 'R2', 'R11', 'R5', 'R26', 'R1', 'R7', 'R6', 'R13', 'R20', 'R23', 'R10', 'R3', 'R12', 'R70', 'R28', 'R24', 'R8']"
2481451.2102614865,127.00987424009583,11.70176765097824,"['D2', 'R14', 'R17', 'R2', 'R11', 'R5', 'R26', 'R10', 'R3', 'R12', 'R1', 'R7', 'R13', 'R6', 'R20', 'R23', 'R28', 'R24', 'R8', 'R70']"
2480174.7751997146,112.85243123020365,10.395895530981525,"['D2', 'R2', 'R14', 'R17', 'R26', 'R11', 'R5', 'R3', 'R12', 'R10', 'R1', 'R7', 'R28', 'R6', 'R13', 'R20', 'R23', 'R70', 'R8', 'R24']"
2479605.2772178487,106.53590525564641,9.731000523459894,"['D2', 'R2', 'R17', 'R14', 'R11', 'R26', 'R5', 'R1', 'R7', 'R28', 'R13', 'R6', 'R20', 'R23', 'R10', 'R12', 'R3', 'R70', 'R8', 'R24']"
2480203.9027340715,113.17549616317594,10.393487281718796,"['D2', 'R14', 'R17', 'R2', 'R11', 'R26', 'R5', 'R1', 'R7', 'R28', 'R13', 'R6', 'R20', 'R23', 'R12', 'R3', 'R10', 'R70', 'R24', 'R8']"
