total_cost,total_distance,total_fuel_consumed,route
2481592.6749291834,128.57891447630885,11.90635474174291,"['D2', 'R2', 'R17', 'R14', 'R26', 'R11', 'R5', 'R12', 'R3', 'R10', 'R1', 'R7', 'R6', 'R28', 'R13', 'R20', 'R23', 'R24', 'R8', 'R70']"
2481640.443650559,129.10873614195745,11.985137893876427,"['D2', 'R14', 'R17', 'R2', 'R26', 'R11', 'R5', 'R28', 'R6', 'R7', 'R1', 'R3', 'R12', 'R10', 'R23', 'R20', 'R13', 'R24', 'R70', 'R8']"
2481134.9752621846,123.50238755750287,11.256963176576445,"['D2', 'R11', 'R26', 'R5', 'R2', 'R17', 'R14', 'R7', 'R1', 'R28', 'R6', 'R13', 'R20', 'R3', 'R12', 'R10', 'R23', 'R70', 'R24', 'R8']"
2480884.4250189597,120.7234363238662,10.93482796698009,"['D2', 'R17', 'R14', 'R2', 'R26', 'R11', 'R5', 'R7', 'R1', 'R28', 'R6', 'R13', 'R23', 'R20', 'R3', 'R12', 'R10', 'R70', 'R8', 'R24']"
2479734.2686405247,107.96659982835949,9.838244290293353,"['D2', 'R2', 'R17', 'R14', 'R11', 'R5', 'R26', 'R1', 'R7', 'R6', 'R28', 'R13', 'R20', 'R23', 'R10', 'R12', 'R3', 'R70', 'R8', 'R24']"
