total_cost,total_distance,total_fuel_consumed,route
2482233.0084257303,135.6811049881382,12.506052309345558,"['D2', 'R2', 'R14', 'R17', 'R11', 'R26', 'R5', 'R1', 'R6', 'R7', 'R13', 'R28', 'R10', 'R12', 'R3', 'R23', 'R20', 'R70', 'R24', 'R8']"
2481306.877822853,125.40902642916676,11.348714143156714,"['D2', 'R3', 'R12', 'R10', 'R1', 'R7', 'R6', 'R13', 'R20', 'R28', 'R5', 'R26', 'R11', 'R17', 'R14', 'R2', 'R70', 'R23', 'R8', 'R24']"
2483506.1800437504,149.80235186058917,13.794773731655024,"['D2', 'R10', 'R12', 'R3', 'R14', 'R17', 'R2', 'R11', 'R5', 'R26', 'R1', 'R6', 'R13', 'R20', 'R7', 'R28', 'R23', 'R8', 'R24', 'R70']"
2482026.9008661755,133.39508502857262,12.163211757451217,"['D2', 'R17', 'R14', 'R2', 'R3', 'R12', 'R7', 'R1', 'R11', 'R5', 'R26', 'R6', 'R13', 'R28', 'R20', 'R10', 'R70', 'R23', 'R24', 'R8']"
2482158.8595203683,134.85869033239123,11.946399279349274,"['D2', 'R70', 'R17', 'R14', 'R2', 'R26', 'R7', 'R1', 'R5', 'R11', 'R3', 'R12', 'R10', 'R28', 'R6', 'R20', 'R13', 'R23', 'R8', 'R24']"
