total_cost,total_distance,total_fuel_consumed,route
2480418.136506144,115.55164714001911,10.571499530626445,"['D2', 'R14', 'R17', 'R2', 'R11', 'R26', 'R5', 'R7', 'R1', 'R6', 'R13', 'R28', 'R20', 'R23', 'R10', 'R3', 'R12', 'R70', 'R24', 'R8']"
2480217.764964673,113.32924761172606,10.408415956957539,"['D2', 'R14', 'R17', 'R2', 'R11', 'R26', 'R5', 'R1', 'R7', 'R28', 'R13', 'R20', 'R6', 'R23', 'R3', 'R12', 'R10', 'R70', 'R24', 'R8']"
2480560.4091681205,117.12964915839382,10.722803396563906,"['D2', 'R2', 'R17', 'R14', 'R11', 'R26', 'R5', 'R7', 'R1', 'R6', 'R13', 'R20', 'R28', 'R10', 'R3', 'R12', 'R23', 'R70', 'R8', 'R24']"
2479456.683812897,104.88779739238618,9.377838185469155,"['D2', 'R26', 'R5', 'R11', 'R17', 'R14', 'R2', 'R3', 'R12', 'R70', 'R23', 'R10', 'R1', 'R7', 'R6', 'R13', 'R20', 'R28', 'R24', 'R8']"
2480102.41131335,112.04981492180832,10.331774905234875,"['D2', 'R17', 'R14', 'R2', 'R11', 'R26', 'R5', 'R12', 'R3', 'R10', 'R1', 'R7', 'R28', 'R6', 'R13', 'R20', 'R23', 'R70', 'R8', 'R24']"
