total_cost,total_distance,total_fuel_consumed,route
2481999.247136919,133.08836664728372,12.10406728442896,"['D2', 'R11', 'R2', 'R14', 'R17', 'R26', 'R5', 'R13', 'R6', 'R1', 'R28', 'R7', 'R10', 'R3', 'R12', 'R23', 'R20', 'R70', 'R8', 'R24']"
2481173.001369099,123.92415005655891,11.33817421456648,"['D2', 'R2', 'R14', 'R17', 'R26', 'R11', 'R1', 'R7', 'R10', 'R3', 'R12', 'R5', 'R6', 'R28', 'R13', 'R20', 'R23', 'R70', 'R8', 'R24']"
2484207.678332237,157.58294512241596,14.43063942229752,"['D2', 'R5', 'R26', 'R17', 'R14', 'R2', 'R1', 'R3', 'R12', 'R23', 'R20', 'R7', 'R6', 'R28', 'R11', 'R10', 'R13', 'R24', 'R70', 'R8']"
2482217.1955065643,135.50571768594176,12.399352200046385,"['D2', 'R11', 'R2', 'R14', 'R17', 'R5', 'R26', 'R1', 'R7', 'R23', 'R12', 'R10', 'R3', 'R6', 'R28', 'R13', 'R20', 'R70', 'R24', 'R8']"
2482901.071342923,143.09085340420498,13.316815454358725,"['D2', 'R14', 'R17', 'R2', 'R11', 'R26', 'R5', 'R1', 'R12', 'R3', 'R10', 'R7', 'R13', 'R6', 'R28', 'R23', 'R20', 'R24', 'R70', 'R8']"
