total_cost,total_distance,total_fuel_consumed,route
2482381.8414488174,137.33187055032772,12.613521419848135,"['D2', 'R11', 'R26', 'R14', 'R17', 'R2', 'R12', 'R3', 'R10', 'R20', 'R6', 'R7', 'R1', 'R5', 'R13', 'R28', 'R23', 'R70', 'R24', 'R8']"
2479757.0642423052,108.219434808178,9.854194444561042,"['D2', 'R17', 'R14', 'R2', 'R11', 'R5', 'R26', 'R1', 'R7', 'R6', 'R28', 'R13', 'R20', 'R23', 'R10', 'R12', 'R3', 'R70', 'R8', 'R24']"
2483020.292678667,144.41318410234553,13.42163756143043,"['D2', 'R17', 'R14', 'R2', 'R12', 'R3', 'R10', 'R26', 'R11', 'R5', 'R1', 'R7', 'R6', 'R13', 'R20', 'R28', 'R23', 'R8', 'R24', 'R70']"
2482009.936056021,133.2069216506337,12.039450082158705,"['D2', 'R14', 'R17', 'R2', 'R3', 'R12', 'R10', 'R6', 'R28', 'R23', 'R1', 'R7', 'R26', 'R11', 'R5', 'R70', 'R20', 'R13', 'R24', 'R8']"
2480856.3960412475,120.41255591446404,10.773582727975171,"['D2', 'R3', 'R12', 'R10', 'R1', 'R7', 'R6', 'R13', 'R20', 'R5', 'R26', 'R11', 'R14', 'R17', 'R2', 'R70', 'R23', 'R28', 'R24', 'R8']"
