total_cost,total_distance,total_fuel_consumed,route
391938.4623789388,21.50024821360686,13.638829096360062,"['W2', 'D1', 'D3', 'D2']"
391938.4623789388,21.50024821360686,13.638829096360062,"['W2', 'D1', 'D3', 'D2']"
393031.60298019357,33.624700312705826,15.778438290318704,"['W2', 'D1', 'D2', 'D3']"
391938.4623789388,21.50024821360686,13.638829096360062,"['W2', 'D1', 'D3', 'D2']"
393031.60298019357,33.624700312705826,15.778438290318704,"['W2', 'D1', 'D2', 'D3']"
