total_cost,total_distance,total_fuel_consumed,route
391938.4623789388,21.50024821360686,0.7274424507936159,"['W2', 'D1', 'D3', 'D2']"
391938.4623789388,21.50024821360686,0.7274424507936159,"['W2', 'D1', 'D3', 'D2']"
391938.4623789388,21.50024821360686,0.7274424507936159,"['W2', 'D1', 'D3', 'D2']"
391938.4623789388,21.50024821360686,0.7274424507936159,"['W2', 'D1', 'D3', 'D2']"
391938.4623789388,21.50024821360686,0.7274424507936159,"['W2', 'D1', 'D3', 'D2']"
