total_cost,total_distance,total_fuel_consumed,route
2215982.12645615,66.35011597326674,5.797392240400179,"['D4', 'R9', 'R33', 'R37', 'R21', 'R16', 'R18', 'R31', 'R4', 'R36', 'R27', 'R38', 'R22', 'R15', 'R32', 'R35', 'R30', 'R34']"
2216431.0707758795,71.3295338939633,6.196933241713436,"['D4', 'R9', 'R33', 'R37', 'R18', 'R16', 'R31', 'R21', 'R36', 'R27', 'R30', 'R38', 'R22', 'R4', 'R32', 'R15', 'R35', 'R34']"
2215927.8659300404,65.74829114951628,5.829090575351717,"['D4', 'R37', 'R33', 'R9', 'R21', 'R18', 'R16', 'R31', 'R22', 'R27', 'R36', 'R4', 'R38', 'R35', 'R30', 'R32', 'R15', 'R34']"
2216650.641060559,73.7648742298008,6.462247208953574,"['D4', 'R37', 'R33', 'R18', 'R16', 'R21', 'R9', 'R31', 'R4', 'R27', 'R38', 'R22', 'R36', 'R30', 'R35', 'R32', 'R15', 'R34']"
2217898.2425710987,87.6025129891201,7.889049657674617,"['D4', 'R33', 'R37', 'R21', 'R18', 'R16', 'R31', 'R36', 'R27', 'R4', 'R32', 'R15', 'R38', 'R30', 'R35', 'R22', 'R9', 'R34']"
