total_cost,total_distance,total_fuel_consumed,route
2217832.4146357165,86.8723894822202,7.795871460122463,"['D4', 'R37', 'R33', 'R16', 'R18', 'R21', 'R31', 'R36', 'R27', 'R4', 'R32', 'R15', 'R22', 'R30', 'R38', 'R35', 'R34', 'R9']"
2215880.0591642833,65.21804751867202,5.558671301125794,"['D4', 'R9', 'R33', 'R37', 'R31', 'R16', 'R18', 'R21', 'R4', 'R32', 'R15', 'R36', 'R27', 'R38', 'R35', 'R30', 'R22', 'R34']"
2215478.929162289,60.768956990781405,5.2337753384455565,"['D4', 'R9', 'R33', 'R37', 'R21', 'R16', 'R18', 'R31', 'R4', 'R15', 'R32', 'R27', 'R36', 'R38', 'R30', 'R35', 'R22', 'R34']"
2216404.088202715,71.0302595687107,6.3750378317469805,"['D4', 'R37', 'R33', 'R9', 'R21', 'R16', 'R18', 'R15', 'R4', 'R36', 'R27', 'R22', 'R38', 'R30', 'R35', 'R31', 'R32', 'R34']"
2215837.9988966915,64.75154055780341,5.648743142067326,"['D4', 'R37', 'R33', 'R9', 'R18', 'R16', 'R21', 'R31', 'R32', 'R15', 'R35', 'R38', 'R36', 'R27', 'R4', 'R22', 'R30', 'R34']"
