total_cost,total_distance,total_fuel_consumed,route
2214249.5190722523,47.13308642693753,4.12075802054603,"['D4', 'R37', 'R33', 'R9', 'R21', 'R16', 'R18', 'R31', 'R15', 'R32', 'R4', 'R27', 'R36', 'R30', 'R35', 'R38', 'R22', 'R34']"
2214912.922794332,54.491157878571855,4.6752027482317775,"['D4', 'R33', 'R37', 'R18', 'R16', 'R21', 'R9', 'R31', 'R15', 'R32', 'R4', 'R27', 'R36', 'R30', 'R35', 'R38', 'R22', 'R34']"
2214623.644101841,51.282654190781415,4.479536957111558,"['D4', 'R33', 'R37', 'R9', 'R16', 'R18', 'R21', 'R31', 'R15', 'R32', 'R4', 'R36', 'R27', 'R22', 'R38', 'R35', 'R30', 'R34']"
2214521.6518233432,50.151417738946115,4.404531279836415,"['D4', 'R33', 'R37', 'R9', 'R21', 'R16', 'R18', 'R31', 'R15', 'R32', 'R4', 'R27', 'R36', 'R38', 'R35', 'R30', 'R22', 'R34']"
2214439.2187247453,49.237119839680545,4.324403380522904,"['D4', 'R33', 'R37', 'R9', 'R21', 'R18', 'R16', 'R31', 'R15', 'R32', 'R4', 'R36', 'R27', 'R22', 'R38', 'R35', 'R30', 'R34']"
