total_cost,total_distance,total_fuel_consumed,route
2216631.7856547735,73.55574151257129,6.2533186497293345,"['D4', 'R9', 'R37', 'R33', 'R16', 'R31', 'R18', 'R15', 'R21', 'R32', 'R36', 'R4', 'R30', 'R27', 'R35', 'R38', 'R22', 'R34']"
2216900.1778948023,76.53258534607582,6.664770103507582,"['D4', 'R33', 'R37', 'R16', 'R21', 'R9', 'R18', 'R4', 'R22', 'R36', 'R27', 'R30', 'R35', 'R38', 'R32', 'R31', 'R15', 'R34']"
2216528.0913256416,72.4056269481078,6.355934658692281,"['D4', 'R37', 'R33', 'R9', 'R21', 'R18', 'R16', 'R31', 'R35', 'R38', 'R4', 'R22', 'R36', 'R27', 'R30', 'R32', 'R15', 'R34']"
2217606.0992577802,84.3622366657127,7.23887560354959,"['D4', 'R18', 'R16', 'R21', 'R37', 'R33', 'R9', 'R32', 'R38', 'R27', 'R36', 'R22', 'R4', 'R15', 'R31', 'R35', 'R30', 'R34']"
2216349.208100721,70.42156278528086,6.024674204339798,"['D4', 'R9', 'R33', 'R37', 'R16', 'R18', 'R21', 'R15', 'R31', 'R38', 'R22', 'R36', 'R27', 'R4', 'R32', 'R30', 'R35', 'R34']"
