total_cost,total_distance,total_fuel_consumed,route
2217095.916179284,78.70359559987222,7.008873531870343,"['D4', 'R21', 'R16', 'R18', 'R31', 'R15', 'R4', 'R27', 'R36', 'R22', 'R38', 'R35', 'R30', 'R32', 'R33', 'R37', 'R9', 'R34']"
2215928.800697372,65.75865902142792,5.820721440028726,"['D4', 'R33', 'R37', 'R9', 'R18', 'R16', 'R21', 'R31', 'R15', 'R4', 'R30', 'R27', 'R36', 'R35', 'R38', 'R22', 'R32', 'R34']"
2215907.062747722,65.51755487712846,5.656030078807975,"['D4', 'R9', 'R37', 'R33', 'R21', 'R18', 'R16', 'R15', 'R31', 'R32', 'R27', 'R36', 'R4', 'R38', 'R22', 'R35', 'R30', 'R34']"
2216992.2835718575,77.55416561510387,6.613127071704042,"['D4', 'R9', 'R16', 'R21', 'R18', 'R31', 'R37', 'R33', 'R32', 'R38', 'R22', 'R27', 'R36', 'R4', 'R15', 'R30', 'R35', 'R34']"
2217105.092366816,78.80537230275179,6.663217432433913,"['D4', 'R16', 'R21', 'R18', 'R9', 'R37', 'R33', 'R32', 'R15', 'R31', 'R22', 'R4', 'R38', 'R27', 'R36', 'R35', 'R30', 'R34']"
