total_cost,total_distance,total_fuel_consumed,route
393140.25648742035,34.829819070767016,6.162037950104935,"['W2', 'D3', 'D1', 'D2']"
393140.25648742035,34.829819070767016,6.162037950104935,"['W2', 'D3', 'D1', 'D2']"
393140.25648742035,34.829819070767016,6.162037950104935,"['W2', 'D3', 'D1', 'D2']"
393140.25648742035,34.829819070767016,6.162037950104935,"['W2', 'D3', 'D1', 'D2']"
393140.25648742035,34.829819070767016,6.162037950104935,"['W2', 'D3', 'D1', 'D2']"
