total_cost,total_distance,total_fuel_consumed,route
2215504.603982108,61.05372650963402,5.370481125011278,"['D4', 'R9', 'R33', 'R37', 'R21', 'R18', 'R16', 'R31', 'R15', 'R36', 'R27', 'R30', 'R35', 'R38', 'R22', 'R4', 'R32', 'R34']"
2215427.5252356036,60.19881583411626,5.196560053972438,"['D4', 'R9', 'R37', 'R33', 'R16', 'R21', 'R18', 'R31', 'R32', 'R15', 'R36', 'R27', 'R30', 'R35', 'R38', 'R4', 'R22', 'R34']"
2215649.2009755373,62.65750860178868,5.474597848634467,"['D4', 'R37', 'R33', 'R9', 'R18', 'R16', 'R21', 'R31', 'R32', 'R15', 'R22', 'R35', 'R38', 'R27', 'R36', 'R4', 'R30', 'R34']"
2215353.6978524565,59.37996730763301,5.159493283428138,"['D4', 'R9', 'R33', 'R37', 'R21', 'R31', 'R18', 'R16', 'R15', 'R32', 'R36', 'R27', 'R30', 'R35', 'R38', 'R22', 'R4', 'R34']"
2217335.328862755,81.35901578033975,7.131548859973969,"['D4', 'R18', 'R16', 'R21', 'R31', 'R15', 'R32', 'R36', 'R27', 'R30', 'R35', 'R38', 'R22', 'R4', 'R34', 'R37', 'R33', 'R9']"
