total_cost,total_distance,total_fuel_consumed,route
2215946.150831689,65.95109618111161,5.778278056145788,"['D4', 'R33', 'R37', 'R9', 'R18', 'R16', 'R21', 'R31', 'R22', 'R38', 'R36', 'R27', 'R4', 'R32', 'R15', 'R35', 'R30', 'R34']"
2216413.968401501,71.13984473714159,6.289895719792031,"['D4', 'R33', 'R37', 'R9', 'R16', 'R18', 'R21', 'R31', 'R4', 'R27', 'R36', 'R38', 'R22', 'R35', 'R32', 'R15', 'R30', 'R34']"
2216946.5724991043,77.0471661391332,6.619895011765831,"['D4', 'R33', 'R37', 'R18', 'R16', 'R31', 'R21', 'R9', 'R27', 'R36', 'R22', 'R15', 'R4', 'R32', 'R38', 'R35', 'R30', 'R34']"
2217419.055101926,82.28765641000182,7.249430647009861,"['D4', 'R9', 'R21', 'R18', 'R16', 'R31', 'R4', 'R32', 'R15', 'R27', 'R36', 'R38', 'R22', 'R30', 'R35', 'R34', 'R33', 'R37']"
2215527.7452189224,61.31039506346923,5.490537344778769,"['D4', 'R33', 'R37', 'R9', 'R21', 'R16', 'R18', 'R31', 'R15', 'R4', 'R27', 'R36', 'R30', 'R38', 'R35', 'R22', 'R32', 'R34']"
