total_cost,total_distance,total_fuel_consumed,route
2214671.8773378585,51.81762797092618,4.534996163514901,"['D4', 'R37', 'R33', 'R9', 'R21', 'R16', 'R18', 'R31', 'R32', 'R15', 'R4', 'R36', 'R27', 'R22', 'R38', 'R35', 'R30', 'R34']"
2214437.1653719563,49.21434529676787,4.311733791748257,"['D4', 'R37', 'R33', 'R9', 'R21', 'R16', 'R18', 'R31', 'R15', 'R32', 'R4', 'R36', 'R27', 'R35', 'R30', 'R38', 'R22', 'R34']"
2214467.4705576203,49.55047202329702,4.35320871169106,"['D4', 'R33', 'R37', 'R9', 'R21', 'R16', 'R18', 'R31', 'R15', 'R32', 'R4', 'R36', 'R27', 'R38', 'R35', 'R30', 'R22', 'R34']"
2214943.6890962115,54.83239902630645,4.8657163758508295,"['D4', 'R37', 'R33', 'R9', 'R21', 'R16', 'R18', 'R31', 'R15', 'R32', 'R4', 'R27', 'R36', 'R38', 'R35', 'R22', 'R30', 'R34']"
2214917.919647257,54.54657993852038,4.7367669595203346,"['D4', 'R33', 'R37', 'R9', 'R16', 'R18', 'R31', 'R21', 'R15', 'R32', 'R4', 'R36', 'R27', 'R22', 'R38', 'R35', 'R30', 'R34']"
