total_cost,total_distance,total_fuel_consumed,route
2216488.1247680252,71.9623421475748,6.1004339760135595,"['D4', 'R33', 'R37', 'R21', 'R16', 'R18', 'R32', 'R31', 'R9', 'R15', 'R36', 'R27', 'R4', 'R30', 'R35', 'R38', 'R22', 'R34']"
2218924.8093477422,98.98856863068279,8.6884364015614,"['D4', 'R16', 'R18', 'R21', 'R33', 'R37', 'R31', 'R36', 'R15', 'R4', 'R27', 'R22', 'R38', 'R30', 'R35', 'R32', 'R9', 'R34']"
2215676.9655056223,62.96545591861229,5.425304304253016,"['D4', 'R37', 'R33', 'R9', 'R18', 'R16', 'R21', 'R31', 'R27', 'R4', 'R15', 'R32', 'R22', 'R36', 'R30', 'R38', 'R35', 'R34']"
2218963.57008596,99.41847921428379,8.897369849339029,"['D4', 'R33', 'R37', 'R21', 'R18', 'R16', 'R31', 'R38', 'R36', 'R32', 'R4', 'R27', 'R15', 'R22', 'R35', 'R30', 'R9', 'R34']"
2218053.0368227568,89.31939688062178,7.729889113966534,"['D4', 'R21', 'R18', 'R16', 'R9', 'R37', 'R33', 'R36', 'R27', 'R4', 'R15', 'R31', 'R30', 'R38', 'R35', 'R22', 'R32', 'R34']"
