total_cost,total_distance,total_fuel_consumed,route
2481293.826551173,125.26426964477145,11.734782499109134,"['D3', 'R1', 'R7', 'R6', 'R13', 'R28', 'R5', 'R26', 'R11', 'R14', 'R17', 'R2', 'R3', 'R12', 'R10', 'R23', 'R20', 'R24', 'R70', 'R8']"
2480265.2668531216,113.85610972850651,10.574280865577913,"['D3', 'R1', 'R7', 'R28', 'R5', 'R26', 'R11', 'R17', 'R14', 'R2', 'R10', 'R12', 'R3', 'R23', 'R20', 'R13', 'R6', 'R70', 'R8', 'R24']"
2479977.484409579,110.66420152594202,10.087270988472909,"['D3', 'R1', 'R7', 'R28', 'R6', 'R2', 'R14', 'R17', 'R11', 'R26', 'R5', 'R3', 'R12', 'R10', 'R70', 'R23', 'R13', 'R20', 'R24', 'R8']"
2480713.372424762,118.82622476444699,10.902548093210958,"['D3', 'R5', 'R11', 'R26', 'R14', 'R17', 'R2', 'R1', 'R7', 'R6', 'R13', 'R28', 'R20', 'R12', 'R3', 'R10', 'R70', 'R23', 'R24', 'R8']"
2481503.4231676613,127.58898810627235,11.748727524465389,"['D3', 'R1', 'R7', 'R6', 'R13', 'R28', 'R12', 'R3', 'R2', 'R14', 'R17', 'R5', 'R11', 'R26', 'R10', 'R23', 'R20', 'R70', 'R8', 'R24']"
