total_cost,total_distance,total_fuel_consumed,route
2480676.600134489,118.41836883861205,10.846849915008816,"['D3', 'R7', 'R1', 'R5', 'R11', 'R14', 'R17', 'R2', 'R26', 'R6', 'R28', 'R13', 'R23', 'R10', 'R3', 'R12', 'R70', 'R20', 'R24', 'R8']"
2481905.7951787147,132.05185424484108,12.28420853273315,"['D3', 'R1', 'R7', 'R28', 'R13', 'R6', 'R26', 'R5', 'R11', 'R2', 'R17', 'R14', 'R10', 'R12', 'R3', 'R23', 'R20', 'R24', 'R70', 'R8']"
2482432.432888524,137.89300009454334,12.537911296759711,"['D3', 'R6', 'R28', 'R13', 'R7', 'R5', 'R26', 'R11', 'R3', 'R12', 'R1', 'R17', 'R14', 'R2', 'R10', 'R20', 'R23', 'R70', 'R24', 'R8']"
2481126.869001727,123.41247783637156,11.502078227218659,"['D3', 'R28', 'R7', 'R1', 'R11', 'R14', 'R17', 'R2', 'R26', 'R5', 'R12', 'R3', 'R10', 'R23', 'R6', 'R20', 'R13', 'R70', 'R24', 'R8']"
2482375.593871064,137.26257620967257,12.718485657922777,"['D3', 'R28', 'R7', 'R5', 'R17', 'R2', 'R14', 'R26', 'R11', 'R1', 'R10', 'R3', 'R12', 'R23', 'R6', 'R13', 'R20', 'R8', 'R24', 'R70']"
