total_cost,total_distance,total_fuel_consumed,route
2480235.712221335,113.52830769005593,10.241466629222051,"['D3', 'R1', 'R28', 'R7', 'R5', 'R2', 'R17', 'R14', 'R11', 'R26', 'R23', 'R10', 'R3', 'R12', 'R70', 'R6', 'R20', 'R13', 'R24', 'R8']"
2481884.802692946,131.81901833347652,12.14986083492206,"['D3', 'R7', 'R1', 'R6', 'R20', 'R13', 'R5', 'R2', 'R17', 'R14', 'R11', 'R26', 'R3', 'R12', 'R10', 'R23', 'R28', 'R70', 'R24', 'R8']"
2481236.680642216,124.63044190567845,11.553821371688835,"['D3', 'R7', 'R1', 'R3', 'R12', 'R23', 'R10', 'R17', 'R14', 'R2', 'R11', 'R5', 'R26', 'R28', 'R6', 'R13', 'R20', 'R70', 'R24', 'R8']"
2481417.7699082927,126.63897413811847,11.784101157329934,"['D3', 'R7', 'R1', 'R6', 'R28', 'R5', 'R26', 'R14', 'R17', 'R2', 'R11', 'R3', 'R10', 'R12', 'R23', 'R13', 'R20', 'R70', 'R24', 'R8']"
2480836.9801822854,120.19720699074166,11.13725848924628,"['D3', 'R7', 'R1', 'R6', 'R28', 'R26', 'R5', 'R11', 'R17', 'R14', 'R2', 'R12', 'R3', 'R10', 'R13', 'R20', 'R23', 'R70', 'R24', 'R8']"
