total_cost,total_distance,total_fuel_consumed,route
2480597.032248519,117.535850138854,10.895303418976034,"['D3', 'R7', 'R1', 'R5', 'R26', 'R11', 'R17', 'R14', 'R2', 'R12', 'R3', 'R10', 'R6', 'R13', 'R20', 'R28', 'R24', 'R8', 'R70', 'R23']"
2480683.7592393984,118.49777328525843,10.994600911560465,"['D3', 'R5', 'R26', 'R11', 'R2', 'R17', 'R14', 'R3', 'R12', 'R10', 'R23', 'R28', 'R7', 'R1', 'R13', 'R20', 'R6', 'R70', 'R8', 'R24']"
2480527.6105873096,116.76586720619147,10.83400584037879,"['D3', 'R7', 'R1', 'R5', 'R11', 'R26', 'R17', 'R14', 'R2', 'R3', 'R12', 'R23', 'R10', 'R6', 'R13', 'R20', 'R28', 'R24', 'R8', 'R70']"
2480056.0525778653,111.5356319639047,10.353862463330522,"['D3', 'R1', 'R7', 'R11', 'R5', 'R26', 'R2', 'R17', 'R14', 'R12', 'R3', 'R10', 'R23', 'R6', 'R20', 'R13', 'R28', 'R24', 'R8', 'R70']"
2482112.18907753,134.34105010570184,12.278744506113796,"['D3', 'R7', 'R28', 'R6', 'R13', 'R20', 'R10', 'R3', 'R12', 'R17', 'R14', 'R2', 'R26', 'R5', 'R11', 'R23', 'R24', 'R8', 'R1', 'R70']"
