total_cost,total_distance,total_fuel_consumed,route
2480376.58438076,115.09077618412039,10.415113696423251,"['D3', 'R7', 'R1', 'R28', 'R13', 'R6', 'R20', 'R26', 'R5', 'R14', 'R17', 'R2', 'R11', 'R12', 'R3', 'R10', 'R23', 'R70', 'R8', 'R24']"
2480569.0528830923,117.22551999881114,10.875310958041888,"['D3', 'R1', 'R3', 'R12', 'R10', 'R2', 'R14', 'R17', 'R11', 'R5', 'R26', 'R7', 'R6', 'R28', 'R20', 'R13', 'R23', 'R70', 'R8', 'R24']"
2481081.585277893,122.91021825524996,11.298474724703542,"['D3', 'R1', 'R7', 'R14', 'R17', 'R2', 'R11', 'R26', 'R5', 'R28', 'R6', 'R23', 'R12', 'R3', 'R10', 'R70', 'R20', 'R13', 'R8', 'R24']"
2480709.4324705307,118.7825251833548,10.810576746739736,"['D3', 'R1', 'R14', 'R17', 'R2', 'R11', 'R5', 'R26', 'R3', 'R10', 'R12', 'R7', 'R6', 'R23', 'R70', 'R20', 'R13', 'R28', 'R24', 'R8']"
2481922.8183816806,132.24066528039887,12.421491281529661,"['D3', 'R7', 'R1', 'R5', 'R26', 'R14', 'R17', 'R2', 'R11', 'R10', 'R3', 'R12', 'R23', 'R6', 'R13', 'R28', 'R20', 'R24', 'R70', 'R8']"
