total_cost,total_distance,total_fuel_consumed,route
2215583.2980469745,61.92655331604172,5.225430981453715,"['D4', 'R18', 'R9', 'R33', 'R37', 'R16', 'R21', 'R31', 'R15', 'R32', 'R4', 'R27', 'R36', 'R22', 'R35', 'R30', 'R38', 'R34']"
2217505.7714302554,83.24946129387364,7.138808170033439,"['D4', 'R18', 'R21', 'R16', 'R31', 'R9', 'R33', 'R37', 'R38', 'R36', 'R27', 'R22', 'R35', 'R30', 'R4', 'R32', 'R15', 'R34']"
2217078.623761882,78.51179860117712,6.926752861579668,"['D4', 'R37', 'R33', 'R18', 'R16', 'R21', 'R9', 'R15', 'R4', 'R27', 'R36', 'R38', 'R22', 'R30', 'R35', 'R32', 'R31', 'R34']"
2216648.487239009,73.74098534836806,6.577178208692622,"['D4', 'R37', 'R33', 'R9', 'R21', 'R16', 'R18', 'R31', 'R32', 'R22', 'R27', 'R36', 'R38', 'R4', 'R30', 'R15', 'R35', 'R34']"
2215528.3870533523,61.317513901428356,5.249707178883992,"['D4', 'R37', 'R33', 'R16', 'R21', 'R18', 'R9', 'R31', 'R15', 'R32', 'R36', 'R4', 'R27', 'R22', 'R35', 'R30', 'R38', 'R34']"
