total_cost,total_distance,total_fuel_consumed,route
2214671.8773378585,51.81762797092618,4.534996163514901,"['D4', 'R37', 'R33', 'R9', 'R21', 'R16', 'R18', 'R31', 'R32', 'R15', 'R4', 'R36', 'R27', 'R22', 'R38', 'R35', 'R30', 'R34']"
2214606.899318767,51.0969312196859,4.445293842902565,"['D4', 'R37', 'R33', 'R9', 'R21', 'R16', 'R18', 'R31', 'R15', 'R4', 'R32', 'R27', 'R36', 'R30', 'R35', 'R38', 'R22', 'R34']"
2214474.280371221,49.62600234273272,4.3078508587845405,"['D4', 'R33', 'R37', 'R9', 'R16', 'R18', 'R21', 'R31', 'R15', 'R32', 'R4', 'R27', 'R36', 'R30', 'R35', 'R38', 'R22', 'R34']"
2215980.0236355066,66.32679276294313,5.733372546680083,"['D4', 'R37', 'R33', 'R9', 'R18', 'R16', 'R21', 'R22', 'R27', 'R36', 'R4', 'R32', 'R15', 'R31', 'R30', 'R35', 'R38', 'R34']"
2214459.922414458,49.466752600465725,4.297502196909038,"['D4', 'R37', 'R33', 'R9', 'R16', 'R18', 'R21', 'R31', 'R15', 'R32', 'R4', 'R27', 'R36', 'R30', 'R35', 'R38', 'R22', 'R34']"
