total_cost,total_distance,total_fuel_consumed,route
2216235.820991176,69.16394178323152,5.968615606579809,"['D4', 'R9', 'R37', 'R33', 'R21', 'R18', 'R16', 'R31', 'R4', 'R35', 'R36', 'R27', 'R32', 'R15', 'R22', 'R38', 'R30', 'R34']"
2215939.69328196,65.87947295874787,5.78205672377032,"['D4', 'R33', 'R37', 'R9', 'R16', 'R18', 'R21', 'R31', 'R4', 'R22', 'R27', 'R36', 'R30', 'R35', 'R32', 'R15', 'R38', 'R34']"
2215964.868725716,66.15870370137694,5.940341950679997,"['D4', 'R33', 'R37', 'R9', 'R21', 'R16', 'R18', 'R31', 'R32', 'R36', 'R27', 'R4', 'R22', 'R38', 'R30', 'R35', 'R15', 'R34']"
2215953.2883216296,66.03026088764005,5.629200734675976,"['D4', 'R9', 'R37', 'R33', 'R31', 'R16', 'R21', 'R18', 'R4', 'R32', 'R15', 'R22', 'R36', 'R27', 'R38', 'R35', 'R30', 'R34']"
2215592.978735391,62.03392563654571,5.287612516848441,"['D4', 'R9', 'R37', 'R33', 'R31', 'R16', 'R18', 'R21', 'R32', 'R15', 'R36', 'R27', 'R4', 'R22', 'R38', 'R30', 'R35', 'R34']"
