total_cost,total_distance,total_fuel_consumed,route
2216607.2629148243,73.2837501644259,6.450678358104898,"['D4', 'R33', 'R37', 'R9', 'R18', 'R16', 'R21', 'R15', 'R31', 'R36', 'R4', 'R27', 'R30', 'R38', 'R35', 'R22', 'R32', 'R34']"
2216769.2416535444,75.08032002600203,6.516324168978404,"['D4', 'R21', 'R33', 'R37', 'R9', 'R18', 'R16', 'R31', 'R4', 'R32', 'R27', 'R36', 'R38', 'R35', 'R30', 'R22', 'R15', 'R34']"
2215298.7669146894,58.770706684666045,5.09272831286611,"['D4', 'R33', 'R37', 'R9', 'R31', 'R18', 'R16', 'R21', 'R15', 'R32', 'R27', 'R36', 'R4', 'R38', 'R35', 'R30', 'R22', 'R34']"
2216675.339926041,74.03881905546992,6.289187674404488,"['D4', 'R16', 'R18', 'R21', 'R9', 'R33', 'R37', 'R15', 'R32', 'R31', 'R22', 'R36', 'R27', 'R4', 'R38', 'R35', 'R30', 'R34']"
2218123.511950397,90.10106422356914,7.9638106255651415,"['D4', 'R21', 'R16', 'R18', 'R31', 'R27', 'R36', 'R4', 'R32', 'R15', 'R22', 'R38', 'R30', 'R35', 'R33', 'R37', 'R9', 'R34']"
