total_cost,total_distance,total_fuel_consumed,route
2215387.464561979,59.754487155934655,5.163171135604195,"['D4', 'R9', 'R33', 'R37', 'R21', 'R18', 'R16', 'R31', 'R15', 'R27', 'R36', 'R32', 'R4', 'R22', 'R30', 'R38', 'R35', 'R34']"
2216570.7055208804,72.8782777382448,6.585107980750177,"['D4', 'R33', 'R37', 'R9', 'R21', 'R18', 'R16', 'R31', 'R32', 'R4', 'R36', 'R27', 'R30', 'R38', 'R22', 'R15', 'R34', 'R35']"
2216853.030896293,76.00965945311579,6.603644351008549,"['D4', 'R33', 'R37', 'R31', 'R18', 'R16', 'R21', 'R9', 'R4', 'R36', 'R27', 'R38', 'R30', 'R22', 'R32', 'R15', 'R35', 'R34']"
2214713.3175743124,52.27725792272035,4.536983188738738,"['D4', 'R9', 'R33', 'R37', 'R21', 'R18', 'R16', 'R31', 'R15', 'R32', 'R4', 'R36', 'R27', 'R22', 'R38', 'R35', 'R30', 'R34']"
2215045.9581021485,55.9667047709475,4.9791906171174185,"['D4', 'R33', 'R37', 'R9', 'R21', 'R16', 'R18', 'R31', 'R15', 'R32', 'R36', 'R27', 'R30', 'R38', 'R35', 'R22', 'R4', 'R34']"
