total_cost,total_distance,total_fuel_consumed,route
2483257.6230498822,147.0455085390639,13.744520912425351,"['D1', 'R13', 'R6', 'R7', 'R11', 'R26', 'R2', 'R17', 'R14', 'R5', 'R3', 'R10', 'R12', 'R1', 'R28', 'R20', 'R23', 'R8', 'R70', 'R24']"
2481152.886962769,123.70105326940127,11.345465852976375,"['D1', 'R13', 'R7', 'R28', 'R6', 'R1', 'R17', 'R2', 'R14', 'R11', 'R5', 'R26', 'R12', 'R3', 'R10', 'R70', 'R20', 'R23', 'R24', 'R8']"
2483551.277228583,150.30254246432037,13.80695120270186,"['D1', 'R13', 'R20', 'R28', 'R6', 'R11', 'R7', 'R5', 'R26', 'R14', 'R17', 'R2', 'R12', 'R3', 'R10', 'R1', 'R23', 'R8', 'R70', 'R24']"
2482843.895956144,142.4566987149988,13.182171710821255,"['D1', 'R13', 'R7', 'R1', 'R17', 'R2', 'R14', 'R5', 'R11', 'R26', 'R28', 'R6', 'R23', 'R3', 'R10', 'R12', 'R20', 'R24', 'R70', 'R8']"
2481957.796420207,132.62862045482316,12.249512443516103,"['D1', 'R7', 'R1', 'R2', 'R17', 'R14', 'R11', 'R5', 'R26', 'R10', 'R12', 'R3', 'R23', 'R13', 'R20', 'R6', 'R28', 'R24', 'R70', 'R8']"
