total_cost,total_distance,total_fuel_consumed,route
2479554.9450042765,105.9776508903784,9.698235123547892,"['D1', 'R13', 'R20', 'R6', 'R7', 'R1', 'R3', 'R12', 'R10', 'R11', 'R5', 'R26', 'R2', 'R14', 'R17', 'R70', 'R23', 'R28', 'R24', 'R8']"
2481242.4620603947,124.69456588725868,11.551943013566074,"['D1', 'R13', 'R28', 'R7', 'R1', 'R3', 'R12', 'R10', 'R17', 'R14', 'R2', 'R11', 'R5', 'R26', 'R23', 'R6', 'R20', 'R24', 'R8', 'R70']"
2480918.715497572,121.10376550102231,11.173340856409892,"['D1', 'R13', 'R20', 'R23', 'R12', 'R3', 'R10', 'R17', 'R14', 'R2', 'R11', 'R5', 'R26', 'R1', 'R7', 'R6', 'R28', 'R70', 'R24', 'R8']"
2480416.201429564,115.53018444503383,10.61382297023607,"['D1', 'R13', 'R7', 'R12', 'R3', 'R10', 'R17', 'R14', 'R2', 'R11', 'R26', 'R5', 'R1', 'R28', 'R6', 'R20', 'R23', 'R70', 'R8', 'R24']"
2480587.9860118134,117.43551477166528,10.812498945520305,"['D1', 'R13', 'R6', 'R7', 'R1', 'R28', 'R26', 'R11', 'R5', 'R2', 'R14', 'R17', 'R10', 'R3', 'R12', 'R70', 'R23', 'R20', 'R8', 'R24']"
