total_cost,total_distance,total_fuel_consumed,route
2483058.0262539163,144.83170201770457,13.443829630807876,"['D2', 'R17', 'R14', 'R2', 'R11', 'R26', 'R5', 'R1', 'R7', 'R6', 'R13', 'R3', 'R12', 'R23', 'R10', 'R28', 'R20', 'R24', 'R70', 'R8']"
2482959.083425102,143.73428821097758,13.329591265563618,"['D2', 'R2', 'R17', 'R14', 'R5', 'R11', 'R26', 'R3', 'R10', 'R12', 'R7', 'R28', 'R1', 'R6', 'R13', 'R23', 'R20', 'R24', 'R70', 'R8']"
2483644.4220910002,151.33564874667422,13.909853240559137,"['D2', 'R1', 'R5', 'R26', 'R11', 'R14', 'R17', 'R2', 'R10', 'R3', 'R12', 'R20', 'R13', 'R28', 'R7', 'R6', 'R23', 'R24', 'R70', 'R8']"
2481824.690201665,131.15228706372224,11.82155766432272,"['D2', 'R5', 'R11', 'R17', 'R14', 'R2', 'R26', 'R70', 'R3', 'R10', 'R12', 'R7', 'R1', 'R6', 'R13', 'R20', 'R28', 'R23', 'R8', 'R24']"
2482129.0716545857,134.52830140401272,12.221361728617214,"['D2', 'R11', 'R2', 'R14', 'R17', 'R5', 'R1', 'R28', 'R7', 'R6', 'R20', 'R13', 'R12', 'R3', 'R10', 'R26', 'R23', 'R70', 'R8', 'R24']"
