total_cost,total_distance,total_fuel_consumed,route
2480394.0720876637,115.28473921543912,10.568503188504415,"['D2', 'R11', 'R26', 'R17', 'R14', 'R2', 'R12', 'R3', 'R10', 'R1', 'R7', 'R28', 'R6', 'R13', 'R20', 'R23', 'R70', 'R5', 'R24', 'R8']"
2482997.9913398013,144.16583118679483,12.735647578341304,"['D2', 'R8', 'R12', 'R3', 'R10', 'R14', 'R17', 'R2', 'R5', 'R26', 'R11', 'R1', 'R7', 'R6', 'R13', 'R20', 'R28', 'R23', 'R24', 'R70']"
2480994.3360633724,121.94250292116811,11.149695607940197,"['D2', 'R5', 'R26', 'R17', 'R14', 'R2', 'R3', 'R12', 'R11', 'R1', 'R7', 'R28', 'R13', 'R20', 'R6', 'R23', 'R10', 'R70', 'R24', 'R8']"
2481381.2688260116,126.23412628673154,11.583167188749659,"['D2', 'R17', 'R14', 'R2', 'R11', 'R5', 'R26', 'R7', 'R1', 'R6', 'R13', 'R28', 'R12', 'R3', 'R10', 'R23', 'R20', 'R24', 'R8', 'R70']"
2481155.2719553793,123.72750615993338,11.222281887606304,"['D2', 'R11', 'R17', 'R14', 'R2', 'R26', 'R5', 'R7', 'R1', 'R13', 'R28', 'R6', 'R20', 'R3', 'R12', 'R10', 'R70', 'R23', 'R24', 'R8']"
