total_cost,total_distance,total_fuel_consumed,route
2481713.3529494046,129.91740183457148,11.784662625503652,"['D2', 'R11', 'R14', 'R17', 'R2', 'R26', 'R5', 'R13', 'R6', 'R7', 'R1', 'R28', 'R3', 'R12', 'R10', 'R20', 'R23', 'R70', 'R8', 'R24']"
2482603.4055227665,139.78932478667153,12.956476800855633,"['D2', 'R14', 'R17', 'R2', 'R11', 'R26', 'R5', 'R28', 'R13', 'R6', 'R1', 'R7', 'R10', 'R3', 'R12', 'R23', 'R20', 'R8', 'R24', 'R70']"
2482191.8962070746,135.22511321067375,12.345704782419814,"['D2', 'R26', 'R11', 'R17', 'R14', 'R2', 'R5', 'R7', 'R1', 'R3', 'R12', 'R10', 'R70', 'R13', 'R6', 'R28', 'R23', 'R20', 'R8', 'R24']"
2480091.1720175687,111.92515547436813,10.127609183438206,"['D2', 'R14', 'R17', 'R2', 'R26', 'R5', 'R11', 'R1', 'R7', 'R6', 'R12', 'R3', 'R10', 'R70', 'R23', 'R13', 'R20', 'R28', 'R24', 'R8']"
2480316.405121036,114.42330435931783,10.563850617087716,"['D2', 'R26', 'R5', 'R11', 'R2', 'R17', 'R14', 'R3', 'R12', 'R10', 'R1', 'R7', 'R28', 'R6', 'R20', 'R13', 'R23', 'R70', 'R8', 'R24']"
