total_cost,total_distance,total_fuel_consumed,route
2216687.061184993,74.16882414588846,6.434070797851816,"['D6', 'R36', 'R27', 'R22', 'R4', 'R30', 'R38', 'R35', 'R18', 'R16', 'R9', 'R33', 'R37', 'R21', 'R31', 'R15', 'R32', 'R34']"
2216491.313964907,71.99771478379773,6.339121895855628,"['D6', 'R38', 'R22', 'R35', 'R30', 'R27', 'R36', 'R15', 'R32', 'R4', 'R31', 'R18', 'R21', 'R16', 'R33', 'R37', 'R9', 'R34']"
2215976.0879609627,66.28314064954235,5.803272326589737,"['D6', 'R35', 'R30', 'R27', 'R36', 'R4', 'R15', 'R32', 'R16', 'R18', 'R31', 'R21', 'R9', 'R33', 'R37', 'R22', 'R38', 'R34']"
2216007.8619127856,66.63555803888507,5.8838649538943475,"['D6', 'R35', 'R30', 'R38', 'R27', 'R36', 'R4', 'R22', 'R15', 'R32', 'R31', 'R16', 'R18', 'R21', 'R9', 'R33', 'R37', 'R34']"
2216725.1508776937,74.59129189988346,6.5967997362898245,"['D6', 'R36', 'R27', 'R4', 'R22', 'R30', 'R38', 'R35', 'R32', 'R15', 'R18', 'R16', 'R21', 'R31', 'R37', 'R33', 'R9', 'R34']"
