total_cost,total_distance,total_fuel_consumed,route
2216237.644680996,69.18416904388178,6.097900122843095,"['D6', 'R27', 'R4', 'R36', 'R30', 'R35', 'R22', 'R38', 'R32', 'R15', 'R31', 'R16', 'R18', 'R21', 'R37', 'R33', 'R9', 'R34']"
2216171.1250327597,68.4463734778144,6.110804820583252,"['D6', 'R35', 'R38', 'R36', 'R27', 'R22', 'R4', 'R32', 'R15', 'R31', 'R16', 'R18', 'R21', 'R33', 'R37', 'R9', 'R30', 'R34']"
2217095.797399103,78.70227816218934,6.8574939220179045,"['D6', 'R27', 'R35', 'R38', 'R36', 'R30', 'R4', 'R32', 'R15', 'R22', 'R31', 'R21', 'R18', 'R16', 'R9', 'R37', 'R33', 'R34']"
2216825.4152290467,75.70336323255502,6.693082317269393,"['D6', 'R27', 'R36', 'R30', 'R38', 'R4', 'R22', 'R32', 'R15', 'R16', 'R18', 'R31', 'R21', 'R37', 'R33', 'R9', 'R35', 'R34']"
2216950.3733145967,77.08932247778645,6.825453760936142,"['D6', 'R27', 'R36', 'R30', 'R35', 'R38', 'R4', 'R22', 'R32', 'R16', 'R18', 'R31', 'R15', 'R37', 'R33', 'R9', 'R21', 'R34']"
