total_cost,total_distance,total_fuel_consumed,route
2216192.431557267,68.68269251626946,5.931375903956076,"['D6', 'R27', 'R36', 'R4', 'R32', 'R15', 'R31', 'R16', 'R18', 'R21', 'R9', 'R33', 'R37', 'R34', 'R22', 'R38', 'R35', 'R30']"
2215778.4683838203,64.09126423935221,5.717619879065623,"['D6', 'R30', 'R36', 'R27', 'R4', 'R32', 'R15', 'R31', 'R18', 'R16', 'R21', 'R9', 'R33', 'R37', 'R38', 'R22', 'R35', 'R34']"
2215160.346016176,57.23542608890837,5.162360465786291,"['D6', 'R30', 'R35', 'R38', 'R22', 'R27', 'R36', 'R4', 'R32', 'R15', 'R31', 'R16', 'R18', 'R21', 'R9', 'R37', 'R33', 'R34']"
2215452.699829182,60.47803714709647,5.416603686790363,"['D6', 'R30', 'R35', 'R38', 'R27', 'R36', 'R4', 'R32', 'R15', 'R31', 'R16', 'R21', 'R18', 'R37', 'R33', 'R9', 'R22', 'R34']"
2215467.6556694284,60.643918250097265,5.444512970106279,"['D6', 'R30', 'R35', 'R38', 'R22', 'R4', 'R27', 'R36', 'R32', 'R15', 'R31', 'R16', 'R18', 'R21', 'R33', 'R37', 'R9', 'R34']"
