total_cost,total_distance,total_fuel_consumed,route
2481089.800892383,123.00134086494103,11.569796814550857,"['D1', 'R13', 'R6', 'R7', 'R1', 'R5', 'R26', 'R11', 'R17', 'R14', 'R2', 'R12', 'R3', 'R10', 'R23', 'R28', 'R20', 'R70', 'R24', 'R8']"
2479652.189973653,107.0562330706898,9.799671868431703,"['D1', 'R13', 'R6', 'R7', 'R1', 'R14', 'R17', 'R2', 'R11', 'R26', 'R5', 'R28', 'R20', 'R23', 'R10', 'R3', 'R12', 'R70', 'R8', 'R24']"
2480518.1479274263,116.66091312584572,10.499263298731831,"['D1', 'R13', 'R20', 'R6', 'R23', 'R28', 'R7', 'R1', 'R26', 'R11', 'R5', 'R17', 'R14', 'R2', 'R10', 'R3', 'R12', 'R70', 'R24', 'R8']"
2480709.848451727,118.78713899431267,10.919967486454123,"['D1', 'R13', 'R1', 'R7', 'R6', 'R28', 'R26', 'R5', 'R11', 'R17', 'R14', 'R2', 'R12', 'R3', 'R10', 'R23', 'R20', 'R24', 'R8', 'R70']"
2481332.302542715,125.69102199107454,11.613293334141158,"['D1', 'R13', 'R28', 'R7', 'R1', 'R6', 'R10', 'R3', 'R12', 'R14', 'R17', 'R2', 'R5', 'R26', 'R11', 'R23', 'R20', 'R24', 'R8', 'R70']"
