total_cost,total_distance,total_fuel_consumed,route
2482683.0244651833,140.6724097735528,12.986731344442756,"['D1', 'R6', 'R13', 'R20', 'R7', 'R1', 'R28', 'R11', 'R14', 'R17', 'R2', 'R26', 'R5', 'R12', 'R3', 'R10', 'R23', 'R8', 'R70', 'R24']"
2481870.99220212,131.66584075110552,11.987266140952771,"['D1', 'R6', 'R1', 'R7', 'R13', 'R28', 'R3', 'R12', 'R10', 'R11', 'R14', 'R17', 'R2', 'R5', 'R26', 'R70', 'R23', 'R20', 'R8', 'R24']"
2481692.2228483493,129.6830395779653,11.93836743643143,"['D1', 'R13', 'R28', 'R6', 'R3', 'R12', 'R14', 'R17', 'R2', 'R11', 'R26', 'R5', 'R10', 'R7', 'R1', 'R20', 'R23', 'R70', 'R24', 'R8']"
2481024.6784962215,122.27904277086859,11.284478927771149,"['D1', 'R6', 'R7', 'R26', 'R2', 'R17', 'R14', 'R11', 'R5', 'R3', 'R12', 'R10', 'R1', 'R28', 'R13', 'R20', 'R23', 'R70', 'R24', 'R8']"
2482115.7042381098,134.3800381334341,12.287396714785084,"['D1', 'R6', 'R5', 'R11', 'R2', 'R17', 'R14', 'R26', 'R1', 'R7', 'R13', 'R10', 'R3', 'R12', 'R23', 'R20', 'R28', 'R70', 'R8', 'R24']"
