total_cost,total_distance,total_fuel_consumed,route
2479528.490706797,105.68423587840898,9.68074552862933,"['D1', 'R20', 'R13', 'R6', 'R7', 'R28', 'R1', 'R26', 'R11', 'R5', 'R14', 'R17', 'R2', 'R3', 'R12', 'R10', 'R23', 'R70', 'R8', 'R24']"
2480264.794979253,113.85087598994497,10.454556791883478,"['D1', 'R20', 'R13', 'R28', 'R7', 'R6', 'R1', 'R10', 'R3', 'R12', 'R2', 'R17', 'R14', 'R11', 'R5', 'R26', 'R23', 'R70', 'R8', 'R24']"
2481789.5454658377,130.7624829840025,12.107666337185757,"['D1', 'R6', 'R13', 'R28', 'R7', 'R1', 'R11', 'R14', 'R17', 'R2', 'R26', 'R5', 'R23', 'R10', 'R12', 'R3', 'R20', 'R70', 'R24', 'R8']"
2478977.6370695,99.57450165816743,8.981764970675648,"['D1', 'R20', 'R6', 'R13', 'R7', 'R1', 'R5', 'R26', 'R11', 'R14', 'R17', 'R2', 'R70', 'R12', 'R3', 'R10', 'R23', 'R28', 'R24', 'R8']"
2480652.8224229207,118.15464089309123,10.68555894804403,"['D1', 'R6', 'R13', 'R20', 'R5', 'R26', 'R11', 'R2', 'R17', 'R14', 'R7', 'R1', 'R10', 'R12', 'R3', 'R23', 'R70', 'R28', 'R24', 'R8']"
