total_cost,total_distance,total_fuel_consumed,route
2216194.966123055,68.71080438171063,6.152348113314861,"['D6', 'R30', 'R35', 'R38', 'R36', 'R27', 'R4', 'R22', 'R15', 'R31', 'R16', 'R21', 'R18', 'R9', 'R37', 'R33', 'R32', 'R34']"
2215669.1697104485,62.87898968998141,5.595890996722396,"['D6', 'R30', 'R27', 'R36', 'R22', 'R38', 'R35', 'R4', 'R32', 'R15', 'R31', 'R16', 'R18', 'R21', 'R9', 'R33', 'R37', 'R34']"
2215318.7578440015,58.99243393967889,5.294789931807765,"['D6', 'R30', 'R35', 'R38', 'R36', 'R27', 'R22', 'R4', 'R32', 'R15', 'R31', 'R16', 'R18', 'R21', 'R9', 'R33', 'R37', 'R34']"
2216049.12260823,67.0931966307647,5.949123019965401,"['D6', 'R30', 'R27', 'R36', 'R4', 'R32', 'R15', 'R16', 'R18', 'R31', 'R21', 'R9', 'R33', 'R37', 'R38', 'R35', 'R22', 'R34']"
2216293.5272340677,69.80398440625228,6.039994300234855,"['D6', 'R27', 'R36', 'R4', 'R32', 'R15', 'R31', 'R16', 'R18', 'R21', 'R9', 'R33', 'R37', 'R34', 'R35', 'R30', 'R38', 'R22']"
