total_cost,total_distance,total_fuel_consumed,route
2216142.375438166,68.12750042331454,6.072518930351084,"['D6', 'R36', 'R27', 'R4', 'R22', 'R38', 'R35', 'R30', 'R32', 'R15', 'R18', 'R16', 'R21', 'R31', 'R9', 'R33', 'R37', 'R34']"
2215607.1286591296,62.190868002769164,5.558852990977997,"['D6', 'R27', 'R36', 'R30', 'R35', 'R38', 'R22', 'R4', 'R15', 'R32', 'R31', 'R18', 'R16', 'R21', 'R9', 'R37', 'R33', 'R34']"
2216247.371435721,69.2920523039179,6.013070783270764,"['D6', 'R36', 'R27', 'R38', 'R4', 'R31', 'R18', 'R16', 'R21', 'R37', 'R33', 'R9', 'R15', 'R32', 'R35', 'R30', 'R22', 'R34']"
2216316.163217485,70.05504899606387,6.178751495126517,"['D6', 'R35', 'R30', 'R36', 'R27', 'R22', 'R4', 'R15', 'R18', 'R16', 'R21', 'R31', 'R9', 'R37', 'R33', 'R32', 'R38', 'R34']"
2216610.5241770577,73.31992210579021,6.451986432120588,"['D6', 'R36', 'R27', 'R4', 'R15', 'R32', 'R38', 'R35', 'R30', 'R22', 'R31', 'R18', 'R16', 'R21', 'R37', 'R33', 'R9', 'R34']"
