total_cost,total_distance,total_fuel_consumed,route
2216485.1674769623,71.92954166995062,6.3458337689407145,"['D6', 'R27', 'R36', 'R4', 'R30', 'R38', 'R35', 'R22', 'R32', 'R15', 'R16', 'R18', 'R31', 'R21', 'R37', 'R33', 'R9', 'R34']"
2217962.534389904,88.31559882324376,7.661209827533996,"['D6', 'R27', 'R35', 'R38', 'R32', 'R4', 'R36', 'R22', 'R30', 'R18', 'R16', 'R21', 'R15', 'R31', 'R9', 'R33', 'R37', 'R34']"
2217244.197815483,80.34824551334134,7.008821369904631,"['D6', 'R36', 'R35', 'R38', 'R4', 'R27', 'R30', 'R22', 'R32', 'R16', 'R18', 'R31', 'R15', 'R21', 'R9', 'R33', 'R37', 'R34']"
2218429.6464424054,93.49652220946716,8.21406098412048,"['D6', 'R36', 'R27', 'R30', 'R18', 'R16', 'R31', 'R21', 'R15', 'R4', 'R22', 'R35', 'R38', 'R32', 'R33', 'R37', 'R9', 'R34']"
2217430.9582709954,82.41967913703657,7.216015004851075,"['D6', 'R36', 'R32', 'R4', 'R27', 'R22', 'R38', 'R35', 'R30', 'R33', 'R37', 'R9', 'R16', 'R18', 'R31', 'R15', 'R21', 'R34']"
