total_cost,total_distance,total_fuel_consumed,route
2216495.380786058,72.04282149576481,6.338146740787776,"['D5', 'R4', 'R22', 'R27', 'R36', 'R38', 'R30', 'R35', 'R32', 'R31', 'R18', 'R16', 'R21', 'R37', 'R33', 'R9', 'R15', 'R34']"
2216667.4070266956,73.95083215056783,6.471351220684083,"['D5', 'R4', 'R22', 'R36', 'R27', 'R38', 'R35', 'R32', 'R31', 'R16', 'R18', 'R21', 'R33', 'R37', 'R9', 'R15', 'R30', 'R34']"
2216616.264708488,73.38359259635686,6.469722758440049,"['D5', 'R22', 'R27', 'R36', 'R38', 'R35', 'R30', 'R4', 'R18', 'R16', 'R21', 'R31', 'R9', 'R37', 'R33', 'R15', 'R32', 'R34']"
2217454.9137523915,82.68537879759792,7.280415341025739,"['D5', 'R22', 'R27', 'R38', 'R36', 'R35', 'R30', 'R4', 'R31', 'R16', 'R18', 'R21', 'R15', 'R32', 'R9', 'R37', 'R33', 'R34']"
2217619.146650134,84.50695042296054,7.354118458920736,"['D5', 'R15', 'R4', 'R30', 'R38', 'R36', 'R27', 'R22', 'R32', 'R16', 'R18', 'R21', 'R31', 'R33', 'R37', 'R9', 'R35', 'R34']"
