total_cost,total_distance,total_fuel_consumed,route
2216325.986200378,70.16399956053596,6.144153766445768,"['D5', 'R22', 'R27', 'R36', 'R4', 'R32', 'R15', 'R31', 'R18', 'R16', 'R21', 'R9', 'R33', 'R37', 'R34', 'R35', 'R38', 'R30']"
2215749.742960394,63.77265927677054,5.696532926282367,"['D5', 'R22', 'R38', 'R35', 'R30', 'R36', 'R27', 'R32', 'R15', 'R31', 'R18', 'R16', 'R21', 'R33', 'R37', 'R9', 'R4', 'R34']"
2215406.4541802085,59.96510847613769,5.061375160859903,"['D5', 'R4', 'R32', 'R15', 'R37', 'R33', 'R9', 'R21', 'R16', 'R18', 'R31', 'R22', 'R27', 'R36', 'R30', 'R35', 'R38', 'R34']"
2216581.473735502,72.99771223937475,6.396405186618068,"['D5', 'R4', 'R27', 'R36', 'R15', 'R32', 'R22', 'R38', 'R35', 'R30', 'R31', 'R18', 'R16', 'R21', 'R9', 'R37', 'R33', 'R34']"
2215718.7932829047,63.42938423807546,5.635683562574846,"['D5', 'R4', 'R27', 'R36', 'R22', 'R38', 'R35', 'R30', 'R32', 'R15', 'R31', 'R16', 'R18', 'R21', 'R9', 'R37', 'R33', 'R34']"
