total_cost,total_distance,total_fuel_consumed,route
2217437.7523463736,82.495034897666,7.3140911855302715,"['D5', 'R36', 'R27', 'R4', 'R15', 'R18', 'R21', 'R16', 'R31', 'R32', 'R30', 'R35', 'R38', 'R22', 'R9', 'R33', 'R37', 'R34']"
2216732.865758148,74.67686067155867,6.5354181528339215,"['D5', 'R27', 'R4', 'R38', 'R22', 'R30', 'R36', 'R32', 'R15', 'R31', 'R18', 'R16', 'R21', 'R9', 'R37', 'R33', 'R35', 'R34']"
2218832.0885570426,97.9601658944382,8.411811421428611,"['D5', 'R38', 'R27', 'R4', 'R15', 'R36', 'R32', 'R22', 'R30', 'R35', 'R33', 'R37', 'R21', 'R18', 'R16', 'R31', 'R9', 'R34']"
2217192.8570774933,79.77880520733616,6.875933912497138,"['D5', 'R27', 'R15', 'R4', 'R36', 'R22', 'R38', 'R30', 'R35', 'R32', 'R16', 'R18', 'R21', 'R33', 'R37', 'R9', 'R31', 'R34']"
2217615.5626121187,84.46719844852242,7.425470089108905,"['D5', 'R27', 'R36', 'R4', 'R32', 'R18', 'R21', 'R16', 'R9', 'R37', 'R33', 'R22', 'R38', 'R30', 'R35', 'R15', 'R31', 'R34']"
