total_cost,total_distance,total_fuel_consumed,route
2216453.6199023635,71.57963511938185,6.323183889208208,"['D5', 'R4', 'R36', 'R27', 'R38', 'R22', 'R35', 'R30', 'R32', 'R15', 'R18', 'R16', 'R31', 'R37', 'R33', 'R9', 'R21', 'R34']"
2216804.8582854713,75.47535809085747,6.5640150231740035,"['D5', 'R27', 'R36', 'R4', 'R38', 'R22', 'R35', 'R30', 'R31', 'R16', 'R18', 'R21', 'R37', 'R33', 'R9', 'R15', 'R32', 'R34']"
2217175.39254022,79.58509915949747,7.0162229421702325,"['D5', 'R36', 'R27', 'R22', 'R30', 'R35', 'R38', 'R4', 'R21', 'R16', 'R18', 'R31', 'R15', 'R32', 'R9', 'R33', 'R37', 'R34']"
2216094.5114171486,67.59662175187162,5.982322173293921,"['D5', 'R22', 'R4', 'R36', 'R27', 'R30', 'R35', 'R38', 'R32', 'R15', 'R16', 'R18', 'R31', 'R21', 'R9', 'R33', 'R37', 'R34']"
2217625.671283294,84.57931769403649,7.033671304973106,"['D5', 'R27', 'R36', 'R32', 'R4', 'R22', 'R35', 'R38', 'R30', 'R34', 'R16', 'R21', 'R18', 'R31', 'R15', 'R33', 'R37', 'R9']"
