total_cost,total_distance,total_fuel_consumed,route
2217023.401395202,77.89930562557842,6.82323309741402,"['D5', 'R32', 'R4', 'R27', 'R36', 'R38', 'R22', 'R35', 'R30', 'R15', 'R21', 'R18', 'R16', 'R31', 'R33', 'R37', 'R9', 'R34']"
2216537.116094959,72.50572421205943,6.413689968202837,"['D5', 'R32', 'R4', 'R27', 'R36', 'R30', 'R35', 'R38', 'R22', 'R15', 'R16', 'R18', 'R21', 'R31', 'R33', 'R37', 'R9', 'R34']"
2218153.735968708,90.43629069108496,8.020524709018986,"['D5', 'R38', 'R22', 'R36', 'R27', 'R4', 'R32', 'R18', 'R16', 'R21', 'R31', 'R15', 'R35', 'R30', 'R9', 'R33', 'R37', 'R34']"
2217010.7133439016,77.75857746119475,6.819738855844031,"['D5', 'R32', 'R36', 'R30', 'R38', 'R27', 'R22', 'R4', 'R15', 'R18', 'R16', 'R31', 'R21', 'R9', 'R33', 'R37', 'R35', 'R34']"
2216596.0276349983,73.15913525952115,6.515894496800853,"['D5', 'R22', 'R38', 'R35', 'R27', 'R36', 'R4', 'R32', 'R15', 'R21', 'R18', 'R16', 'R31', 'R37', 'R33', 'R9', 'R30', 'R34']"
