total_cost,total_distance,total_fuel_consumed,route
2481116.6026542033,123.29860974049738,11.121887109999875,"['D3', 'R1', 'R7', 'R28', 'R6', 'R13', 'R23', 'R20', 'R12', 'R3', 'R10', 'R5', 'R26', 'R11', 'R17', 'R14', 'R2', 'R70', 'R24', 'R8']"
2481337.147491779,125.74475922558912,11.623230197920188,"['D3', 'R7', 'R1', 'R3', 'R12', 'R14', 'R17', 'R2', 'R26', 'R5', 'R11', 'R23', 'R10', 'R28', 'R6', 'R13', 'R20', 'R70', 'R8', 'R24']"
2479613.0957494276,106.62262366268081,9.747869124783229,"['D3', 'R1', 'R7', 'R6', 'R13', 'R28', 'R11', 'R26', 'R5', 'R2', 'R17', 'R14', 'R12', 'R3', 'R10', 'R70', 'R23', 'R20', 'R24', 'R8']"
2480017.2408775385,111.10515613951455,10.127126044383704,"['D3', 'R1', 'R7', 'R28', 'R6', 'R13', 'R20', 'R2', 'R17', 'R14', 'R26', 'R5', 'R11', 'R12', 'R3', 'R10', 'R23', 'R70', 'R8', 'R24']"
2479483.6301501864,105.18666981129307,9.633868504560503,"['D3', 'R1', 'R7', 'R6', 'R13', 'R28', 'R11', 'R5', 'R26', 'R14', 'R17', 'R2', 'R12', 'R3', 'R10', 'R70', 'R23', 'R20', 'R24', 'R8']"
