total_cost,total_distance,total_fuel_consumed,route
2480780.9234028766,119.57545921558308,10.874424071136735,"['D3', 'R7', 'R13', 'R6', 'R1', 'R17', 'R14', 'R2', 'R11', 'R5', 'R26', 'R10', 'R12', 'R3', 'R23', 'R70', 'R20', 'R28', 'R24', 'R8']"
2480619.471696065,117.78473487206256,10.82416747868846,"['D3', 'R1', 'R7', 'R6', 'R20', 'R13', 'R28', 'R17', 'R14', 'R2', 'R11', 'R26', 'R5', 'R10', 'R3', 'R12', 'R23', 'R70', 'R24', 'R8']"
2482821.743731227,142.21099968086526,12.806033782878806,"['D3', 'R5', 'R1', 'R7', 'R10', 'R12', 'R3', 'R14', 'R17', 'R2', 'R11', 'R26', 'R8', 'R23', 'R6', 'R20', 'R13', 'R28', 'R24', 'R70']"
2481776.758061637,130.6206528575575,12.19736966206612,"['D3', 'R11', 'R26', 'R5', 'R17', 'R14', 'R2', 'R3', 'R12', 'R10', 'R1', 'R7', 'R6', 'R20', 'R13', 'R28', 'R24', 'R70', 'R23', 'R8']"
2481562.9113639193,128.2487950745298,11.742562581940735,"['D3', 'R7', 'R1', 'R28', 'R13', 'R5', 'R11', 'R17', 'R14', 'R2', 'R26', 'R10', 'R12', 'R3', 'R23', 'R6', 'R20', 'R70', 'R8', 'R24']"
