total_cost,total_distance,total_fuel_consumed,route
2481406.471886379,126.51366333606035,11.652320718184344,"['D3', 'R28', 'R7', 'R1', 'R5', 'R11', 'R14', 'R17', 'R2', 'R26', 'R6', 'R3', 'R12', 'R10', 'R23', 'R13', 'R20', 'R70', 'R8', 'R24']"
2481673.816609845,129.47888875161212,12.037116084195011,"['D3', 'R1', 'R7', 'R10', 'R3', 'R12', 'R17', 'R14', 'R2', 'R11', 'R5', 'R26', 'R20', 'R13', 'R6', 'R28', 'R70', 'R23', 'R8', 'R24']"
2480902.3494110615,120.9222428023732,11.120665203470997,"['D3', 'R5', 'R14', 'R17', 'R2', 'R11', 'R26', 'R12', 'R10', 'R3', 'R6', 'R7', 'R28', 'R1', 'R13', 'R20', 'R23', 'R70', 'R8', 'R24']"
2480509.941841813,116.56989620466854,10.878116426212566,"['D3', 'R5', 'R26', 'R11', 'R2', 'R17', 'R14', 'R3', 'R12', 'R10', 'R7', 'R28', 'R1', 'R6', 'R13', 'R20', 'R23', 'R70', 'R24', 'R8']"
2480650.0965182963,118.12440681340047,10.668040180292035,"['D3', 'R1', 'R13', 'R6', 'R7', 'R11', 'R26', 'R2', 'R17', 'R14', 'R5', 'R28', 'R12', 'R3', 'R10', 'R70', 'R23', 'R20', 'R24', 'R8']"
