total_cost,total_distance,total_fuel_consumed,route
2482779.310293689,141.7403537454385,13.249593136669311,"['D3', 'R28', 'R7', 'R1', 'R26', 'R2', 'R14', 'R17', 'R5', 'R11', 'R3', 'R12', 'R10', 'R6', 'R20', 'R13', 'R23', 'R24', 'R70', 'R8']"
2482750.9310767804,141.425588695432,13.17917497042642,"['D3', 'R1', 'R7', 'R13', 'R6', 'R28', 'R5', 'R2', 'R17', 'R14', 'R11', 'R26', 'R3', 'R12', 'R10', 'R23', 'R20', 'R8', 'R70', 'R24']"
2482121.5525378883,134.444903925114,12.473027121882172,"['D3', 'R14', 'R17', 'R2', 'R5', 'R26', 'R11', 'R10', 'R12', 'R3', 'R1', 'R7', 'R6', 'R28', 'R13', 'R23', 'R70', 'R20', 'R8', 'R24']"
2481183.9580860753,124.0456753113971,11.405584383512098,"['D3', 'R28', 'R7', 'R5', 'R11', 'R2', 'R14', 'R17', 'R26', 'R3', 'R12', 'R10', 'R6', 'R1', 'R20', 'R13', 'R23', 'R70', 'R8', 'R24']"
2483493.246972929,149.65890608839138,13.973632496194533,"['D3', 'R28', 'R7', 'R1', 'R12', 'R3', 'R17', 'R2', 'R14', 'R11', 'R26', 'R5', 'R6', 'R13', 'R10', 'R23', 'R20', 'R8', 'R70', 'R24']"
