total_cost,total_distance,total_fuel_consumed,route
2480103.3740841104,112.06049339075832,10.434431051128808,"['D3', 'R7', 'R1', 'R11', 'R26', 'R5', 'R17', 'R14', 'R2', 'R3', 'R12', 'R10', 'R23', 'R6', 'R13', 'R20', 'R28', 'R24', 'R8', 'R70']"
2481312.9340630258,125.47619856949615,11.526701578474917,"['D3', 'R7', 'R1', 'R14', 'R17', 'R2', 'R5', 'R11', 'R26', 'R23', 'R10', 'R12', 'R3', 'R6', 'R28', 'R13', 'R20', 'R24', 'R8', 'R70']"
2479949.38187342,110.35250525088912,10.337298780021868,"['D3', 'R7', 'R1', 'R5', 'R26', 'R11', 'R14', 'R17', 'R2', 'R12', 'R3', 'R10', 'R23', 'R20', 'R13', 'R6', 'R28', 'R70', 'R8', 'R24']"
2480608.825502372,117.66665375302006,10.837934282071696,"['D3', 'R7', 'R1', 'R6', 'R13', 'R5', 'R26', 'R11', 'R17', 'R14', 'R2', 'R3', 'R12', 'R10', 'R23', 'R20', 'R28', 'R24', 'R8', 'R70']"
2480785.3594590784,119.62466125863622,11.224516075491021,"['D3', 'R7', 'R1', 'R5', 'R26', 'R11', 'R17', 'R14', 'R2', 'R12', 'R3', 'R10', 'R23', 'R28', 'R13', 'R20', 'R6', 'R70', 'R24', 'R8']"
