total_cost,total_distance,total_fuel_consumed,route
2216934.0904077627,76.9087223576174,6.6707892443434895,"['D5', 'R15', 'R4', 'R22', 'R30', 'R36', 'R27', 'R35', 'R38', 'R32', 'R31', 'R21', 'R18', 'R16', 'R9', 'R37', 'R33', 'R34']"
2217664.277863872,85.0075184546547,7.408404165643027,"['D5', 'R36', 'R27', 'R30', 'R4', 'R32', 'R38', 'R22', 'R15', 'R21', 'R16', 'R18', 'R31', 'R9', 'R33', 'R37', 'R35', 'R34']"
2217219.4546982753,80.07380987439385,7.0273679192722245,"['D5', 'R4', 'R22', 'R27', 'R30', 'R36', 'R38', 'R32', 'R15', 'R16', 'R21', 'R18', 'R31', 'R33', 'R37', 'R9', 'R35', 'R34']"
2217572.849149595,83.9934466459111,7.2557990815460895,"['D5', 'R38', 'R36', 'R27', 'R30', 'R4', 'R22', 'R35', 'R32', 'R31', 'R15', 'R21', 'R16', 'R18', 'R9', 'R37', 'R33', 'R34']"
2216556.1153293974,72.71645218941327,6.451653450669962,"['D5', 'R22', 'R36', 'R27', 'R38', 'R35', 'R30', 'R4', 'R15', 'R32', 'R18', 'R16', 'R21', 'R31', 'R33', 'R37', 'R9', 'R34']"
