total_cost,total_distance,total_fuel_consumed,route
2216182.1060524867,68.56816828401669,6.023249684850997,"['D5', 'R22', 'R27', 'R36', 'R4', 'R32', 'R15', 'R18', 'R16', 'R21', 'R31', 'R9', 'R33', 'R37', 'R38', 'R30', 'R35', 'R34']"
2216803.7511573127,75.46307849726,6.738376520481516,"['D5', 'R4', 'R36', 'R27', 'R38', 'R35', 'R30', 'R15', 'R31', 'R16', 'R18', 'R21', 'R9', 'R33', 'R37', 'R22', 'R32', 'R34']"
2215668.183589378,62.86805223356582,5.44653400985971,"['D5', 'R4', 'R32', 'R15', 'R31', 'R16', 'R18', 'R21', 'R9', 'R33', 'R37', 'R27', 'R36', 'R22', 'R38', 'R35', 'R30', 'R34']"
2215990.043765612,66.43792996463745,5.848395159227517,"['D5', 'R4', 'R36', 'R27', 'R38', 'R30', 'R35', 'R32', 'R15', 'R31', 'R18', 'R16', 'R21', 'R9', 'R37', 'R33', 'R22', 'R34']"
2215994.8192142234,66.490896342318,5.819897459726065,"['D5', 'R4', 'R36', 'R27', 'R32', 'R15', 'R31', 'R16', 'R18', 'R21', 'R37', 'R33', 'R9', 'R38', 'R35', 'R30', 'R22', 'R34']"
