total_cost,total_distance,total_fuel_consumed,route
2216454.4531587083,71.58887709304287,6.295199163544119,"['D5', 'R22', 'R27', 'R36', 'R32', 'R4', 'R30', 'R35', 'R38', 'R15', 'R31', 'R16', 'R18', 'R21', 'R33', 'R37', 'R9', 'R34']"
2216993.5564158973,77.56828322868081,6.777936170021272,"['D5', 'R27', 'R36', 'R4', 'R15', 'R32', 'R22', 'R35', 'R38', 'R30', 'R31', 'R16', 'R18', 'R21', 'R33', 'R37', 'R9', 'R34']"
2216475.7632346954,71.82523552234834,6.274823874972851,"['D5', 'R22', 'R36', 'R27', 'R4', 'R32', 'R15', 'R31', 'R18', 'R16', 'R21', 'R33', 'R37', 'R9', 'R34', 'R38', 'R30', 'R35']"
2216404.3138498766,71.03276231007816,6.216062302102323,"['D5', 'R22', 'R38', 'R4', 'R27', 'R36', 'R30', 'R35', 'R15', 'R32', 'R31', 'R18', 'R16', 'R21', 'R9', 'R33', 'R37', 'R34']"
2216592.819952824,73.12355759565571,6.326099248843613,"['D5', 'R27', 'R36', 'R4', 'R15', 'R32', 'R18', 'R16', 'R31', 'R21', 'R33', 'R37', 'R9', 'R38', 'R22', 'R30', 'R35', 'R34']"
