total_cost,total_distance,total_fuel_consumed,route
2216314.8557577864,70.0405474466105,6.171196905606763,"['D5', 'R4', 'R22', 'R38', 'R27', 'R36', 'R30', 'R35', 'R32', 'R15', 'R16', 'R18', 'R31', 'R21', 'R9', 'R37', 'R33', 'R34']"
2216353.173777292,70.46554766295718,6.210599892870632,"['D5', 'R36', 'R27', 'R4', 'R22', 'R38', 'R35', 'R30', 'R32', 'R15', 'R21', 'R31', 'R16', 'R18', 'R9', 'R37', 'R33', 'R34']"
2218344.0199755896,92.54680540805005,8.046729478657241,"['D5', 'R15', 'R4', 'R27', 'R36', 'R22', 'R38', 'R35', 'R30', 'R21', 'R16', 'R18', 'R31', 'R32', 'R34', 'R9', 'R33', 'R37']"
2216537.3860146254,72.50871799717763,6.301805109647417,"['D5', 'R36', 'R27', 'R4', 'R22', 'R15', 'R32', 'R31', 'R18', 'R16', 'R21', 'R37', 'R33', 'R9', 'R38', 'R35', 'R30', 'R34']"
2216024.731576506,66.82266611031775,5.848992954731808,"['D5', 'R22', 'R4', 'R27', 'R36', 'R32', 'R15', 'R31', 'R16', 'R18', 'R21', 'R37', 'R33', 'R9', 'R35', 'R30', 'R38', 'R34']"
