total_cost,total_distance,total_fuel_consumed,route
2481418.4112966466,126.64608802846996,11.721812693797172,"['D2', 'R14', 'R17', 'R2', 'R26', 'R5', 'R11', 'R10', 'R3', 'R12', 'R23', 'R20', 'R13', 'R6', 'R1', 'R7', 'R28', 'R24', 'R70', 'R8']"
2483150.564930382,145.85808485340053,13.290327705009457,"['D2', 'R3', 'R12', 'R17', 'R14', 'R2', 'R5', 'R11', 'R26', 'R1', 'R7', 'R13', 'R6', 'R28', 'R10', 'R20', 'R70', 'R23', 'R24', 'R8']"
2482732.4242635863,141.22032235566257,12.66772271071357,"['D2', 'R28', 'R7', 'R11', 'R26', 'R5', 'R14', 'R17', 'R2', 'R12', 'R3', 'R10', 'R6', 'R13', 'R1', 'R24', 'R20', 'R23', 'R70', 'R8']"
2481906.608381652,132.06087379827034,12.128663519258925,"['D2', 'R11', 'R2', 'R17', 'R14', 'R5', 'R26', 'R3', 'R12', 'R10', 'R1', 'R7', 'R13', 'R6', 'R20', 'R28', 'R70', 'R23', 'R24', 'R8']"
2481383.04175623,126.25379055269053,11.508151950406619,"['D2', 'R11', 'R26', 'R17', 'R14', 'R2', 'R5', 'R1', 'R7', 'R6', 'R13', 'R28', 'R12', 'R3', 'R10', 'R20', 'R23', 'R70', 'R8', 'R24']"
