total_cost,total_distance,total_fuel_consumed,route
2482724.9658155064,141.13759777624858,13.06645097955414,"['D2', 'R11', 'R26', 'R5', 'R2', 'R17', 'R14', 'R12', 'R3', 'R10', 'R23', 'R7', 'R1', 'R6', 'R13', 'R28', 'R20', 'R8', 'R24', 'R70']"
2480480.6238314174,116.24471862707497,10.594400536289802,"['D2', 'R5', 'R26', 'R14', 'R17', 'R2', 'R11', 'R7', 'R1', 'R28', 'R6', 'R13', 'R20', 'R23', 'R3', 'R12', 'R10', 'R70', 'R24', 'R8']"
2481375.920462064,126.17480547985824,11.672951148215892,"['D2', 'R5', 'R26', 'R11', 'R14', 'R17', 'R2', 'R10', 'R3', 'R12', 'R1', 'R7', 'R28', 'R6', 'R13', 'R20', 'R70', 'R23', 'R8', 'R24']"
2481652.6151108346,129.24373459221732,11.98895962501967,"['D2', 'R2', 'R14', 'R17', 'R11', 'R26', 'R5', 'R3', 'R12', 'R10', 'R23', 'R6', 'R28', 'R1', 'R7', 'R20', 'R13', 'R70', 'R24', 'R8']"
2480778.5600158875,119.54924596148757,10.944018048152019,"['D2', 'R26', 'R5', 'R14', 'R17', 'R2', 'R11', 'R1', 'R7', 'R3', 'R12', 'R10', 'R28', 'R6', 'R13', 'R20', 'R23', 'R70', 'R8', 'R24']"
