total_cost,total_distance,total_fuel_consumed,route
2484484.1429177476,160.64932251272788,14.789691675414936,"['D2', 'R14', 'R17', 'R2', 'R5', 'R11', 'R1', 'R26', 'R3', 'R12', 'R10', 'R28', 'R6', 'R7', 'R20', 'R13', 'R24', 'R23', 'R8', 'R70']"
2482379.3139365506,137.30383691826674,12.309976954589143,"['D2', 'R14', 'R17', 'R2', 'R11', 'R26', 'R5', 'R7', 'R6', 'R1', 'R28', 'R13', 'R24', 'R12', 'R3', 'R10', 'R23', 'R20', 'R70', 'R8']"
2482788.812903166,141.84575092242207,13.167334145165537,"['D2', 'R2', 'R17', 'R14', 'R11', 'R26', 'R5', 'R3', 'R10', 'R12', 'R7', 'R1', 'R6', 'R23', 'R28', 'R13', 'R20', 'R24', 'R70', 'R8']"
2482780.8326152894,141.7572384126961,12.990611216204094,"['D2', 'R7', 'R1', 'R3', 'R10', 'R12', 'R14', 'R2', 'R17', 'R26', 'R11', 'R5', 'R28', 'R6', 'R23', 'R20', 'R13', 'R24', 'R70', 'R8']"
2482260.7842275444,135.98917732414375,12.35458953327856,"['D2', 'R14', 'R17', 'R2', 'R5', 'R11', 'R1', 'R6', 'R7', 'R28', 'R13', 'R26', 'R12', 'R3', 'R10', 'R23', 'R20', 'R24', 'R8', 'R70']"
