total_cost,total_distance,total_fuel_consumed,route
2481552.5327427327,128.13368170733077,11.891534095231362,"['D2', 'R26', 'R5', 'R11', 'R14', 'R17', 'R2', 'R12', 'R3', 'R10', 'R23', 'R13', 'R6', 'R28', 'R7', 'R1', 'R20', 'R70', 'R24', 'R8']"
2480209.9397596284,113.24245518664793,10.374051300700676,"['D2', 'R17', 'R14', 'R2', 'R11', 'R5', 'R26', 'R1', 'R7', 'R6', 'R28', 'R13', 'R20', 'R23', 'R10', 'R12', 'R3', 'R70', 'R24', 'R8']"
2480299.9012196464,114.24025310167053,10.463117516950236,"['D2', 'R2', 'R14', 'R17', 'R11', 'R5', 'R26', 'R7', 'R1', 'R28', 'R6', 'R13', 'R20', 'R23', 'R3', 'R12', 'R10', 'R70', 'R24', 'R8']"
2481741.312061814,130.22750734044348,12.016581511501537,"['D2', 'R17', 'R14', 'R2', 'R11', 'R26', 'R5', 'R1', 'R7', 'R28', 'R13', 'R6', 'R20', 'R10', 'R12', 'R3', 'R70', 'R8', 'R24', 'R23']"
2480044.1265617367,111.4033558311564,10.268497519464425,"['D2', 'R5', 'R26', 'R11', 'R17', 'R14', 'R2', 'R3', 'R12', 'R10', 'R1', 'R7', 'R28', 'R6', 'R13', 'R20', 'R23', 'R70', 'R8', 'R24']"
