total_cost,total_distance,total_fuel_consumed,route
2480213.994607827,113.28742910190357,10.29616002593269,"['D2', 'R17', 'R14', 'R2', 'R26', 'R11', 'R5', 'R1', 'R7', 'R6', 'R20', 'R13', 'R28', 'R23', 'R3', 'R12', 'R10', 'R70', 'R8', 'R24']"
2481035.6971710594,122.40125522470542,11.105489710148893,"['D2', 'R11', 'R5', 'R26', 'R14', 'R17', 'R2', 'R1', 'R7', 'R6', 'R20', 'R28', 'R13', 'R23', 'R10', 'R12', 'R3', 'R70', 'R24', 'R8']"
2481952.4315813463,132.56911691822373,12.166786163641287,"['D2', 'R14', 'R17', 'R2', 'R11', 'R5', 'R26', 'R6', 'R7', 'R1', 'R10', 'R12', 'R3', 'R23', 'R13', 'R28', 'R20', 'R24', 'R8', 'R70']"
2481498.6128898766,127.53563542454867,11.668325838821884,"['D2', 'R26', 'R11', 'R14', 'R17', 'R2', 'R10', 'R3', 'R12', 'R7', 'R1', 'R5', 'R13', 'R6', 'R28', 'R20', 'R23', 'R70', 'R8', 'R24']"
2482893.274420252,143.0043746700554,13.043541062680045,"['D2', 'R1', 'R26', 'R11', 'R5', 'R2', 'R17', 'R14', 'R3', 'R10', 'R12', 'R23', 'R6', 'R7', 'R28', 'R13', 'R20', 'R24', 'R70', 'R8']"
