total_cost,total_distance,total_fuel_consumed,route
2482042.341649645,133.56634482747387,12.45418147317864,"['D3', 'R1', 'R7', 'R6', 'R10', 'R12', 'R3', 'R2', 'R14', 'R17', 'R5', 'R11', 'R26', 'R28', 'R13', 'R23', 'R20', 'R70', 'R24', 'R8']"
2480490.2137850006,116.35108457188076,10.873449926376738,"['D3', 'R11', 'R5', 'R26', 'R14', 'R17', 'R2', 'R3', 'R12', 'R10', 'R1', 'R7', 'R28', 'R6', 'R20', 'R13', 'R23', 'R70', 'R24', 'R8']"
2482518.8238562797,138.85119627639583,12.981109780335906,"['D3', 'R28', 'R7', 'R1', 'R26', 'R5', 'R11', 'R17', 'R14', 'R2', 'R12', 'R3', 'R10', 'R6', 'R13', 'R23', 'R20', 'R8', 'R24', 'R70']"
2481244.0832819245,124.71254749251,11.601723034669002,"['D3', 'R1', 'R7', 'R5', 'R11', 'R14', 'R17', 'R2', 'R26', 'R12', 'R3', 'R10', 'R20', 'R6', 'R28', 'R13', 'R23', 'R70', 'R24', 'R8']"
2480504.014325993,116.50415179673678,10.769173228286007,"['D3', 'R1', 'R7', 'R5', 'R11', 'R14', 'R17', 'R2', 'R26', 'R10', 'R12', 'R3', 'R23', 'R20', 'R6', 'R13', 'R28', 'R24', 'R8', 'R70']"
