total_cost,total_distance,total_fuel_consumed,route
2479738.8716625986,108.01765375552849,9.925779880112607,"['D3', 'R7', 'R1', 'R11', 'R5', 'R26', 'R14', 'R17', 'R2', 'R12', 'R3', 'R10', 'R23', 'R70', 'R6', 'R28', 'R13', 'R20', 'R24', 'R8']"
2482366.1350271427,137.1576644536712,12.587843823169045,"['D3', 'R7', 'R1', 'R13', 'R6', 'R20', 'R2', 'R17', 'R14', 'R11', 'R5', 'R26', 'R3', 'R12', 'R10', 'R23', 'R28', 'R24', 'R70', 'R8']"
2481544.985059271,128.04996738321788,11.721691304106617,"['D3', 'R7', 'R1', 'R5', 'R11', 'R14', 'R17', 'R2', 'R26', 'R3', 'R12', 'R10', 'R23', 'R24', 'R28', 'R6', 'R20', 'R13', 'R70', 'R8']"
2482181.6565204803,135.11154082164904,12.543168741926046,"['D3', 'R7', 'R26', 'R11', 'R17', 'R14', 'R2', 'R5', 'R28', 'R6', 'R1', 'R3', 'R12', 'R10', 'R23', 'R13', 'R20', 'R24', 'R70', 'R8']"
2482052.119334007,133.67479296813684,12.572607475434708,"['D3', 'R7', 'R1', 'R10', 'R3', 'R12', 'R14', 'R17', 'R2', 'R11', 'R26', 'R5', 'R28', 'R6', 'R20', 'R13', 'R23', 'R8', 'R24', 'R70']"
