total_cost,total_distance,total_fuel_consumed,route
2479581.2106396477,106.26897337674642,9.70629735048185,"['D3', 'R7', 'R1', 'R2', 'R14', 'R17', 'R11', 'R5', 'R26', 'R12', 'R3', 'R10', 'R70', 'R23', 'R6', 'R28', 'R13', 'R20', 'R24', 'R8']"
2480814.2632681965,119.94524476704623,11.16773526652704,"['D3', 'R28', 'R7', 'R1', 'R5', 'R11', 'R26', 'R17', 'R14', 'R2', 'R10', 'R3', 'R12', 'R23', 'R20', 'R13', 'R6', 'R70', 'R24', 'R8']"
2480731.778953523,119.03037881015261,11.078836473686321,"['D3', 'R7', 'R1', 'R11', 'R26', 'R5', 'R2', 'R17', 'R14', 'R12', 'R3', 'R10', 'R6', 'R13', 'R20', 'R23', 'R70', 'R28', 'R8', 'R24']"
2479705.1349442005,107.6434665505841,9.736220400493998,"['D3', 'R5', 'R26', 'R17', 'R14', 'R2', 'R11', 'R10', 'R12', 'R3', 'R70', 'R23', 'R6', 'R7', 'R1', 'R28', 'R20', 'R13', 'R24', 'R8']"
2481162.6400217544,123.80922828032982,11.449372976600538,"['D3', 'R7', 'R1', 'R28', 'R10', 'R3', 'R12', 'R2', 'R17', 'R14', 'R26', 'R5', 'R11', 'R13', 'R6', 'R20', 'R23', 'R70', 'R24', 'R8']"
