total_cost,total_distance,total_fuel_consumed,route
2481999.0915638497,133.08664112521706,12.296947610543688,"['D3', 'R5', 'R14', 'R2', 'R17', 'R11', 'R26', 'R7', 'R1', 'R28', 'R6', 'R23', 'R12', 'R10', 'R3', 'R13', 'R20', 'R70', 'R24', 'R8']"
2483915.8496415582,154.34615840237166,14.280341889143198,"['D3', 'R6', 'R7', 'R12', 'R10', 'R3', 'R1', 'R26', 'R2', 'R17', 'R14', 'R11', 'R5', 'R20', 'R13', 'R28', 'R23', 'R24', 'R70', 'R8']"
2480427.4280405384,115.65470320029553,10.807675301294092,"['D3', 'R5', 'R26', 'R11', 'R2', 'R17', 'R14', 'R12', 'R10', 'R3', 'R1', 'R7', 'R28', 'R20', 'R13', 'R6', 'R23', 'R70', 'R24', 'R8']"
2483266.372481556,147.14255192497555,13.67378793314679,"['D3', 'R5', 'R14', 'R17', 'R2', 'R11', 'R26', 'R7', 'R6', 'R1', 'R3', 'R12', 'R10', 'R13', 'R28', 'R23', 'R20', 'R24', 'R70', 'R8']"
2482540.948897309,139.09659380334168,12.716188099333335,"['D3', 'R6', 'R7', 'R5', 'R17', 'R14', 'R2', 'R1', 'R12', 'R3', 'R10', 'R11', 'R26', 'R13', 'R28', 'R20', 'R23', 'R70', 'R24', 'R8']"
