total_cost,total_distance,total_fuel_consumed,route
2479334.322640224,103.53064152866379,9.465486232090928,"['D3', 'R1', 'R7', 'R28', 'R6', 'R13', 'R20', 'R23', 'R10', 'R3', 'R12', 'R11', 'R26', 'R5', 'R17', 'R14', 'R2', 'R70', 'R8', 'R24']"
2480409.184615708,115.45235820439524,10.049255910534074,"['D3', 'R1', 'R7', 'R28', 'R6', 'R13', 'R20', 'R23', 'R12', 'R3', 'R10', 'R70', 'R24', 'R5', 'R26', 'R11', 'R17', 'R14', 'R2', 'R8']"
2480413.0331884352,115.49504423730724,10.715560160054311,"['D3', 'R7', 'R1', 'R6', 'R13', 'R28', 'R5', 'R26', 'R11', 'R14', 'R17', 'R2', 'R3', 'R12', 'R10', 'R23', 'R20', 'R70', 'R8', 'R24']"
2479675.606542413,107.315955439368,9.817123763317715,"['D3', 'R1', 'R7', 'R6', 'R28', 'R13', 'R20', 'R23', 'R10', 'R12', 'R3', 'R2', 'R17', 'R14', 'R11', 'R5', 'R26', 'R70', 'R8', 'R24']"
2479955.7337106434,110.42295597430791,10.069128796802236,"['D3', 'R1', 'R7', 'R6', 'R13', 'R20', 'R28', 'R2', 'R14', 'R17', 'R26', 'R5', 'R11', 'R12', 'R3', 'R10', 'R23', 'R70', 'R8', 'R24']"
