total_cost,total_distance,total_fuel_consumed,route
2216121.748697191,67.89872113121989,5.779219323403739,"['D4', 'R9', 'R16', 'R18', 'R21', 'R33', 'R37', 'R31', 'R36', 'R27', 'R4', 'R32', 'R15', 'R22', 'R38', 'R30', 'R35', 'R34']"
2215123.240143041,56.82387026443214,4.910389641573191,"['D4', 'R9', 'R37', 'R33', 'R16', 'R21', 'R18', 'R31', 'R15', 'R32', 'R36', 'R27', 'R4', 'R22', 'R30', 'R38', 'R35', 'R34']"
2217280.070753179,80.74612636623135,6.909888433549361,"['D4', 'R18', 'R16', 'R21', 'R9', 'R37', 'R33', 'R32', 'R22', 'R27', 'R30', 'R36', 'R4', 'R15', 'R31', 'R35', 'R38', 'R34']"
2216131.384507286,68.00559568861716,5.867917376713188,"['D4', 'R9', 'R33', 'R37', 'R18', 'R16', 'R31', 'R21', 'R36', 'R27', 'R30', 'R35', 'R38', 'R4', 'R32', 'R15', 'R22', 'R34']"
2218216.423908012,91.13158726721032,7.420050959207121,"['D4', 'R16', 'R21', 'R18', 'R31', 'R33', 'R37', 'R9', 'R34', 'R32', 'R15', 'R4', 'R36', 'R27', 'R38', 'R35', 'R22', 'R30']"
