total_cost,total_distance,total_fuel_consumed,route
2215450.7932883357,60.45689095314394,5.252040322598539,"['D4', 'R37', 'R33', 'R9', 'R18', 'R16', 'R21', 'R15', 'R31', 'R32', 'R4', 'R36', 'R27', 'R38', 'R22', 'R35', 'R30', 'R34']"
2215371.8701786483,59.58152372058523,5.186637328070479,"['D4', 'R33', 'R37', 'R9', 'R18', 'R16', 'R21', 'R31', 'R32', 'R15', 'R27', 'R36', 'R4', 'R38', 'R30', 'R35', 'R22', 'R34']"
2217810.9690146563,86.63452766921009,7.515636544927487,"['D4', 'R21', 'R18', 'R16', 'R31', 'R9', 'R37', 'R33', 'R27', 'R36', 'R4', 'R32', 'R35', 'R38', 'R30', 'R22', 'R15', 'R34']"
2217226.228465322,80.14894038733317,6.951684390240537,"['D4', 'R21', 'R16', 'R18', 'R37', 'R33', 'R9', 'R31', 'R27', 'R22', 'R4', 'R36', 'R30', 'R38', 'R35', 'R15', 'R32', 'R34']"
2216122.8152261656,67.91055042330717,6.010309406863657,"['D4', 'R33', 'R37', 'R9', 'R16', 'R31', 'R18', 'R21', 'R15', 'R4', 'R27', 'R36', 'R38', 'R22', 'R35', 'R30', 'R32', 'R34']"
