total_cost,total_distance,total_fuel_consumed,route
2214641.427225688,51.47989380754778,4.516661446324523,"['D4', 'R33', 'R37', 'R9', 'R21', 'R18', 'R16', 'R31', 'R15', 'R32', 'R27', 'R36', 'R4', 'R22', 'R38', 'R35', 'R30', 'R34']"
2214569.630209703,50.68356488135737,4.459647260054576,"['D4', 'R37', 'R33', 'R9', 'R21', 'R16', 'R18', 'R31', 'R15', 'R32', 'R36', 'R27', 'R4', 'R22', 'R38', 'R35', 'R30', 'R34']"
2214456.668804734,49.43066553609387,4.347351958856596,"['D4', 'R37', 'R33', 'R9', 'R21', 'R16', 'R18', 'R31', 'R15', 'R32', 'R4', 'R27', 'R36', 'R22', 'R38', 'R35', 'R30', 'R34']"
2214313.536499325,47.843128874503904,4.186211325608589,"['D4', 'R33', 'R37', 'R9', 'R21', 'R16', 'R18', 'R31', 'R15', 'R32', 'R4', 'R36', 'R27', 'R22', 'R38', 'R30', 'R35', 'R34']"
2214615.449260578,51.19176198512045,4.49505084655017,"['D4', 'R33', 'R37', 'R9', 'R21', 'R16', 'R18', 'R31', 'R15', 'R32', 'R27', 'R36', 'R4', 'R22', 'R38', 'R35', 'R30', 'R34']"
