total_cost,total_distance,total_fuel_consumed,route
2216425.734311879,71.27034507407886,6.272329956697375,"['D4', 'R9', 'R33', 'R37', 'R18', 'R16', 'R21', 'R31', 'R4', 'R27', 'R36', 'R38', 'R22', 'R30', 'R35', 'R32', 'R15', 'R34']"
2215957.6662203977,66.0788178837358,5.8049948100784245,"['D4', 'R9', 'R37', 'R33', 'R21', 'R18', 'R16', 'R31', 'R32', 'R4', 'R30', 'R35', 'R38', 'R22', 'R36', 'R27', 'R15', 'R34']"
2216260.8743187897,69.44181808772882,6.067981779178314,"['D4', 'R9', 'R33', 'R37', 'R16', 'R18', 'R21', 'R31', 'R4', 'R27', 'R36', 'R35', 'R38', 'R22', 'R32', 'R15', 'R30', 'R34']"
2216651.9025523444,73.778865931064,6.216861719006313,"['D4', 'R18', 'R16', 'R21', 'R31', 'R9', 'R33', 'R37', 'R27', 'R36', 'R4', 'R32', 'R15', 'R22', 'R30', 'R35', 'R38', 'R34']"
2215682.56695656,63.02758381277978,5.581271337156062,"['D4', 'R37', 'R33', 'R9', 'R16', 'R18', 'R21', 'R31', 'R15', 'R27', 'R36', 'R38', 'R35', 'R30', 'R22', 'R4', 'R32', 'R34']"
