total_cost,total_distance,total_fuel_consumed,route
2217348.9253602885,81.509819878977,7.0315242347968665,"['D4', 'R33', 'R37', 'R21', 'R16', 'R18', 'R31', 'R9', 'R35', 'R38', 'R27', 'R4', 'R22', 'R36', 'R32', 'R15', 'R30', 'R34']"
2217694.809560629,85.34615750475895,7.401438718951288,"['D4', 'R16', 'R18', 'R21', 'R9', 'R37', 'R33', 'R31', 'R38', 'R36', 'R27', 'R4', 'R15', 'R22', 'R35', 'R30', 'R32', 'R34']"
2216247.5205113627,69.29370576045608,6.02976531540115,"['D4', 'R37', 'R33', 'R9', 'R31', 'R16', 'R18', 'R21', 'R32', 'R15', 'R30', 'R27', 'R36', 'R22', 'R38', 'R4', 'R35', 'R34']"
2217146.71217383,79.26699394221052,6.987247956442941,"['D4', 'R33', 'R37', 'R21', 'R16', 'R18', 'R31', 'R9', 'R15', 'R36', 'R27', 'R22', 'R38', 'R35', 'R4', 'R30', 'R32', 'R34']"
2216015.7389801024,66.72292568880479,5.730361841230817,"['D4', 'R37', 'R33', 'R21', 'R18', 'R16', 'R9', 'R31', 'R22', 'R27', 'R36', 'R4', 'R15', 'R32', 'R30', 'R38', 'R35', 'R34']"
