total_cost,total_distance,total_fuel_consumed,route
2481252.0782986814,124.8012233660287,11.157981924676534,"['D2', 'R17', 'R14', 'R2', 'R11', 'R5', 'R26', 'R7', 'R1', 'R28', 'R6', 'R13', 'R20', 'R24', 'R3', 'R12', 'R10', 'R23', 'R70', 'R8']"
2481011.031487359,122.12767843122776,11.300415983336523,"['D2', 'R26', 'R5', 'R11', 'R17', 'R14', 'R2', 'R3', 'R12', 'R10', 'R23', 'R1', 'R7', 'R6', 'R13', 'R28', 'R20', 'R70', 'R8', 'R24']"
2479629.4011598844,106.80347337937809,9.768372430231631,"['D2', 'R14', 'R17', 'R2', 'R11', 'R26', 'R5', 'R1', 'R7', 'R6', 'R13', 'R20', 'R23', 'R10', 'R12', 'R3', 'R70', 'R28', 'R24', 'R8']"
2481507.608556481,127.63540989885679,11.816795673988103,"['D2', 'R26', 'R5', 'R11', 'R14', 'R17', 'R2', 'R3', 'R12', 'R10', 'R23', 'R6', 'R20', 'R13', 'R28', 'R1', 'R7', 'R8', 'R24', 'R70']"
2482458.639929805,138.1836726908332,12.193516579072645,"['D2', 'R13', 'R6', 'R1', 'R7', 'R28', 'R20', 'R10', 'R12', 'R3', 'R26', 'R5', 'R11', 'R17', 'R14', 'R2', 'R70', 'R23', 'R8', 'R24']"
