total_cost,total_distance,total_fuel_consumed,route
2481870.7337614517,131.6629742840742,12.054336275802447,"['D2', 'R17', 'R14', 'R2', 'R11', 'R26', 'R5', 'R1', 'R28', 'R7', 'R20', 'R10', 'R3', 'R12', 'R23', 'R6', 'R13', 'R70', 'R8', 'R24']"
2482971.8101520794,143.87544534249656,12.571925145538977,"['D2', 'R8', 'R28', 'R7', 'R1', 'R11', 'R17', 'R14', 'R2', 'R26', 'R5', 'R6', 'R20', 'R10', 'R3', 'R12', 'R23', 'R13', 'R70', 'R24']"
2483342.0516522056,147.98193935454051,13.759125486731985,"['D2', 'R14', 'R17', 'R2', 'R11', 'R26', 'R5', 'R28', 'R7', 'R1', 'R13', 'R6', 'R3', 'R12', 'R10', 'R20', 'R23', 'R24', 'R70', 'R8']"
2482089.6462813476,134.0910190921389,11.832751905845516,"['D2', 'R8', 'R11', 'R26', 'R5', 'R17', 'R14', 'R2', 'R12', 'R3', 'R10', 'R1', 'R28', 'R7', 'R13', 'R6', 'R23', 'R20', 'R24', 'R70']"
2482786.9339823187,141.824911072741,13.02318360892604,"['D2', 'R5', 'R17', 'R14', 'R2', 'R26', 'R11', 'R3', 'R12', 'R10', 'R1', 'R23', 'R28', 'R7', 'R6', 'R20', 'R13', 'R24', 'R70', 'R8']"
