total_cost,total_distance,total_fuel_consumed,route
2480306.3779339856,114.31208888626813,10.542360033914191,"['D2', 'R14', 'R17', 'R2', 'R11', 'R5', 'R26', 'R3', 'R12', 'R10', 'R1', 'R7', 'R6', 'R28', 'R13', 'R20', 'R23', 'R70', 'R8', 'R24']"
2482612.3188568545,139.88818607869428,12.792260474369918,"['D2', 'R2', 'R14', 'R17', 'R3', 'R10', 'R12', 'R6', 'R28', 'R13', 'R1', 'R26', 'R11', 'R5', 'R7', 'R23', 'R20', 'R70', 'R8', 'R24']"
2482550.5591496634,139.20318488978828,12.84073730123075,"['D2', 'R11', 'R14', 'R17', 'R2', 'R3', 'R10', 'R12', 'R5', 'R26', 'R1', 'R7', 'R6', 'R20', 'R13', 'R28', 'R24', 'R70', 'R23', 'R8']"
2481340.6132811266,125.78319965757552,11.554685012635321,"['D2', 'R17', 'R14', 'R2', 'R26', 'R11', 'R5', 'R1', 'R28', 'R6', 'R7', 'R12', 'R3', 'R10', 'R23', 'R13', 'R20', 'R70', 'R8', 'R24']"
2480592.5335429385,117.48595322691875,10.74772488648282,"['D2', 'R5', 'R26', 'R2', 'R14', 'R17', 'R11', 'R1', 'R3', 'R12', 'R10', 'R7', 'R28', 'R6', 'R13', 'R20', 'R23', 'R70', 'R8', 'R24']"
