total_cost,total_distance,total_fuel_consumed,route
2481608.1807212275,128.75089531086658,11.84433313850071,"['D2', 'R2', 'R17', 'R14', 'R11', 'R26', 'R5', 'R28', 'R7', 'R1', 'R6', 'R13', 'R23', 'R3', 'R10', 'R12', 'R70', 'R20', 'R8', 'R24']"
2483045.455217507,144.69227171148057,13.36460603829686,"['D2', 'R26', 'R5', 'R11', 'R14', 'R17', 'R2', 'R1', 'R7', 'R13', 'R6', 'R28', 'R20', 'R3', 'R12', 'R10', 'R23', 'R24', 'R70', 'R8']"
2481398.710411713,126.42757776966486,11.639835086616555,"['D2', 'R11', 'R2', 'R17', 'R14', 'R26', 'R5', 'R28', 'R7', 'R1', 'R10', 'R3', 'R12', 'R23', 'R20', 'R13', 'R6', 'R70', 'R24', 'R8']"
2481237.1990631684,124.63619191624821,11.470689928733613,"['D2', 'R17', 'R14', 'R2', 'R5', 'R26', 'R11', 'R1', 'R7', 'R28', 'R13', 'R6', 'R10', 'R3', 'R12', 'R23', 'R20', 'R24', 'R8', 'R70']"
2482323.0945331296,136.6802854162586,12.608969797271893,"['D2', 'R26', 'R11', 'R14', 'R17', 'R2', 'R10', 'R12', 'R3', 'R23', 'R20', 'R6', 'R28', 'R13', 'R7', 'R1', 'R5', 'R8', 'R70', 'R24']"
