total_cost,total_distance,total_fuel_consumed,route
2215547.3625354962,61.52797843274706,5.480963567483496,"['D5', 'R4', 'R27', 'R36', 'R30', 'R35', 'R38', 'R22', 'R32', 'R15', 'R31', 'R18', 'R16', 'R21', 'R9', 'R33', 'R37', 'R34']"
2215435.0558917867,60.28234130198215,5.198443391561567,"['D5', 'R4', 'R32', 'R15', 'R31', 'R18', 'R16', 'R21', 'R9', 'R33', 'R37', 'R27', 'R36', 'R30', 'R35', 'R38', 'R22', 'R34']"
2215313.8836976076,58.93837286610014,5.276447901924579,"['D5', 'R22', 'R38', 'R35', 'R30', 'R36', 'R27', 'R4', 'R32', 'R15', 'R31', 'R18', 'R16', 'R21', 'R9', 'R37', 'R33', 'R34']"
2215547.3625354962,61.52797843274706,5.480963567483496,"['D5', 'R4', 'R27', 'R36', 'R30', 'R35', 'R38', 'R22', 'R32', 'R15', 'R31', 'R18', 'R16', 'R21', 'R9', 'R33', 'R37', 'R34']"
2215435.0558917867,60.28234130198215,5.198443391561567,"['D5', 'R4', 'R32', 'R15', 'R31', 'R18', 'R16', 'R21', 'R9', 'R33', 'R37', 'R27', 'R36', 'R30', 'R35', 'R38', 'R22', 'R34']"
