total_cost,total_distance,total_fuel_consumed,route
2216719.2262794846,74.52557985231643,6.438061783802175,"['D5', 'R32', 'R4', 'R36', 'R27', 'R22', 'R15', 'R16', 'R18', 'R31', 'R21', 'R37', 'R33', 'R9', 'R35', 'R30', 'R38', 'R34']"
2216862.7444779663,76.11739660566532,6.691829037934236,"['D5', 'R15', 'R32', 'R4', 'R22', 'R36', 'R27', 'R30', 'R35', 'R38', 'R16', 'R18', 'R21', 'R31', 'R9', 'R33', 'R37', 'R34']"
2217989.1077530542,88.61033443937941,7.770232752462502,"['D5', 'R36', 'R27', 'R38', 'R30', 'R35', 'R31', 'R16', 'R18', 'R21', 'R4', 'R22', 'R32', 'R15', 'R9', 'R37', 'R33', 'R34']"
2217158.7695205165,79.40072671380544,6.923762209745082,"['D5', 'R32', 'R4', 'R22', 'R30', 'R36', 'R27', 'R38', 'R35', 'R31', 'R16', 'R21', 'R18', 'R9', 'R33', 'R37', 'R15', 'R34']"
2217873.5068430994,87.32815930678296,7.68528106715258,"['D5', 'R4', 'R22', 'R27', 'R36', 'R38', 'R30', 'R35', 'R9', 'R21', 'R16', 'R18', 'R31', 'R15', 'R32', 'R33', 'R37', 'R34']"
