total_cost,total_distance,total_fuel_consumed,route
2216362.3047584197,70.56682296384027,6.02816101529435,"['D5', 'R27', 'R4', 'R36', 'R15', 'R18', 'R16', 'R31', 'R21', 'R9', 'R33', 'R37', 'R32', 'R22', 'R38', 'R30', 'R35', 'R34']"
2215710.7659873916,63.34035034817374,5.488589471492768,"['D5', 'R4', 'R36', 'R27', 'R32', 'R31', 'R18', 'R16', 'R21', 'R9', 'R33', 'R37', 'R15', 'R22', 'R38', 'R30', 'R35', 'R34']"
2217500.5943815303,83.19204061146884,7.296144786143326,"['D5', 'R38', 'R30', 'R36', 'R27', 'R22', 'R4', 'R15', 'R32', 'R9', 'R16', 'R31', 'R18', 'R21', 'R33', 'R37', 'R35', 'R34']"
2216308.003406329,69.96454532308277,6.15308324969029,"['D5', 'R27', 'R36', 'R4', 'R32', 'R15', 'R31', 'R16', 'R18', 'R21', 'R37', 'R33', 'R9', 'R38', 'R30', 'R22', 'R35', 'R34']"
2217920.335119235,87.84755012461139,7.618413337746605,"['D5', 'R27', 'R22', 'R4', 'R36', 'R35', 'R30', 'R21', 'R18', 'R16', 'R31', 'R32', 'R15', 'R9', 'R37', 'R33', 'R38', 'R34']"
