total_cost,total_distance,total_fuel_consumed,route
2216986.9656838607,77.49518282897736,6.774605012441446,"['D5', 'R36', 'R27', 'R30', 'R38', 'R35', 'R4', 'R15', 'R32', 'R22', 'R31', 'R16', 'R18', 'R21', 'R33', 'R37', 'R9', 'R34']"
2217624.1396520017,84.56232976932,7.384025556940112,"['D5', 'R22', 'R4', 'R27', 'R36', 'R32', 'R16', 'R18', 'R21', 'R31', 'R15', 'R30', 'R38', 'R35', 'R34', 'R37', 'R33', 'R9']"
2216669.398633663,73.97292184630724,6.502034017480327,"['D5', 'R22', 'R36', 'R27', 'R4', 'R30', 'R38', 'R35', 'R32', 'R15', 'R16', 'R18', 'R31', 'R21', 'R33', 'R37', 'R9', 'R34']"
2215981.911058405,66.34772691221062,5.796516315708246,"['D5', 'R22', 'R27', 'R36', 'R4', 'R32', 'R31', 'R21', 'R16', 'R18', 'R9', 'R37', 'R33', 'R15', 'R30', 'R38', 'R35', 'R34']"
2216378.5714753508,70.7472435154283,6.260369149519013,"['D5', 'R22', 'R38', 'R27', 'R36', 'R4', 'R15', 'R32', 'R31', 'R16', 'R18', 'R21', 'R37', 'R33', 'R9', 'R35', 'R30', 'R34']"
