total_cost,total_distance,total_fuel_consumed,route
2216168.348747402,68.41558060561592,5.888071363136787,"['D5', 'R15', 'R32', 'R31', 'R16', 'R18', 'R21', 'R9', 'R37', 'R33', 'R22', 'R36', 'R27', 'R4', 'R38', 'R35', 'R30', 'R34']"
2218866.6236527115,98.34320821552568,8.59536518902325,"['D5', 'R31', 'R16', 'R18', 'R15', 'R27', 'R36', 'R22', 'R4', 'R30', 'R32', 'R35', 'R38', 'R33', 'R37', 'R9', 'R21', 'R34']"
2217014.083269798,77.79595463396222,6.836932108458584,"['D5', 'R22', 'R27', 'R36', 'R4', 'R35', 'R38', 'R30', 'R32', 'R18', 'R16', 'R31', 'R15', 'R21', 'R9', 'R37', 'R33', 'R34']"
2217676.6709240526,85.14497475658041,7.34915250615582,"['D5', 'R4', 'R27', 'R35', 'R36', 'R22', 'R15', 'R32', 'R38', 'R30', 'R31', 'R16', 'R18', 'R21', 'R37', 'R33', 'R9', 'R34']"
2217752.4300926323,85.98524947463054,7.5462951998665275,"['D5', 'R36', 'R27', 'R4', 'R38', 'R22', 'R35', 'R30', 'R32', 'R21', 'R18', 'R31', 'R16', 'R15', 'R37', 'R33', 'R9', 'R34']"
