total_cost,total_distance,total_fuel_consumed,route
393031.60298019357,33.624700312705826,15.778438290318704,"['W2', 'D1', 'D2', 'D3']"
393031.60298019357,33.624700312705826,15.778438290318704,"['W2', 'D1', 'D2', 'D3']"
393031.60298019357,33.624700312705826,15.778438290318704,"['W2', 'D1', 'D2', 'D3']"
393031.60298019357,33.624700312705826,15.778438290318704,"['W2', 'D1', 'D2', 'D3']"
393031.60298019357,33.624700312705826,15.778438290318704,"['W2', 'D1', 'D2', 'D3']"
