total_cost,total_distance,total_fuel_consumed,route
2481556.836317079,128.18141434204625,11.98270557972513,"['D3', 'R5', 'R11', 'R14', 'R17', 'R2', 'R10', 'R3', 'R12', 'R1', 'R7', 'R6', 'R28', 'R13', 'R20', 'R23', 'R26', 'R70', 'R24', 'R8']"
2481847.7578201303,131.40813908751127,12.08288566428656,"['D3', 'R6', 'R7', 'R3', 'R12', 'R10', 'R11', 'R5', 'R26', 'R2', 'R14', 'R17', 'R1', 'R20', 'R13', 'R28', 'R23', 'R70', 'R24', 'R8']"
2482109.5508524477,134.3117885142796,12.599784539748235,"['D3', 'R1', 'R7', 'R28', 'R5', 'R26', 'R11', 'R17', 'R14', 'R2', 'R3', 'R12', 'R10', 'R13', 'R6', 'R23', 'R20', 'R24', 'R70', 'R8']"
2481000.0628118413,122.006020539498,11.368547822202077,"['D3', 'R7', 'R11', 'R5', 'R26', 'R14', 'R17', 'R2', 'R3', 'R12', 'R10', 'R1', 'R6', 'R28', 'R20', 'R13', 'R23', 'R70', 'R24', 'R8']"
2482436.547144174,137.93863292118382,12.772323451094021,"['D3', 'R12', 'R3', 'R10', 'R7', 'R1', 'R5', 'R26', 'R14', 'R17', 'R2', 'R11', 'R6', 'R28', 'R13', 'R23', 'R20', 'R70', 'R24', 'R8']"
