total_cost,total_distance,total_fuel_consumed,route
2481151.04781029,123.68065450633028,11.345625285229044,"['D3', 'R7', 'R28', 'R1', 'R14', 'R17', 'R2', 'R11', 'R5', 'R26', 'R10', 'R12', 'R3', 'R70', 'R6', 'R13', 'R20', 'R23', 'R8', 'R24']"
2484369.624876999,159.3791579081509,14.669593442883698,"['D3', 'R7', 'R26', 'R11', 'R14', 'R17', 'R2', 'R28', 'R1', 'R10', 'R3', 'R12', 'R70', 'R5', 'R13', 'R6', 'R20', 'R8', 'R23', 'R24']"
2482920.02349765,143.30105920197167,13.063537627208259,"['D3', 'R5', 'R11', 'R1', 'R14', 'R17', 'R2', 'R26', 'R7', 'R13', 'R6', 'R3', 'R12', 'R10', 'R20', 'R28', 'R24', 'R23', 'R70', 'R8']"
2482947.5316658644,143.6061631085187,13.358085817025675,"['D3', 'R26', 'R11', 'R2', 'R17', 'R14', 'R1', 'R7', 'R28', 'R5', 'R3', 'R12', 'R10', 'R6', 'R13', 'R20', 'R23', 'R24', 'R70', 'R8']"
2482329.8366918284,136.75506534858522,12.724268899721682,"['D3', 'R7', 'R6', 'R1', 'R5', 'R11', 'R17', 'R14', 'R2', 'R26', 'R10', 'R12', 'R3', 'R23', 'R28', 'R13', 'R20', 'R24', 'R70', 'R8']"
