total_cost,total_distance,total_fuel_consumed,route
2479958.568748783,110.4544004967085,10.081697588119763,"['D3', 'R7', 'R1', 'R6', 'R20', 'R13', 'R28', 'R14', 'R17', 'R2', 'R11', 'R26', 'R5', 'R3', 'R12', 'R10', 'R23', 'R70', 'R8', 'R24']"
2481006.924204135,122.08212293849749,11.202638019587054,"['D3', 'R1', 'R7', 'R28', 'R6', 'R13', 'R20', 'R3', 'R12', 'R10', 'R23', 'R17', 'R14', 'R2', 'R5', 'R11', 'R26', 'R70', 'R24', 'R8']"
2480073.67067843,111.73104124256812,10.201220832944427,"['D3', 'R7', 'R1', 'R3', 'R12', 'R10', 'R23', 'R6', 'R13', 'R20', 'R28', 'R26', 'R11', 'R5', 'R14', 'R17', 'R2', 'R70', 'R8', 'R24']"
2480099.3437190675,112.01579102782131,10.385481164070873,"['D3', 'R7', 'R1', 'R10', 'R12', 'R3', 'R17', 'R14', 'R2', 'R11', 'R26', 'R5', 'R6', 'R13', 'R20', 'R23', 'R70', 'R28', 'R24', 'R8']"
2479713.7512135236,107.73903298052333,9.497191711173691,"['D3', 'R1', 'R7', 'R28', 'R6', 'R13', 'R20', 'R70', 'R12', 'R3', 'R10', 'R23', 'R17', 'R14', 'R2', 'R11', 'R26', 'R5', 'R24', 'R8']"
