total_cost,total_distance,total_fuel_consumed,route
2483105.039273057,145.35314189282653,13.459715721017766,"['D3', 'R7', 'R1', 'R12', 'R3', 'R10', 'R28', 'R6', 'R13', 'R11', 'R17', 'R14', 'R2', 'R26', 'R5', 'R23', 'R20', 'R24', 'R70', 'R8']"
2482450.6692275037,138.09526649849244,12.640412733454914,"['D3', 'R1', 'R7', 'R6', 'R12', 'R3', 'R10', 'R23', 'R13', 'R5', 'R26', 'R11', 'R14', 'R17', 'R2', 'R20', 'R28', 'R70', 'R8', 'R24']"
2480977.617082386,121.75706613117421,11.097281653479493,"['D3', 'R7', 'R1', 'R28', 'R6', 'R20', 'R13', 'R12', 'R3', 'R10', 'R26', 'R5', 'R17', 'R14', 'R2', 'R11', 'R70', 'R23', 'R24', 'R8']"
2480419.3760600416,115.56539551953962,10.8012743801126,"['D3', 'R1', 'R7', 'R10', 'R3', 'R12', 'R2', 'R17', 'R14', 'R11', 'R26', 'R5', 'R28', 'R13', 'R6', 'R20', 'R23', 'R70', 'R24', 'R8']"
2480839.9026634838,120.22962137848174,11.062915718590341,"['D3', 'R5', 'R26', 'R11', 'R14', 'R17', 'R2', 'R7', 'R1', 'R6', 'R28', 'R13', 'R20', 'R12', 'R3', 'R10', 'R70', 'R23', 'R8', 'R24']"
