total_cost,total_distance,total_fuel_consumed,route
2482608.4657300715,139.8454495349556,13.024306430084113,"['D3', 'R28', 'R7', 'R5', 'R26', 'R17', 'R14', 'R2', 'R3', 'R10', 'R12', 'R11', 'R1', 'R13', 'R6', 'R23', 'R20', 'R24', 'R70', 'R8']"
2480311.567685215,114.36965045713328,10.396749336518228,"['D3', 'R1', 'R2', 'R14', 'R17', 'R26', 'R5', 'R11', 'R7', 'R12', 'R3', 'R10', 'R70', 'R23', 'R6', 'R13', 'R28', 'R20', 'R24', 'R8']"
2481757.364723518,130.40555372136254,12.055614248824153,"['D3', 'R13', 'R28', 'R6', 'R7', 'R1', 'R11', 'R5', 'R26', 'R17', 'R14', 'R2', 'R12', 'R3', 'R10', 'R23', 'R20', 'R24', 'R70', 'R8']"
2480536.173941506,116.86084673365367,10.624833273382736,"['D3', 'R28', 'R7', 'R1', 'R3', 'R12', 'R17', 'R14', 'R2', 'R5', 'R26', 'R11', 'R23', 'R10', 'R70', 'R20', 'R6', 'R13', 'R24', 'R8']"
2482313.826082,136.57748538154377,12.59416631105521,"['D3', 'R7', 'R12', 'R3', 'R17', 'R14', 'R2', 'R26', 'R5', 'R11', 'R28', 'R1', 'R6', 'R13', 'R10', 'R20', 'R23', 'R70', 'R24', 'R8']"
