total_cost,total_distance,total_fuel_consumed,route
2479373.255814821,103.9624646719318,9.540898182030716,"['D1', 'R13', 'R20', 'R6', 'R28', 'R1', 'R7', 'R11', 'R5', 'R26', 'R17', 'R14', 'R2', 'R3', 'R12', 'R10', 'R23', 'R70', 'R8', 'R24']"
2481537.2369561032,127.96403012536635,11.860550522358729,"['D1', 'R13', 'R20', 'R6', 'R1', 'R7', 'R28', 'R11', 'R5', 'R26', 'R2', 'R17', 'R14', 'R12', 'R3', 'R10', 'R23', 'R8', 'R24', 'R70']"
2480007.24668523,110.99430662411653,10.229707530431531,"['D1', 'R13', 'R20', 'R6', 'R1', 'R7', 'R28', 'R5', 'R26', 'R11', 'R17', 'R14', 'R2', 'R10', 'R12', 'R3', 'R70', 'R23', 'R8', 'R24']"
2482143.4460595287,134.68773357950883,12.397901988667495,"['D1', 'R1', 'R7', 'R23', 'R10', 'R12', 'R3', 'R14', 'R17', 'R2', 'R5', 'R11', 'R26', 'R28', 'R6', 'R13', 'R20', 'R24', 'R70', 'R8']"
2479376.4218707182,103.99758064239916,9.541651040221915,"['D1', 'R13', 'R20', 'R6', 'R28', 'R1', 'R7', 'R26', 'R5', 'R11', 'R17', 'R14', 'R2', 'R3', 'R12', 'R10', 'R23', 'R70', 'R8', 'R24']"
