total_cost,total_distance,total_fuel_consumed,route
2482558.4030945725,139.29018516606746,12.915502886194012,"['D1', 'R6', 'R13', 'R7', 'R1', 'R5', 'R11', 'R2', 'R14', 'R17', 'R10', 'R12', 'R3', 'R26', 'R28', 'R23', 'R20', 'R70', 'R24', 'R8']"
2480843.395788089,120.26836499655043,10.942860163448406,"['D1', 'R13', 'R28', 'R7', 'R6', 'R20', 'R5', 'R26', 'R14', 'R17', 'R2', 'R11', 'R1', 'R12', 'R3', 'R10', 'R23', 'R70', 'R24', 'R8']"
2481659.2971174703,129.31784735437424,11.875469198542161,"['D1', 'R6', 'R13', 'R7', 'R1', 'R12', 'R3', 'R10', 'R11', 'R26', 'R5', 'R17', 'R14', 'R2', 'R28', 'R23', 'R70', 'R20', 'R24', 'R8']"
2481923.957668865,132.25330156239377,12.153599003186168,"['D1', 'R6', 'R13', 'R7', 'R28', 'R2', 'R14', 'R17', 'R11', 'R5', 'R26', 'R1', 'R10', 'R12', 'R3', 'R23', 'R20', 'R70', 'R24', 'R8']"
2480711.805190012,118.80884194778396,10.797714968186705,"['D1', 'R20', 'R13', 'R28', 'R26', 'R11', 'R5', 'R1', 'R7', 'R6', 'R3', 'R12', 'R10', 'R14', 'R17', 'R2', 'R70', 'R23', 'R24', 'R8']"
