total_cost,total_distance,total_fuel_consumed,route
2483789.841375504,152.94855119237317,14.102063406500836,"['D1', 'R1', 'R6', 'R3', 'R12', 'R10', 'R17', 'R14', 'R2', 'R26', 'R5', 'R11', 'R7', 'R13', 'R28', 'R20', 'R23', 'R24', 'R70', 'R8']"
2481255.3787515797,124.83782998646399,11.587314205108708,"['D1', 'R20', 'R13', 'R28', 'R7', 'R1', 'R11', 'R14', 'R17', 'R2', 'R26', 'R5', 'R3', 'R12', 'R23', 'R10', 'R6', 'R70', 'R24', 'R8']"
2482509.315125958,138.74573121072163,12.756685065846668,"['D1', 'R28', 'R1', 'R11', 'R2', 'R17', 'R14', 'R26', 'R5', 'R3', 'R12', 'R10', 'R23', 'R13', 'R7', 'R6', 'R24', 'R20', 'R70', 'R8']"
2483630.7516936115,151.1840249956909,13.939264449634805,"['D1', 'R28', 'R6', 'R2', 'R14', 'R17', 'R26', 'R5', 'R11', 'R1', 'R7', 'R12', 'R10', 'R3', 'R23', 'R13', 'R20', 'R8', 'R70', 'R24']"
2481143.1691664606,123.59326937068107,11.3038183456457,"['D1', 'R13', 'R20', 'R1', 'R3', 'R12', 'R2', 'R17', 'R14', 'R5', 'R11', 'R26', 'R7', 'R6', 'R28', 'R10', 'R70', 'R23', 'R24', 'R8']"
