total_cost,total_distance,total_fuel_consumed,route
2480407.8875382943,115.43797180894532,10.635251973432771,"['D1', 'R20', 'R13', 'R6', 'R7', 'R28', 'R11', 'R14', 'R17', 'R2', 'R26', 'R5', 'R1', 'R3', 'R10', 'R12', 'R23', 'R70', 'R24', 'R8']"
2479728.625262751,107.9040069071742,9.446626682063254,"['D1', 'R6', 'R7', 'R28', 'R1', 'R20', 'R13', 'R23', 'R12', 'R3', 'R10', 'R70', 'R2', 'R17', 'R14', 'R11', 'R5', 'R26', 'R8', 'R24']"
2482122.4574199277,134.45494032750153,12.258088691867872,"['D1', 'R20', 'R7', 'R1', 'R26', 'R3', 'R12', 'R10', 'R2', 'R17', 'R14', 'R11', 'R5', 'R13', 'R6', 'R28', 'R24', 'R23', 'R70', 'R8']"
2482292.1938538565,136.33755383603022,12.653436040935162,"['D1', 'R20', 'R13', 'R28', 'R7', 'R12', 'R3', 'R10', 'R2', 'R17', 'R14', 'R11', 'R5', 'R26', 'R1', 'R6', 'R23', 'R8', 'R24', 'R70']"
2481757.7223567595,130.4095203722161,12.162570571444821,"['D1', 'R13', 'R6', 'R28', 'R7', 'R1', 'R17', 'R14', 'R2', 'R26', 'R11', 'R5', 'R12', 'R3', 'R10', 'R70', 'R23', 'R24', 'R20', 'R8']"
