total_cost,total_distance,total_fuel_consumed,route
2480675.276871263,118.40369200602643,10.57498546903674,"['D2', 'R5', 'R11', 'R26', 'R1', 'R7', 'R6', 'R28', 'R3', 'R12', 'R10', 'R2', 'R17', 'R14', 'R70', 'R23', 'R20', 'R13', 'R24', 'R8']"
2480422.7767632497,115.60311405556409,10.260925120081074,"['D2', 'R28', 'R7', 'R1', 'R5', 'R11', 'R2', 'R14', 'R17', 'R26', 'R3', 'R12', 'R10', 'R70', 'R23', 'R20', 'R6', 'R13', 'R24', 'R8']"
2480471.8625397687,116.14754369752286,10.726765622695195,"['D2', 'R2', 'R17', 'R14', 'R11', 'R26', 'R5', 'R1', 'R7', 'R28', 'R6', 'R13', 'R20', 'R3', 'R12', 'R10', 'R23', 'R70', 'R24', 'R8']"
2480036.122858718,111.3145836148846,10.134367600033023,"['D2', 'R2', 'R17', 'R14', 'R11', 'R26', 'R5', 'R1', 'R7', 'R6', 'R28', 'R20', 'R13', 'R23', 'R10', 'R12', 'R3', 'R70', 'R8', 'R24']"
2479870.5764197055,109.47844298697967,9.93293874427785,"['D2', 'R26', 'R5', 'R2', 'R14', 'R17', 'R11', 'R1', 'R7', 'R28', 'R13', 'R6', 'R20', 'R23', 'R10', 'R12', 'R3', 'R70', 'R8', 'R24']"
