total_cost,total_distance,total_fuel_consumed,route
2481774.6991234845,130.5978163651836,12.108523362137507,"['D2', 'R17', 'R14', 'R2', 'R5', 'R26', 'R11', 'R1', 'R7', 'R3', 'R12', 'R10', 'R23', 'R6', 'R13', 'R28', 'R20', 'R70', 'R24', 'R8']"
2482145.501623197,134.7105326441558,12.3676567631942,"['D2', 'R17', 'R14', 'R2', 'R5', 'R11', 'R12', 'R3', 'R10', 'R1', 'R7', 'R26', 'R28', 'R6', 'R23', 'R20', 'R13', 'R70', 'R8', 'R24']"
2481257.6570146414,124.86309909762116,11.343322725322762,"['D2', 'R17', 'R14', 'R2', 'R11', 'R26', 'R5', 'R1', 'R6', 'R7', 'R13', 'R28', 'R23', 'R12', 'R3', 'R10', 'R70', 'R20', 'R24', 'R8']"
2482268.201565216,136.07144593185663,12.498491182102113,"['D2', 'R14', 'R2', 'R17', 'R26', 'R11', 'R5', 'R1', 'R23', 'R3', 'R10', 'R12', 'R28', 'R7', 'R13', 'R6', 'R20', 'R70', 'R24', 'R8']"
2482987.3655881225,144.04797679816147,13.291952792421839,"['D2', 'R17', 'R14', 'R2', 'R12', 'R3', 'R10', 'R23', 'R13', 'R7', 'R11', 'R5', 'R26', 'R1', 'R6', 'R28', 'R20', 'R24', 'R70', 'R8']"
