total_cost,total_distance,total_fuel_consumed,route
2483008.001125485,144.27685365445024,13.418866542765095,"['D2', 'R11', 'R26', 'R5', 'R17', 'R14', 'R2', 'R10', 'R3', 'R12', 'R7', 'R1', 'R28', 'R6', 'R13', 'R20', 'R23', 'R8', 'R70', 'R24']"
2479361.870806034,103.83618906426992,9.491209637010286,"['D2', 'R17', 'R14', 'R2', 'R11', 'R26', 'R5', 'R1', 'R7', 'R28', 'R6', 'R13', 'R20', 'R23', 'R10', 'R3', 'R12', 'R70', 'R8', 'R24']"
2481049.933610307,122.55915716844673,11.221549115998627,"['D2', 'R2', 'R14', 'R17', 'R5', 'R26', 'R11', 'R7', 'R1', 'R28', 'R13', 'R6', 'R20', 'R12', 'R3', 'R10', 'R23', 'R70', 'R24', 'R8']"
2480804.442763963,119.83632169435586,11.082064255696173,"['D2', 'R26', 'R5', 'R11', 'R17', 'R14', 'R2', 'R3', 'R12', 'R10', 'R23', 'R1', 'R7', 'R6', 'R13', 'R20', 'R28', 'R70', 'R8', 'R24']"
2481048.625236032,122.54464547506831,11.267593218114513,"['D2', 'R14', 'R17', 'R2', 'R11', 'R5', 'R26', 'R28', 'R7', 'R1', 'R10', 'R3', 'R12', 'R23', 'R6', 'R13', 'R20', 'R24', 'R8', 'R70']"
