total_cost,total_distance,total_fuel_consumed,route
2480896.433007123,120.85662164067296,11.039407390951874,"['D2', 'R11', 'R14', 'R17', 'R2', 'R5', 'R26', 'R7', 'R1', 'R3', 'R12', 'R10', 'R6', 'R28', 'R13', 'R20', 'R23', 'R70', 'R8', 'R24']"
2483463.3104292657,149.3268681151965,13.883176419175022,"['D2', 'R14', 'R17', 'R2', 'R11', 'R26', 'R5', 'R3', 'R12', 'R10', 'R1', 'R13', 'R7', 'R6', 'R20', 'R23', 'R28', 'R8', 'R70', 'R24']"
2480364.2731907666,114.95422793663539,10.584214144134487,"['D2', 'R2', 'R14', 'R17', 'R11', 'R5', 'R26', 'R10', 'R12', 'R3', 'R1', 'R7', 'R28', 'R13', 'R6', 'R20', 'R23', 'R70', 'R8', 'R24']"
2482004.238650817,133.14372948998857,12.177835944965915,"['D2', 'R14', 'R17', 'R2', 'R11', 'R26', 'R7', 'R28', 'R1', 'R3', 'R12', 'R23', 'R10', 'R6', 'R13', 'R20', 'R5', 'R70', 'R8', 'R24']"
2480781.798544996,119.58516576082792,10.991572943585188,"['D2', 'R14', 'R17', 'R2', 'R11', 'R5', 'R26', 'R7', 'R1', 'R3', 'R12', 'R10', 'R28', 'R13', 'R6', 'R20', 'R23', 'R70', 'R8', 'R24']"
