total_cost,total_distance,total_fuel_consumed,route
2216009.654651795,66.65544201192753,5.956008390486229,"['D6', 'R30', 'R35', 'R36', 'R27', 'R38', 'R22', 'R4', 'R32', 'R15', 'R16', 'R18', 'R21', 'R31', 'R9', 'R37', 'R33', 'R34']"
2215801.8826897247,64.35096150981192,5.710036982253363,"['D6', 'R38', 'R35', 'R30', 'R27', 'R36', 'R4', 'R32', 'R15', 'R18', 'R16', 'R31', 'R21', 'R33', 'R37', 'R9', 'R22', 'R34']"
2217008.1889923355,77.73057888570854,6.805127545758722,"['D6', 'R36', 'R27', 'R22', 'R38', 'R35', 'R32', 'R4', 'R30', 'R15', 'R18', 'R16', 'R31', 'R21', 'R9', 'R33', 'R37', 'R34']"
2216969.166013898,77.29775969274544,6.6849838347050285,"['D6', 'R27', 'R36', 'R22', 'R4', 'R32', 'R15', 'R38', 'R35', 'R30', 'R37', 'R33', 'R9', 'R21', 'R18', 'R16', 'R31', 'R34']"
2216250.284528458,69.32436256053772,6.1248048186645665,"['D6', 'R27', 'R36', 'R4', 'R32', 'R15', 'R31', 'R21', 'R16', 'R18', 'R9', 'R33', 'R37', 'R38', 'R30', 'R22', 'R35', 'R34']"
