total_cost,total_distance,total_fuel_consumed,route
2217248.3107852708,80.39386407798463,7.014140213096136,"['D6', 'R4', 'R36', 'R22', 'R27', 'R30', 'R38', 'R35', 'R15', 'R32', 'R16', 'R21', 'R18', 'R31', 'R33', 'R37', 'R9', 'R34']"
2218587.3836893598,95.2460480186323,8.457405400275467,"['D6', 'R22', 'R27', 'R36', 'R38', 'R30', 'R4', 'R31', 'R18', 'R21', 'R16', 'R15', 'R32', 'R35', 'R33', 'R37', 'R9', 'R34']"
2217473.4571516975,82.8910509283196,7.280121431239051,"['D6', 'R36', 'R27', 'R30', 'R4', 'R15', 'R32', 'R22', 'R38', 'R35', 'R18', 'R16', 'R21', 'R31', 'R37', 'R33', 'R9', 'R34']"
2216930.3376794853,76.86709937317474,6.6826040536879665,"['D6', 'R32', 'R4', 'R27', 'R36', 'R35', 'R30', 'R22', 'R38', 'R15', 'R16', 'R18', 'R31', 'R21', 'R9', 'R37', 'R33', 'R34']"
2216732.3291400126,74.67090882888951,6.582645482493925,"['D6', 'R27', 'R36', 'R30', 'R38', 'R22', 'R4', 'R31', 'R15', 'R21', 'R16', 'R18', 'R9', 'R37', 'R33', 'R32', 'R35', 'R34']"
