total_cost,total_distance,total_fuel_consumed,route
2216164.794346301,68.37615734584023,5.93186475250725,"['D6', 'R36', 'R27', 'R4', 'R15', 'R32', 'R18', 'R16', 'R21', 'R31', 'R9', 'R37', 'R33', 'R22', 'R38', 'R30', 'R35', 'R34']"
2216152.099705174,68.2353560911089,6.041664588190756,"['D6', 'R36', 'R27', 'R22', 'R35', 'R30', 'R38', 'R4', 'R15', 'R32', 'R31', 'R18', 'R16', 'R21', 'R37', 'R33', 'R9', 'R34']"
2215808.7909631734,64.4275838861308,5.635266756602885,"['D6', 'R27', 'R36', 'R4', 'R15', 'R32', 'R31', 'R18', 'R16', 'R21', 'R33', 'R37', 'R9', 'R22', 'R38', 'R35', 'R30', 'R34']"
2217187.2868528906,79.71702365673121,7.094553218013786,"['D6', 'R27', 'R36', 'R4', 'R22', 'R38', 'R35', 'R30', 'R18', 'R16', 'R21', 'R31', 'R15', 'R32', 'R33', 'R37', 'R9', 'R34']"
2216591.577101423,73.10977264222683,6.398678320581138,"['D6', 'R35', 'R38', 'R27', 'R36', 'R4', 'R22', 'R30', 'R31', 'R18', 'R16', 'R21', 'R37', 'R33', 'R9', 'R15', 'R32', 'R34']"
