total_cost,total_distance,total_fuel_consumed,route
2215141.0130998376,57.02099711443576,5.1403963544431575,"['D6', 'R30', 'R35', 'R38', 'R22', 'R27', 'R36', 'R4', 'R32', 'R15', 'R31', 'R16', 'R18', 'R21', 'R9', 'R33', 'R37', 'R34']"
2215831.3662396646,64.67797515156397,5.760524556541192,"['D6', 'R30', 'R35', 'R38', 'R36', 'R27', 'R4', 'R22', 'R15', 'R32', 'R31', 'R16', 'R18', 'R21', 'R9', 'R37', 'R33', 'R34']"
2215323.908123139,59.049557710056085,5.289011718185464,"['D6', 'R30', 'R35', 'R38', 'R36', 'R27', 'R4', 'R32', 'R15', 'R31', 'R16', 'R18', 'R21', 'R9', 'R33', 'R37', 'R22', 'R34']"
2215343.2216007803,59.263771082302995,5.31333015710328,"['D6', 'R30', 'R35', 'R38', 'R22', 'R4', 'R36', 'R27', 'R32', 'R15', 'R31', 'R16', 'R18', 'R21', 'R9', 'R33', 'R37', 'R34']"
2215530.317374811,61.33892385549024,5.467638739212623,"['D6', 'R30', 'R35', 'R38', 'R22', 'R4', 'R32', 'R15', 'R31', 'R18', 'R16', 'R21', 'R9', 'R33', 'R37', 'R36', 'R27', 'R34']"
