total_cost,total_distance,total_fuel_consumed,route
2217832.263837413,86.87071691895412,7.632204483906203,"['D6', 'R30', 'R27', 'R38', 'R35', 'R36', 'R22', 'R15', 'R4', 'R16', 'R31', 'R9', 'R21', 'R18', 'R33', 'R37', 'R32', 'R34']"
2217299.0384476776,80.95650452171412,6.754215009987425,"['D6', 'R30', 'R36', 'R27', 'R4', 'R38', 'R35', 'R22', 'R34', 'R21', 'R16', 'R31', 'R18', 'R9', 'R33', 'R37', 'R15', 'R32']"
2216372.5843064184,70.68083747136747,6.276734338063632,"['D6', 'R35', 'R30', 'R36', 'R27', 'R38', 'R22', 'R32', 'R4', 'R15', 'R31', 'R18', 'R16', 'R9', 'R21', 'R33', 'R37', 'R34']"
2216890.9612211077,76.43035959524785,6.707392948439967,"['D6', 'R38', 'R22', 'R36', 'R27', 'R35', 'R30', 'R32', 'R4', 'R16', 'R18', 'R31', 'R21', 'R33', 'R37', 'R9', 'R15', 'R34']"
2216591.689402396,73.11101821645775,6.371490941803625,"['D6', 'R30', 'R36', 'R27', 'R4', 'R38', 'R35', 'R22', 'R15', 'R37', 'R33', 'R9', 'R16', 'R18', 'R21', 'R31', 'R32', 'R34']"
