total_cost,total_distance,total_fuel_consumed,route
2215928.5947725084,65.75637502781852,5.816575710185464,"['D6', 'R27', 'R36', 'R4', 'R32', 'R15', 'R31', 'R16', 'R18', 'R21', 'R9', 'R37', 'R33', 'R30', 'R38', 'R35', 'R22', 'R34']"
2216032.9310121844,66.91360927445,5.853878243742738,"['D6', 'R36', 'R27', 'R4', 'R32', 'R15', 'R18', 'R16', 'R21', 'R31', 'R33', 'R37', 'R9', 'R22', 'R38', 'R35', 'R30', 'R34']"
2216117.2067779256,67.84834491931896,5.9949275680958936,"['D6', 'R36', 'R27', 'R38', 'R35', 'R30', 'R4', 'R22', 'R15', 'R32', 'R31', 'R16', 'R18', 'R21', 'R9', 'R33', 'R37', 'R34']"
2216056.1370684756,67.17099676659039,5.9294313370545995,"['D6', 'R27', 'R36', 'R30', 'R22', 'R4', 'R32', 'R15', 'R31', 'R18', 'R16', 'R21', 'R37', 'R33', 'R9', 'R35', 'R38', 'R34']"
2215958.114840426,66.08379370481308,5.833894796577218,"['D6', 'R36', 'R27', 'R4', 'R32', 'R15', 'R31', 'R16', 'R18', 'R21', 'R33', 'R37', 'R9', 'R30', 'R38', 'R35', 'R22', 'R34']"
