total_cost,total_distance,total_fuel_consumed,route
2216373.723945127,70.69347765224776,6.29861277278634,"['D6', 'R30', 'R35', 'R38', 'R27', 'R36', 'R4', 'R22', 'R15', 'R32', 'R21', 'R16', 'R18', 'R31', 'R33', 'R37', 'R9', 'R34']"
2215407.3625860517,59.975183962420985,5.386688290103576,"['D6', 'R30', 'R35', 'R38', 'R22', 'R27', 'R36', 'R4', 'R15', 'R32', 'R31', 'R18', 'R16', 'R21', 'R9', 'R37', 'R33', 'R34']"
2215336.5765520087,59.190068234348274,5.31003560061011,"['D6', 'R30', 'R35', 'R38', 'R22', 'R4', 'R36', 'R27', 'R32', 'R15', 'R31', 'R18', 'R16', 'R21', 'R9', 'R37', 'R33', 'R34']"
2216288.505163015,69.74828264214044,6.199845765830788,"['D6', 'R30', 'R35', 'R38', 'R22', 'R32', 'R4', 'R27', 'R36', 'R15', 'R16', 'R18', 'R21', 'R31', 'R9', 'R37', 'R33', 'R34']"
2216275.3199422737,69.60204017606016,6.217298845452557,"['D6', 'R30', 'R35', 'R38', 'R22', 'R36', 'R27', 'R32', 'R15', 'R4', 'R18', 'R16', 'R21', 'R31', 'R9', 'R33', 'R37', 'R34']"
