total_cost,total_distance,total_fuel_consumed,route
2217136.837044191,79.15746499768453,6.874706175717824,"['D6', 'R4', 'R27', 'R22', 'R36', 'R38', 'R30', 'R35', 'R32', 'R31', 'R15', 'R21', 'R16', 'R18', 'R9', 'R33', 'R37', 'R34']"
2216896.8702127393,76.49589854413418,6.669475710535525,"['D6', 'R35', 'R27', 'R36', 'R4', 'R22', 'R38', 'R30', 'R18', 'R16', 'R31', 'R21', 'R33', 'R37', 'R9', 'R15', 'R32', 'R34']"
2216955.685040545,77.14823691819943,6.784061682979079,"['D6', 'R27', 'R36', 'R30', 'R35', 'R38', 'R32', 'R22', 'R4', 'R18', 'R16', 'R31', 'R21', 'R33', 'R37', 'R9', 'R15', 'R34']"
2217355.9706415324,81.5879618626104,7.213376618337643,"['D6', 'R27', 'R36', 'R4', 'R32', 'R15', 'R22', 'R38', 'R30', 'R35', 'R16', 'R18', 'R31', 'R9', 'R21', 'R37', 'R33', 'R34']"
2216837.882015413,75.84163726057182,6.6929575463086834,"['D6', 'R27', 'R36', 'R22', 'R30', 'R38', 'R4', 'R15', 'R32', 'R31', 'R21', 'R16', 'R18', 'R33', 'R37', 'R9', 'R35', 'R34']"
