total_cost,total_distance,total_fuel_consumed,route
2216022.2312187217,66.79493365929275,5.8390278422856,"['D6', 'R35', 'R30', 'R36', 'R27', 'R4', 'R15', 'R32', 'R16', 'R31', 'R18', 'R21', 'R37', 'R33', 'R9', 'R22', 'R38', 'R34']"
2217641.3138024868,84.75281502314606,7.532801576451753,"['D6', 'R35', 'R30', 'R36', 'R38', 'R27', 'R4', 'R31', 'R18', 'R16', 'R21', 'R15', 'R32', 'R22', 'R9', 'R37', 'R33', 'R34']"
2217156.989297122,79.38098155636894,6.937798331906295,"['D6', 'R38', 'R27', 'R36', 'R22', 'R4', 'R32', 'R15', 'R35', 'R30', 'R31', 'R18', 'R21', 'R16', 'R9', 'R37', 'R33', 'R34']"
2217940.9414882716,88.07610346352635,7.8818223892943635,"['D6', 'R36', 'R27', 'R4', 'R32', 'R31', 'R18', 'R16', 'R21', 'R15', 'R22', 'R30', 'R38', 'R35', 'R33', 'R37', 'R9', 'R34']"
2216860.502845196,76.0925337754658,6.624373390043777,"['D6', 'R30', 'R4', 'R15', 'R27', 'R36', 'R22', 'R38', 'R35', 'R32', 'R31', 'R16', 'R21', 'R18', 'R9', 'R37', 'R33', 'R34']"
