total_cost,total_distance,total_fuel_consumed,route
2217429.187480682,82.40003860561302,7.167930688757179,"['D6', 'R27', 'R36', 'R38', 'R30', 'R32', 'R4', 'R22', 'R35', 'R31', 'R15', 'R16', 'R18', 'R21', 'R9', 'R33', 'R37', 'R34']"
2216136.6044027433,68.06349160097199,6.025969445330281,"['D6', 'R36', 'R27', 'R38', 'R22', 'R4', 'R32', 'R15', 'R18', 'R16', 'R31', 'R21', 'R37', 'R33', 'R9', 'R30', 'R35', 'R34']"
2216933.369256433,76.90072378475166,6.565139083615995,"['D6', 'R30', 'R27', 'R36', 'R32', 'R4', 'R35', 'R15', 'R9', 'R33', 'R37', 'R21', 'R18', 'R16', 'R31', 'R38', 'R22', 'R34']"
2216254.2616443746,69.368474316488,6.016615335067474,"['D6', 'R36', 'R27', 'R35', 'R30', 'R38', 'R4', 'R16', 'R18', 'R31', 'R21', 'R37', 'R33', 'R9', 'R15', 'R32', 'R22', 'R34']"
2217308.9588546064,81.06653565446189,7.196968772880831,"['D6', 'R30', 'R36', 'R27', 'R4', 'R38', 'R35', 'R22', 'R31', 'R21', 'R16', 'R18', 'R15', 'R32', 'R33', 'R37', 'R9', 'R34']"
