total_cost,total_distance,total_fuel_consumed,route
2483097.48231889,145.26932474367516,13.014090260982261,"['D2', 'R12', 'R3', 'R10', 'R13', 'R28', 'R6', 'R7', 'R11', 'R26', 'R17', 'R14', 'R2', 'R70', 'R1', 'R5', 'R20', 'R23', 'R24', 'R8']"
2480884.7037961325,120.72652835107237,11.123403407968606,"['D2', 'R2', 'R14', 'R17', 'R11', 'R26', 'R5', 'R1', 'R10', 'R3', 'R12', 'R7', 'R6', 'R20', 'R13', 'R28', 'R23', 'R70', 'R8', 'R24']"
2482246.641404935,135.83231371933428,12.507076681602532,"['D2', 'R17', 'R14', 'R2', 'R11', 'R5', 'R26', 'R1', 'R28', 'R7', 'R3', 'R10', 'R12', 'R6', 'R20', 'R13', 'R70', 'R23', 'R8', 'R24']"
2481844.882193496,131.3762443821743,12.05275264019285,"['D2', 'R2', 'R17', 'R14', 'R11', 'R5', 'R26', 'R1', 'R6', 'R7', 'R28', 'R13', 'R3', 'R10', 'R12', 'R23', 'R20', 'R70', 'R8', 'R24']"
2481942.598056546,132.4600494293083,12.225717605976568,"['D2', 'R2', 'R17', 'R14', 'R11', 'R5', 'R26', 'R3', 'R10', 'R12', 'R1', 'R7', 'R6', 'R23', 'R13', 'R28', 'R20', 'R70', 'R8', 'R24']"
