total_cost,total_distance,total_fuel_consumed,route
2481693.786593942,129.70038369500753,11.96045900708062,"['D2', 'R2', 'R14', 'R17', 'R12', 'R3', 'R10', 'R1', 'R7', 'R20', 'R13', 'R6', 'R28', 'R26', 'R11', 'R5', 'R23', 'R70', 'R24', 'R8']"
2480564.4113267,117.1740386723601,10.72619417458726,"['D2', 'R17', 'R14', 'R2', 'R26', 'R11', 'R5', 'R1', 'R7', 'R6', 'R13', 'R20', 'R10', 'R3', 'R12', 'R70', 'R23', 'R28', 'R8', 'R24']"
2482873.7835691925,142.78819397950983,13.281643122719952,"['D2', 'R11', 'R26', 'R5', 'R14', 'R17', 'R2', 'R12', 'R3', 'R10', 'R6', 'R28', 'R1', 'R7', 'R13', 'R20', 'R23', 'R24', 'R70', 'R8']"
2480980.4341432536,121.78831126057568,11.05934481540419,"['D2', 'R11', 'R26', 'R14', 'R17', 'R2', 'R5', 'R1', 'R7', 'R6', 'R28', 'R20', 'R13', 'R10', 'R3', 'R12', 'R70', 'R23', 'R24', 'R8']"
2481378.2276872434,126.20039582124315,11.70485160779516,"['D2', 'R17', 'R14', 'R2', 'R5', 'R26', 'R11', 'R1', 'R7', 'R3', 'R12', 'R10', 'R23', 'R20', 'R13', 'R6', 'R28', 'R24', 'R70', 'R8']"
