total_cost,total_distance,total_fuel_consumed,route
2484371.0314948293,159.3947592594239,14.553590553188087,"['D2', 'R11', 'R2', 'R14', 'R17', 'R5', 'R7', 'R28', 'R13', 'R23', 'R12', 'R3', 'R10', 'R26', 'R20', 'R1', 'R6', 'R24', 'R70', 'R8']"
2481194.8741737893,124.16674993111549,11.420088339514122,"['D2', 'R26', 'R2', 'R14', 'R17', 'R11', 'R5', 'R10', 'R12', 'R3', 'R1', 'R6', 'R7', 'R28', 'R13', 'R20', 'R23', 'R70', 'R24', 'R8']"
2481863.3064351357,131.58059488837097,12.100730776422047,"['D2', 'R2', 'R17', 'R14', 'R11', 'R26', 'R5', 'R28', 'R1', 'R10', 'R12', 'R3', 'R7', 'R6', 'R20', 'R13', 'R24', 'R23', 'R70', 'R8']"
2481617.911569155,128.8588239702183,11.911288986029094,"['D2', 'R11', 'R17', 'R14', 'R2', 'R26', 'R5', 'R7', 'R1', 'R12', 'R3', 'R10', 'R23', 'R6', 'R13', 'R20', 'R28', 'R70', 'R24', 'R8']"
2483981.5678332243,155.0750646985889,14.050287060776085,"['D2', 'R3', 'R26', 'R14', 'R17', 'R2', 'R11', 'R12', 'R10', 'R6', 'R13', 'R7', 'R1', 'R5', 'R28', 'R23', 'R20', 'R70', 'R24', 'R8']"
