total_cost,total_distance,total_fuel_consumed,route
2481559.2142796414,128.2077892595555,11.770596642798306,"['D2', 'R17', 'R14', 'R2', 'R11', 'R26', 'R5', 'R7', 'R1', 'R28', 'R10', 'R3', 'R12', 'R23', 'R13', 'R6', 'R20', 'R24', 'R8', 'R70']"
2481294.850998439,125.27563219209532,11.413411240059498,"['D2', 'R5', 'R11', 'R14', 'R17', 'R2', 'R26', 'R7', 'R1', 'R28', 'R13', 'R6', 'R10', 'R12', 'R3', 'R23', 'R70', 'R20', 'R24', 'R8']"
2482238.2593476665,135.73934502736088,12.573539239578823,"['D2', 'R26', 'R5', 'R11', 'R14', 'R17', 'R2', 'R12', 'R3', 'R10', 'R28', 'R7', 'R1', 'R20', 'R13', 'R23', 'R6', 'R70', 'R24', 'R8']"
2480721.565770802,118.91710038600587,10.934172451828044,"['D2', 'R14', 'R17', 'R2', 'R11', 'R5', 'R26', 'R28', 'R7', 'R1', 'R3', 'R12', 'R10', 'R23', 'R20', 'R6', 'R13', 'R24', 'R8', 'R70']"
2480952.871040477,121.4825980532105,11.269143454875922,"['D2', 'R26', 'R5', 'R11', 'R2', 'R17', 'R14', 'R3', 'R12', 'R10', 'R1', 'R7', 'R6', 'R13', 'R28', 'R20', 'R23', 'R70', 'R24', 'R8']"
