total_cost,total_distance,total_fuel_consumed,route
2215044.8886795314,55.9548433843331,4.81526257373749,"['D4', 'R9', 'R37', 'R33', 'R16', 'R21', 'R31', 'R18', 'R15', 'R32', 'R36', 'R27', 'R4', 'R22', 'R35', 'R30', 'R38', 'R34']"
2214710.975497873,52.25128103231106,4.564332591752589,"['D4', 'R33', 'R37', 'R9', 'R16', 'R21', 'R31', 'R18', 'R15', 'R32', 'R4', 'R36', 'R27', 'R38', 'R30', 'R35', 'R22', 'R34']"
2214933.2463734103,54.71657468290461,4.7411099048892575,"['D4', 'R37', 'R33', 'R9', 'R21', 'R31', 'R16', 'R18', 'R15', 'R32', 'R27', 'R36', 'R4', 'R22', 'R35', 'R30', 'R38', 'R34']"
2217114.9949879334,78.9152061660753,7.186239166040151,"['D4', 'R33', 'R37', 'R21', 'R16', 'R31', 'R18', 'R15', 'R32', 'R36', 'R27', 'R4', 'R22', 'R35', 'R38', 'R30', 'R34', 'R9']"
2214786.7269366705,53.091470016311526,4.604792247238979,"['D4', 'R33', 'R37', 'R9', 'R21', 'R16', 'R18', 'R31', 'R15', 'R32', 'R27', 'R36', 'R4', 'R22', 'R38', 'R30', 'R35', 'R34']"
