total_cost,total_distance,total_fuel_consumed,route
2216787.0629214104,75.2779827130712,6.59252854015221,"['D4', 'R9', 'R33', 'R37', 'R16', 'R21', 'R31', 'R18', 'R27', 'R36', 'R22', 'R4', 'R35', 'R30', 'R38', 'R15', 'R32', 'R34']"
2215738.4608644247,63.64752511562732,5.614834434359349,"['D4', 'R33', 'R37', 'R9', 'R21', 'R16', 'R31', 'R32', 'R27', 'R36', 'R22', 'R38', 'R35', 'R30', 'R4', 'R15', 'R18', 'R34']"
2214713.7684853864,52.28225915468374,4.543137132001708,"['D4', 'R33', 'R37', 'R9', 'R21', 'R16', 'R31', 'R15', 'R18', 'R32', 'R4', 'R36', 'R27', 'R22', 'R35', 'R30', 'R38', 'R34']"
2215680.804342143,63.008033963427025,5.432964551691767,"['D4', 'R37', 'R33', 'R9', 'R31', 'R16', 'R21', 'R18', 'R32', 'R15', 'R4', 'R38', 'R35', 'R36', 'R27', 'R30', 'R22', 'R34']"
2214949.5270339493,54.89714988852262,4.772342469186783,"['D4', 'R37', 'R33', 'R9', 'R21', 'R16', 'R31', 'R32', 'R15', 'R18', 'R4', 'R27', 'R36', 'R22', 'R38', 'R35', 'R30', 'R34']"
