total_cost,total_distance,total_fuel_consumed,route
2216222.7313737674,69.01875969130082,5.971497260972079,"['D4', 'R9', 'R33', 'R37', 'R18', 'R31', 'R16', 'R21', 'R15', 'R36', 'R27', 'R30', 'R35', 'R38', 'R22', 'R4', 'R32', 'R34']"
2215747.740444027,63.750448580603596,5.462397038562081,"['D4', 'R33', 'R37', 'R21', 'R16', 'R9', 'R31', 'R15', 'R18', 'R32', 'R36', 'R27', 'R4', 'R38', 'R22', 'R30', 'R35', 'R34']"
2216503.7551658577,72.13570503391537,6.053553734012194,"['D4', 'R37', 'R33', 'R21', 'R9', 'R4', 'R18', 'R31', 'R16', 'R15', 'R32', 'R27', 'R36', 'R38', 'R30', 'R35', 'R22', 'R34']"
2216438.3888236377,71.41070123821925,6.098283621534072,"['D4', 'R9', 'R33', 'R37', 'R31', 'R15', 'R18', 'R16', 'R21', 'R32', 'R22', 'R27', 'R4', 'R36', 'R35', 'R38', 'R30', 'R34']"
2216177.118839662,68.51285314620876,5.844776401924733,"['D4', 'R21', 'R9', 'R37', 'R33', 'R16', 'R31', 'R15', 'R18', 'R32', 'R30', 'R36', 'R27', 'R4', 'R38', 'R22', 'R35', 'R34']"
