total_cost,total_distance,total_fuel_consumed,route
2217061.598414923,78.32296378575006,6.628281569562326,"['D4', 'R21', 'R37', 'R33', 'R9', 'R18', 'R15', 'R31', 'R16', 'R4', 'R27', 'R36', 'R38', 'R32', 'R22', 'R30', 'R35', 'R34']"
2218121.3226242918,90.07678154716096,7.566940702439767,"['D4', 'R37', 'R33', 'R31', 'R16', 'R9', 'R35', 'R36', 'R4', 'R32', 'R15', 'R18', 'R21', 'R30', 'R27', 'R22', 'R38', 'R34']"
2216942.8739121645,77.00614365754707,6.6532009228321805,"['D4', 'R21', 'R9', 'R37', 'R33', 'R31', 'R16', 'R18', 'R15', 'R4', 'R27', 'R22', 'R36', 'R38', 'R35', 'R32', 'R30', 'R34']"
2216250.083543461,69.32213335693311,5.8797114929624374,"['D4', 'R9', 'R37', 'R33', 'R31', 'R21', 'R16', 'R15', 'R18', 'R22', 'R4', 'R32', 'R30', 'R27', 'R36', 'R38', 'R35', 'R34']"
2217604.884200669,84.34875998966979,7.0070430396485275,"['D4', 'R16', 'R21', 'R37', 'R33', 'R9', 'R27', 'R31', 'R18', 'R15', 'R36', 'R30', 'R32', 'R4', 'R22', 'R38', 'R35', 'R34']"
