total_cost,total_distance,total_fuel_consumed,route
2214433.0411023777,49.16860140170661,4.32055263549218,"['D4', 'R37', 'R33', 'R9', 'R21', 'R16', 'R31', 'R18', 'R15', 'R32', 'R4', 'R36', 'R27', 'R38', 'R35', 'R30', 'R22', 'R34']"
2216163.534051426,68.36217891999361,5.938408266496009,"['D4', 'R33', 'R37', 'R9', 'R16', 'R21', 'R36', 'R27', 'R22', 'R38', 'R35', 'R30', 'R4', 'R32', 'R15', 'R18', 'R31', 'R34']"
2214525.1260445677,50.189951692191,4.371353251498865,"['D4', 'R37', 'R33', 'R9', 'R21', 'R16', 'R31', 'R18', 'R15', 'R32', 'R4', 'R38', 'R22', 'R27', 'R36', 'R30', 'R35', 'R34']"
2215257.4814115097,58.312792940432985,4.957728026899037,"['D4', 'R9', 'R33', 'R37', 'R16', 'R21', 'R18', 'R31', 'R32', 'R15', 'R4', 'R27', 'R36', 'R30', 'R35', 'R38', 'R22', 'R34']"
2216636.192459772,73.60461911902911,6.593374001357717,"['D4', 'R9', 'R21', 'R16', 'R31', 'R18', 'R15', 'R32', 'R4', 'R27', 'R36', 'R22', 'R38', 'R35', 'R30', 'R34', 'R37', 'R33']"
