total_cost,total_distance,total_fuel_consumed,route
2217100.529134667,78.75475970127573,6.756791225083193,"['D5', 'R36', 'R27', 'R4', 'R32', 'R15', 'R18', 'R16', 'R21', 'R31', 'R9', 'R37', 'R33', 'R34', 'R22', 'R30', 'R35', 'R38']"
2215819.1437330837,64.54241052666386,5.731750860175167,"['D5', 'R4', 'R27', 'R36', 'R30', 'R35', 'R38', 'R22', 'R15', 'R32', 'R31', 'R16', 'R18', 'R21', 'R9', 'R33', 'R37', 'R34']"
2217195.776906575,79.8111901794062,7.041050029195061,"['D5', 'R4', 'R15', 'R32', 'R36', 'R27', 'R30', 'R35', 'R38', 'R22', 'R9', 'R16', 'R18', 'R21', 'R31', 'R33', 'R37', 'R34']"
2215470.013975084,60.67007514511858,5.180574906751977,"['D5', 'R31', 'R18', 'R16', 'R21', 'R33', 'R37', 'R9', 'R15', 'R32', 'R36', 'R27', 'R4', 'R22', 'R38', 'R30', 'R35', 'R34']"
2216511.97178492,72.22683878570943,6.325587614010223,"['D5', 'R4', 'R36', 'R27', 'R22', 'R30', 'R38', 'R35', 'R32', 'R18', 'R16', 'R21', 'R9', 'R33', 'R37', 'R31', 'R15', 'R34']"
