total_cost,total_distance,total_fuel_consumed,route
2216932.1077866666,76.88673232771248,6.726591025755372,"['D5', 'R36', 'R4', 'R38', 'R22', 'R35', 'R30', 'R27', 'R15', 'R31', 'R16', 'R21', 'R18', 'R9', 'R37', 'R33', 'R32', 'R34']"
2218458.896275828,93.82094360945018,8.18132507384311,"['D5', 'R30', 'R36', 'R31', 'R16', 'R18', 'R21', 'R15', 'R4', 'R27', 'R35', 'R22', 'R38', 'R32', 'R9', 'R37', 'R33', 'R34']"
2215869.980485596,65.10626093163569,5.633700910919502,"['D5', 'R4', 'R15', 'R31', 'R16', 'R18', 'R21', 'R9', 'R37', 'R33', 'R32', 'R36', 'R27', 'R38', 'R22', 'R35', 'R30', 'R34']"
2217129.000325991,79.07054487567542,6.877115627134971,"['D5', 'R22', 'R32', 'R36', 'R27', 'R38', 'R35', 'R4', 'R15', 'R21', 'R18', 'R16', 'R9', 'R33', 'R37', 'R31', 'R30', 'R34']"
2217885.848065353,87.46504065387239,7.673813697936797,"['D5', 'R38', 'R27', 'R35', 'R36', 'R4', 'R15', 'R31', 'R18', 'R21', 'R16', 'R9', 'R33', 'R37', 'R30', 'R22', 'R32', 'R34']"
