total_cost,total_distance,total_fuel_consumed,route
2216356.382303028,70.50113468309843,6.057026501741045,"['D5', 'R27', 'R36', 'R30', 'R15', 'R32', 'R31', 'R18', 'R16', 'R21', 'R37', 'R33', 'R9', 'R4', 'R22', 'R35', 'R38', 'R34']"
2217441.3017473556,82.53440269915384,7.154711316048894,"['D5', 'R32', 'R4', 'R27', 'R36', 'R38', 'R30', 'R18', 'R16', 'R31', 'R15', 'R21', 'R9', 'R37', 'R33', 'R22', 'R35', 'R34']"
2216134.54553593,68.04065589984032,5.972535551960895,"['D5', 'R4', 'R27', 'R36', 'R30', 'R38', 'R22', 'R31', 'R18', 'R16', 'R21', 'R33', 'R37', 'R9', 'R15', 'R32', 'R35', 'R34']"
2217681.9038161314,85.20301481956288,7.356504904665565,"['D5', 'R4', 'R22', 'R27', 'R36', 'R31', 'R16', 'R18', 'R15', 'R32', 'R38', 'R30', 'R35', 'R34', 'R37', 'R33', 'R9', 'R21']"
2217077.7464682,78.50206819210264,6.8411095511219635,"['D5', 'R22', 'R36', 'R27', 'R4', 'R32', 'R15', 'R37', 'R33', 'R21', 'R16', 'R31', 'R18', 'R9', 'R35', 'R38', 'R30', 'R34']"
