total_cost,total_distance,total_fuel_consumed,route
393152.27781681414,34.96315236040563,12.40472425187491,"['W4', 'D6', 'D5', 'D4']"
392576.7074800435,28.57927551068683,5.624969673477279,"['W4', 'D4', 'D5', 'D6']"
393152.27781681414,34.96315236040563,12.40472425187491,"['W4', 'D6', 'D5', 'D4']"
392576.7074800435,28.57927551068683,5.624969673477279,"['W4', 'D4', 'D5', 'D6']"
392576.7074800435,28.57927551068683,5.624969673477279,"['W4', 'D4', 'D5', 'D6']"
