total_cost,total_distance,total_fuel_consumed,route
264779.1333600286,53.007246672899456,6.756791366233866,"['W3', 'D4', 'D6']"
264779.1333600286,53.007246672899456,6.756791366233866,"['W3', 'D4', 'D6']"
264779.1333600286,53.007246672899456,6.756791366233866,"['W3', 'D4', 'D6']"
264779.1333600286,53.007246672899456,6.756791366233866,"['W3', 'D4', 'D6']"
264779.1333600286,53.007246672899456,6.756791366233866,"['W3', 'D4', 'D6']"
