total_cost,total_distance,total_fuel_consumed,route
2216738.6441811156,74.74095143206965,6.506425282021956,"['D6', 'R30', 'R27', 'R36', 'R38', 'R32', 'R4', 'R16', 'R18', 'R21', 'R9', 'R33', 'R37', 'R31', 'R15', 'R35', 'R22', 'R34']"
2216206.58291286,68.83965076375024,6.040225312012025,"['D6', 'R35', 'R36', 'R27', 'R4', 'R32', 'R15', 'R31', 'R16', 'R18', 'R21', 'R37', 'R33', 'R9', 'R38', 'R30', 'R22', 'R34']"
2216634.8021977036,73.58919917595409,6.438644478006044,"['D6', 'R36', 'R27', 'R32', 'R4', 'R35', 'R38', 'R30', 'R22', 'R15', 'R31', 'R16', 'R18', 'R21', 'R33', 'R37', 'R9', 'R34']"
2216403.9341646535,71.02855107202154,6.150031070625525,"['D6', 'R4', 'R27', 'R36', 'R32', 'R31', 'R18', 'R21', 'R16', 'R9', 'R33', 'R37', 'R15', 'R22', 'R35', 'R38', 'R30', 'R34']"
2217287.326876686,80.82660688427323,7.020781590135748,"['D6', 'R30', 'R38', 'R15', 'R4', 'R36', 'R27', 'R35', 'R22', 'R32', 'R21', 'R18', 'R16', 'R31', 'R9', 'R33', 'R37', 'R34']"
