total_cost,total_distance,total_fuel_consumed,route
2216593.104794053,73.12671688169044,6.5077702146322345,"['D6', 'R30', 'R36', 'R27', 'R22', 'R38', 'R35', 'R4', 'R32', 'R15', 'R9', 'R21', 'R18', 'R16', 'R31', 'R33', 'R37', 'R34']"
2215770.4731542934,64.00258600591917,5.678561201635077,"['D6', 'R36', 'R27', 'R22', 'R35', 'R30', 'R38', 'R4', 'R32', 'R15', 'R31', 'R16', 'R18', 'R21', 'R9', 'R37', 'R33', 'R34']"
2215468.744105148,60.65599051850633,5.448042061062803,"['D6', 'R27', 'R36', 'R30', 'R35', 'R38', 'R22', 'R4', 'R32', 'R15', 'R31', 'R18', 'R16', 'R21', 'R37', 'R33', 'R9', 'R34']"
2216248.8354386226,69.3082901355645,6.160565555203183,"['D6', 'R30', 'R36', 'R27', 'R4', 'R22', 'R38', 'R35', 'R32', 'R31', 'R18', 'R16', 'R21', 'R9', 'R37', 'R33', 'R15', 'R34']"
2216217.5463723075,68.96125080199239,6.097080523655903,"['D6', 'R36', 'R27', 'R22', 'R30', 'R38', 'R35', 'R4', 'R32', 'R15', 'R16', 'R18', 'R31', 'R21', 'R9', 'R37', 'R33', 'R34']"
