total_cost,total_distance,total_fuel_consumed,route
2216385.640008935,70.82564339990029,6.302413572522811,"['D6', 'R30', 'R38', 'R35', 'R22', 'R36', 'R27', 'R4', 'R15', 'R32', 'R18', 'R16', 'R21', 'R31', 'R33', 'R37', 'R9', 'R34']"
2216344.37961732,70.36800817790177,6.222801272154898,"['D6', 'R30', 'R36', 'R27', 'R4', 'R22', 'R38', 'R35', 'R15', 'R18', 'R16', 'R21', 'R9', 'R33', 'R37', 'R31', 'R32', 'R34']"
2215809.474614741,64.43516653439053,5.772049730602004,"['D6', 'R30', 'R35', 'R38', 'R22', 'R4', 'R27', 'R36', 'R32', 'R15', 'R21', 'R16', 'R18', 'R31', 'R9', 'R37', 'R33', 'R34']"
2216870.093286933,76.1989051345759,6.736430658687109,"['D6', 'R27', 'R36', 'R4', 'R15', 'R32', 'R30', 'R35', 'R38', 'R22', 'R16', 'R18', 'R21', 'R31', 'R37', 'R33', 'R9', 'R34']"
2215808.3063407014,64.42220874779832,5.715466779435084,"['D6', 'R30', 'R35', 'R27', 'R36', 'R4', 'R22', 'R38', 'R32', 'R15', 'R31', 'R16', 'R18', 'R21', 'R9', 'R33', 'R37', 'R34']"
