total_cost,total_distance,total_fuel_consumed,route
2216779.1270741345,75.18996311151778,6.563248530132519,"['D6', 'R38', 'R36', 'R27', 'R15', 'R32', 'R4', 'R22', 'R35', 'R30', 'R31', 'R18', 'R16', 'R21', 'R9', 'R33', 'R37', 'R34']"
2217185.3118141866,79.69511772611996,7.059226078285947,"['D6', 'R30', 'R27', 'R36', 'R22', 'R4', 'R38', 'R35', 'R32', 'R31', 'R18', 'R16', 'R21', 'R15', 'R9', 'R33', 'R37', 'R34']"
2216316.8338815435,70.06248759475739,6.134819918524534,"['D6', 'R27', 'R36', 'R4', 'R32', 'R15', 'R21', 'R16', 'R18', 'R31', 'R9', 'R37', 'R33', 'R38', 'R30', 'R35', 'R22', 'R34']"
2216513.3774528215,72.24242960094563,6.3249250384535065,"['D6', 'R38', 'R27', 'R36', 'R22', 'R35', 'R30', 'R4', 'R15', 'R32', 'R16', 'R18', 'R21', 'R33', 'R37', 'R9', 'R31', 'R34']"
2217561.7111520986,83.86991073755566,7.348758483629785,"['D6', 'R36', 'R27', 'R38', 'R22', 'R4', 'R15', 'R32', 'R33', 'R37', 'R9', 'R18', 'R16', 'R31', 'R21', 'R34', 'R30', 'R35']"
