total_cost,total_distance,total_fuel_consumed,route
2217547.3073307476,83.71015229311934,7.35945099476317,"['D6', 'R27', 'R22', 'R36', 'R4', 'R30', 'R38', 'R35', 'R32', 'R18', 'R16', 'R21', 'R31', 'R15', 'R37', 'R33', 'R9', 'R34']"
2216555.3003377323,72.70741279650079,6.445999512277991,"['D6', 'R27', 'R36', 'R4', 'R30', 'R38', 'R22', 'R32', 'R15', 'R31', 'R16', 'R21', 'R18', 'R37', 'R33', 'R9', 'R35', 'R34']"
2215674.1152202156,62.933842282780496,5.421053303028748,"['D6', 'R35', 'R30', 'R38', 'R27', 'R36', 'R4', 'R32', 'R37', 'R33', 'R9', 'R21', 'R18', 'R16', 'R31', 'R15', 'R22', 'R34']"
2217329.3433631323,81.29262825124324,7.051408438526684,"['D6', 'R4', 'R36', 'R27', 'R30', 'R22', 'R38', 'R35', 'R32', 'R9', 'R21', 'R16', 'R18', 'R33', 'R37', 'R31', 'R15', 'R34']"
2218129.622102464,90.16883432191797,7.97022335312441,"['D6', 'R35', 'R38', 'R27', 'R36', 'R30', 'R22', 'R4', 'R9', 'R21', 'R18', 'R16', 'R31', 'R15', 'R32', 'R34', 'R37', 'R33']"
