total_cost,total_distance,total_fuel_consumed,route
393867.96166837984,42.90108327839176,18.81953827183593,"['W3', 'D6', 'D5', 'D4']"
393867.96166837984,42.90108327839176,18.81953827183593,"['W3', 'D6', 'D5', 'D4']"
393867.96166837984,42.90108327839176,18.81953827183593,"['W3', 'D6', 'D5', 'D4']"
393867.96166837984,42.90108327839176,18.81953827183593,"['W3', 'D6', 'D5', 'D4']"
393867.96166837984,42.90108327839176,18.81953827183593,"['W3', 'D6', 'D5', 'D4']"
