total_cost,total_distance,total_fuel_consumed,route
2480307.8466135627,114.32837858876536,10.494654134031851,"['D2', 'R17', 'R14', 'R2', 'R11', 'R5', 'R26', 'R3', 'R12', 'R10', 'R23', 'R20', 'R13', 'R6', 'R7', 'R1', 'R28', 'R24', 'R8', 'R70']"
2480584.982907189,117.40220615782277,10.810092237272027,"['D2', 'R2', 'R17', 'R14', 'R11', 'R26', 'R5', 'R28', 'R6', 'R7', 'R1', 'R3', 'R12', 'R10', 'R23', 'R20', 'R13', 'R24', 'R8', 'R70']"
2481595.4673520797,128.60988633629145,11.845923183695636,"['D2', 'R14', 'R17', 'R2', 'R11', 'R26', 'R5', 'R1', 'R7', 'R10', 'R3', 'R12', 'R6', 'R13', 'R23', 'R20', 'R28', 'R24', 'R8', 'R70']"
2480955.2970514596,121.50950589463199,11.02566185839168,"['D2', 'R26', 'R5', 'R11', 'R14', 'R17', 'R2', 'R7', 'R1', 'R6', 'R13', 'R28', 'R20', 'R12', 'R3', 'R10', 'R23', 'R70', 'R8', 'R24']"
2481298.3943902045,125.31493334300416,11.484432087301009,"['D2', 'R17', 'R14', 'R2', 'R5', 'R26', 'R11', 'R1', 'R7', 'R13', 'R6', 'R10', 'R3', 'R12', 'R23', 'R20', 'R28', 'R24', 'R8', 'R70']"
