total_cost,total_distance,total_fuel_consumed,route
2481032.6026806203,122.3669330148737,11.217268358109589,"['D2', 'R11', 'R26', 'R5', 'R14', 'R17', 'R2', 'R12', 'R3', 'R10', 'R6', 'R13', 'R20', 'R1', 'R7', 'R28', 'R23', 'R70', 'R8', 'R24']"
2480767.4905247185,119.426469883746,11.042599659149898,"['D2', 'R5', 'R26', 'R11', 'R14', 'R17', 'R2', 'R10', 'R12', 'R3', 'R1', 'R7', 'R6', 'R28', 'R13', 'R20', 'R23', 'R70', 'R24', 'R8']"
2482543.6294758115,139.12632515318998,12.898942762981548,"['D2', 'R5', 'R26', 'R11', 'R17', 'R14', 'R2', 'R3', 'R12', 'R10', 'R23', 'R28', 'R6', 'R13', 'R20', 'R1', 'R7', 'R8', 'R70', 'R24']"
2480205.468483714,113.19286250792312,10.211492689678591,"['D2', 'R5', 'R26', 'R11', 'R17', 'R14', 'R2', 'R3', 'R12', 'R10', 'R70', 'R7', 'R1', 'R6', 'R13', 'R20', 'R23', 'R28', 'R24', 'R8']"
2481243.699370523,124.70828938025217,11.528566523701489,"['D2', 'R2', 'R14', 'R17', 'R26', 'R11', 'R5', 'R3', 'R12', 'R10', 'R1', 'R7', 'R28', 'R13', 'R6', 'R20', 'R70', 'R23', 'R24', 'R8']"
