total_cost,total_distance,total_fuel_consumed,route
2482440.631464909,137.98393372790827,12.14737519575424,"['D2', 'R8', 'R5', 'R11', 'R14', 'R17', 'R2', 'R26', 'R7', 'R1', 'R28', 'R6', 'R20', 'R13', 'R10', 'R3', 'R12', 'R23', 'R24', 'R70']"
2481863.948610047,131.5877175027396,12.133420307031685,"['D2', 'R11', 'R5', 'R26', 'R14', 'R17', 'R2', 'R3', 'R12', 'R10', 'R23', 'R13', 'R7', 'R1', 'R28', 'R20', 'R6', 'R70', 'R24', 'R8']"
2479888.0144644864,109.6718551961682,9.574852500313273,"['D2', 'R70', 'R23', 'R10', 'R12', 'R3', 'R17', 'R14', 'R2', 'R11', 'R5', 'R26', 'R1', 'R7', 'R6', 'R28', 'R13', 'R20', 'R24', 'R8']"
2480981.1862543244,121.79665322010197,11.163285522977299,"['D2', 'R10', 'R12', 'R3', 'R2', 'R14', 'R17', 'R11', 'R5', 'R26', 'R1', 'R7', 'R28', 'R6', 'R13', 'R20', 'R23', 'R70', 'R24', 'R8']"
2480744.598476165,119.17256517485822,11.046152395639279,"['D2', 'R14', 'R17', 'R2', 'R11', 'R5', 'R26', 'R12', 'R3', 'R10', 'R1', 'R7', 'R28', 'R13', 'R6', 'R20', 'R23', 'R70', 'R24', 'R8']"
