total_cost,total_distance,total_fuel_consumed,route
2482789.3506975668,141.85171581151994,13.002874187417156,"['D2', 'R26', 'R17', 'R14', 'R2', 'R5', 'R11', 'R7', 'R1', 'R6', 'R23', 'R3', 'R12', 'R10', 'R13', 'R20', 'R28', 'R8', 'R24', 'R70']"
2481187.5277995216,124.08526840641062,11.167344513648118,"['D2', 'R11', 'R26', 'R17', 'R14', 'R2', 'R1', 'R7', 'R28', 'R6', 'R3', 'R10', 'R12', 'R70', 'R5', 'R23', 'R20', 'R13', 'R24', 'R8']"
2482045.337767825,133.59957595191932,12.136182390844729,"['D2', 'R7', 'R11', 'R26', 'R5', 'R17', 'R14', 'R2', 'R12', 'R3', 'R10', 'R1', 'R6', 'R20', 'R13', 'R28', 'R23', 'R70', 'R24', 'R8']"
2483250.7558916607,146.96934218789295,12.747184662990644,"['D2', 'R8', 'R7', 'R1', 'R17', 'R14', 'R2', 'R26', 'R5', 'R6', 'R28', 'R11', 'R10', 'R3', 'R12', 'R23', 'R13', 'R20', 'R70', 'R24']"
2480862.180309336,120.47671150550556,10.972417665630541,"['D2', 'R3', 'R12', 'R2', 'R17', 'R14', 'R26', 'R11', 'R5', 'R1', 'R7', 'R28', 'R6', 'R13', 'R20', 'R10', 'R23', 'R70', 'R8', 'R24']"
