Simulation,Distance Traveled,Cost Incurred,Fuel Consumed,Best Route
Simulation_0,107.66152246653282,2479706.762865583,9.969715262067119,"['D1', 'R13', 'R6', 'R7', 'R1', 'R5', 'R26', 'R11', 'R2', 'R14', 'R17', 'R3', 'R12', 'R10', 'R70', 'R23', 'R28', 'R20', 'R24', 'R8']"
Simulation_1,104.64329863469878,2479434.639804904,9.576838170508271,"['D1', 'R20', 'R6', 'R13', 'R28', 'R1', 'R7', 'R5', 'R11', 'R26', 'R17', 'R14', 'R2', 'R12', 'R3', 'R10', 'R23', 'R70', 'R8', 'R24']"
Simulation_2,99.54899698933679,2478975.3375685588,9.15288270685177,"['D1', 'R13', 'R20', 'R6', 'R7', 'R1', 'R5', 'R26', 'R11', 'R14', 'R17', 'R2', 'R3', 'R12', 'R10', 'R70', 'R23', 'R28', 'R24', 'R8']"
Simulation_3,100.80530309316978,2479088.6061268793,9.14543416893698,"['D1', 'R20', 'R13', 'R7', 'R1', 'R11', 'R5', 'R26', 'R17', 'R14', 'R2', 'R10', 'R3', 'R12', 'R70', 'R23', 'R6', 'R28', 'R24', 'R8']"
Simulation_4,108.09171767399914,2479745.5492654876,10.004542782509084,"['D1', 'R13', 'R20', 'R6', 'R28', 'R7', 'R1', 'R11', 'R26', 'R5', 'R2', 'R17', 'R14', 'R3', 'R12', 'R10', 'R23', 'R70', 'R24', 'R8']"
