Simulation,Distance Traveled,Cost Incurred,Fuel Consumed,Best Route
Simulation_0,103.91309368857362,2479368.8045269614,9.331059109516286,"['D1', 'R20', 'R13', 'R6', 'R7', 'R1', 'R3', 'R12', 'R10', 'R23', 'R70', 'R5', 'R26', 'R11', 'R2', 'R17', 'R14', 'R28', 'R24', 'R8']"
Simulation_1,106.95724277624049,2479643.265008705,9.724364760097696,"['D1', 'R20', 'R13', 'R28', 'R6', 'R7', 'R1', 'R17', 'R14', 'R2', 'R11', 'R26', 'R5', 'R23', 'R10', 'R3', 'R12', 'R70', 'R8', 'R24']"
Simulation_2,109.39932431017438,2479863.4430798055,10.042705091434001,"['D1', 'R13', 'R20', 'R6', 'R1', 'R7', 'R28', 'R5', 'R11', 'R2', 'R17', 'R14', 'R26', 'R12', 'R3', 'R10', 'R70', 'R23', 'R24', 'R8']"
Simulation_3,102.83995284893625,2479272.05014886,9.45193018061343,"['D1', 'R13', 'R20', 'R6', 'R1', 'R7', 'R28', 'R5', 'R26', 'R11', 'R14', 'R17', 'R2', 'R12', 'R3', 'R10', 'R23', 'R70', 'R8', 'R24']"
Simulation_4,105.05301472152945,2479471.5798072927,9.615482482450542,"['D1', 'R13', 'R6', 'R7', 'R1', 'R12', 'R3', 'R10', 'R11', 'R5', 'R26', 'R17', 'R14', 'R2', 'R70', 'R23', 'R20', 'R28', 'R24', 'R8']"
