total_cost,total_distance,total_fuel_consumed,route
2214832.008260742,53.59370298072518,4.636416352857839,"['D4', 'R37', 'R33', 'R9', 'R16', 'R18', 'R21', 'R31', 'R32', 'R15', 'R4', 'R36', 'R27', 'R22', 'R30', 'R35', 'R38', 'R34']"
2215678.8498420133,62.98635583422176,5.474029768102706,"['D4', 'R37', 'R33', 'R9', 'R18', 'R16', 'R31', 'R21', 'R15', 'R4', 'R36', 'R27', 'R32', 'R38', 'R35', 'R30', 'R22', 'R34']"
2216184.969262037,68.59992526660382,5.964276208194239,"['D4', 'R9', 'R37', 'R33', 'R31', 'R21', 'R18', 'R16', 'R15', 'R4', 'R36', 'R27', 'R30', 'R38', 'R22', 'R32', 'R35', 'R34']"
2215010.756712162,55.576272317680505,4.834495527775461,"['D4', 'R37', 'R33', 'R9', 'R16', 'R21', 'R18', 'R31', 'R32', 'R15', 'R4', 'R22', 'R27', 'R36', 'R38', 'R35', 'R30', 'R34']"
2215001.0403508665,55.468504335256675,4.8078599420271635,"['D4', 'R37', 'R33', 'R9', 'R16', 'R18', 'R21', 'R31', 'R32', 'R15', 'R36', 'R27', 'R4', 'R22', 'R38', 'R30', 'R35', 'R34']"
