total_cost,total_distance,total_fuel_consumed,route
2218180.0864019906,90.7285537044213,7.846369622625481,"['D4', 'R21', 'R16', 'R18', 'R30', 'R36', 'R22', 'R27', 'R35', 'R38', 'R4', 'R15', 'R31', 'R9', 'R33', 'R37', 'R32', 'R34']"
2216028.572303324,66.865265121162,5.702547644245024,"['D4', 'R16', 'R31', 'R18', 'R21', 'R9', 'R37', 'R33', 'R15', 'R32', 'R27', 'R36', 'R38', 'R35', 'R30', 'R4', 'R22', 'R34']"
2215897.8410539837,65.41527344702395,5.628377593816341,"['D4', 'R37', 'R33', 'R21', 'R16', 'R18', 'R9', 'R31', 'R15', 'R27', 'R36', 'R4', 'R22', 'R32', 'R30', 'R35', 'R38', 'R34']"
2216381.772155289,70.78274351474276,6.001759769079972,"['D4', 'R16', 'R21', 'R18', 'R9', 'R37', 'R33', 'R15', 'R31', 'R32', 'R4', 'R36', 'R27', 'R22', 'R35', 'R38', 'R30', 'R34']"
2217369.004351661,81.73252386491579,7.185446971119431,"['D4', 'R37', 'R33', 'R9', 'R18', 'R16', 'R31', 'R21', 'R36', 'R4', 'R22', 'R32', 'R27', 'R30', 'R38', 'R15', 'R35', 'R34']"
