total_cost,total_distance,total_fuel_consumed,route
2214638.8447738914,51.45125081955909,4.499364973243184,"['D4', 'R33', 'R37', 'R9', 'R21', 'R18', 'R16', 'R31', 'R15', 'R32', 'R36', 'R27', 'R4', 'R22', 'R35', 'R30', 'R38', 'R34']"
2215708.0900944606,63.310670967843706,5.458016489488805,"['D4', 'R9', 'R33', 'R37', 'R18', 'R16', 'R21', 'R31', 'R4', 'R15', 'R32', 'R36', 'R27', 'R38', 'R22', 'R35', 'R30', 'R34']"
2215782.5148025467,64.13614466000934,5.537884246166394,"['D4', 'R9', 'R33', 'R37', 'R21', 'R16', 'R18', 'R31', 'R22', 'R36', 'R27', 'R4', 'R32', 'R15', 'R35', 'R30', 'R38', 'R34']"
2218099.690317655,89.83684913104803,8.074233316512947,"['D4', 'R37', 'R33', 'R21', 'R16', 'R18', 'R31', 'R35', 'R30', 'R36', 'R27', 'R4', 'R32', 'R15', 'R22', 'R38', 'R9', 'R34']"
2216056.4016167335,67.17393097530721,5.857070541980035,"['D4', 'R33', 'R37', 'R18', 'R16', 'R21', 'R9', 'R31', 'R36', 'R27', 'R30', 'R35', 'R38', 'R22', 'R4', 'R32', 'R15', 'R34']"
