total_cost,total_distance,total_fuel_consumed,route
2217003.890979319,77.68290793388559,6.741995449118445,"['D4', 'R31', 'R18', 'R16', 'R21', 'R9', 'R37', 'R33', 'R32', 'R4', 'R22', 'R36', 'R27', 'R30', 'R35', 'R38', 'R15', 'R34']"
2216501.327879686,72.10878304886359,6.239471028030472,"['D4', 'R9', 'R33', 'R37', 'R31', 'R18', 'R16', 'R21', 'R32', 'R15', 'R27', 'R36', 'R38', 'R30', 'R4', 'R35', 'R22', 'R34']"
2216821.4898860184,75.65982571005142,6.41939556352035,"['D4', 'R18', 'R16', 'R21', 'R9', 'R37', 'R33', 'R22', 'R36', 'R27', 'R32', 'R15', 'R31', 'R4', 'R38', 'R30', 'R35', 'R34']"
2215981.21837569,66.3400440959362,5.691025408021904,"['D4', 'R33', 'R37', 'R21', 'R18', 'R16', 'R31', 'R9', 'R32', 'R15', 'R4', 'R27', 'R36', 'R35', 'R38', 'R30', 'R22', 'R34']"
2215799.9991406747,64.33007032691391,5.633223196645059,"['D4', 'R33', 'R37', 'R9', 'R16', 'R21', 'R18', 'R31', 'R4', 'R27', 'R36', 'R35', 'R38', 'R30', 'R15', 'R32', 'R22', 'R34']"
