total_cost,total_distance,total_fuel_consumed,route
2214471.026761497,49.58991527836086,4.357700620732098,"['D4', 'R33', 'R37', 'R9', 'R21', 'R16', 'R18', 'R31', 'R15', 'R32', 'R4', 'R27', 'R36', 'R22', 'R38', 'R35', 'R30', 'R34']"
2214263.877029015,47.29233616920452,4.131106682421533,"['D4', 'R33', 'R37', 'R9', 'R21', 'R16', 'R18', 'R31', 'R15', 'R32', 'R4', 'R27', 'R36', 'R30', 'R35', 'R38', 'R22', 'R34']"
2214608.428444924,51.11389135896319,4.471134666752454,"['D4', 'R37', 'R33', 'R9', 'R21', 'R16', 'R18', 'R31', 'R15', 'R32', 'R27', 'R36', 'R4', 'R30', 'R35', 'R38', 'R22', 'R34']"
2215082.3242557687,56.370056075515976,5.0089880253826795,"['D4', 'R33', 'R37', 'R9', 'R21', 'R16', 'R18', 'R31', 'R15', 'R32', 'R27', 'R36', 'R30', 'R38', 'R35', 'R22', 'R4', 'R34']"
2214945.946016369,54.85743141491824,4.739998932738105,"['D4', 'R9', 'R33', 'R37', 'R16', 'R18', 'R21', 'R31', 'R15', 'R32', 'R4', 'R27', 'R36', 'R22', 'R38', 'R35', 'R30', 'R34']"
