total_cost,total_distance,total_fuel_consumed,route
2216394.335484199,70.92208833406596,6.243236625533008,"['D6', 'R30', 'R22', 'R4', 'R27', 'R36', 'R38', 'R35', 'R32', 'R15', 'R16', 'R18', 'R31', 'R21', 'R9', 'R37', 'R33', 'R34']"
2218058.502516551,89.38001903894103,7.723459122873517,"['D6', 'R30', 'R36', 'R27', 'R38', 'R21', 'R16', 'R18', 'R31', 'R32', 'R4', 'R22', 'R35', 'R34', 'R15', 'R33', 'R37', 'R9']"
2218196.637176217,90.9121248471297,8.00210518603403,"['D6', 'R38', 'R35', 'R36', 'R27', 'R4', 'R30', 'R15', 'R21', 'R18', 'R16', 'R31', 'R32', 'R22', 'R9', 'R33', 'R37', 'R34']"
2215919.0139323147,65.65011016320241,5.846374374735384,"['D6', 'R30', 'R27', 'R36', 'R38', 'R35', 'R22', 'R4', 'R32', 'R15', 'R18', 'R16', 'R31', 'R21', 'R9', 'R37', 'R33', 'R34']"
2216462.3162248507,71.67608945042777,6.248097328305412,"['D6', 'R27', 'R36', 'R22', 'R30', 'R35', 'R38', 'R4', 'R15', 'R32', 'R33', 'R37', 'R9', 'R18', 'R16', 'R21', 'R31', 'R34']"
