total_cost,total_distance,total_fuel_consumed,route
2216659.1496949806,73.85924683873495,6.578707853715713,"['D6', 'R30', 'R35', 'R38', 'R27', 'R36', 'R4', 'R15', 'R32', 'R22', 'R18', 'R21', 'R16', 'R31', 'R33', 'R37', 'R9', 'R34']"
2216730.801375387,74.65396379089519,6.534154153133487,"['D6', 'R22', 'R27', 'R36', 'R30', 'R38', 'R35', 'R15', 'R4', 'R32', 'R31', 'R18', 'R16', 'R21', 'R37', 'R33', 'R9', 'R34']"
2217193.48138822,79.78572968301611,7.050141738965177,"['D6', 'R27', 'R36', 'R4', 'R38', 'R30', 'R35', 'R22', 'R32', 'R21', 'R16', 'R18', 'R31', 'R15', 'R37', 'R33', 'R9', 'R34']"
2216073.7709879344,67.36658149882778,5.859007772456539,"['D6', 'R27', 'R36', 'R4', 'R32', 'R18', 'R16', 'R21', 'R33', 'R37', 'R9', 'R31', 'R15', 'R35', 'R38', 'R30', 'R22', 'R34']"
2215897.366062677,65.41000513173779,5.831381056865723,"['D6', 'R27', 'R36', 'R30', 'R35', 'R38', 'R22', 'R32', 'R4', 'R15', 'R31', 'R16', 'R18', 'R21', 'R37', 'R33', 'R9', 'R34']"
