total_cost,total_distance,total_fuel_consumed,route
2216311.3971309382,70.00218645672624,6.164764715481395,"['D6', 'R27', 'R36', 'R4', 'R35', 'R30', 'R38', 'R22', 'R15', 'R32', 'R31', 'R18', 'R16', 'R21', 'R33', 'R37', 'R9', 'R34']"
2216000.6499928054,66.55556779952602,5.869068245136279,"['D6', 'R35', 'R38', 'R30', 'R27', 'R36', 'R4', 'R15', 'R32', 'R31', 'R21', 'R16', 'R18', 'R37', 'R33', 'R9', 'R22', 'R34']"
2216757.0693844687,74.94531260502082,6.543772564459831,"['D6', 'R36', 'R27', 'R4', 'R15', 'R32', 'R16', 'R18', 'R21', 'R31', 'R9', 'R33', 'R37', 'R38', 'R22', 'R35', 'R30', 'R34']"
2216130.3018602994,67.99358762532955,6.061732368747293,"['D6', 'R36', 'R27', 'R30', 'R38', 'R35', 'R22', 'R4', 'R32', 'R15', 'R18', 'R16', 'R21', 'R31', 'R9', 'R37', 'R33', 'R34']"
2217525.369937307,83.46683603934385,7.296308886226338,"['D6', 'R36', 'R27', 'R38', 'R15', 'R32', 'R4', 'R22', 'R30', 'R35', 'R18', 'R16', 'R21', 'R31', 'R9', 'R37', 'R33', 'R34']"
