total_cost,total_distance,total_fuel_consumed,route
2217342.424853375,81.43772020159267,7.226330569423297,"['D6', 'R30', 'R36', 'R27', 'R4', 'R22', 'R38', 'R35', 'R21', 'R18', 'R16', 'R31', 'R15', 'R32', 'R37', 'R33', 'R9', 'R34']"
2215160.346016176,57.23542608890837,5.162360465786291,"['D6', 'R30', 'R35', 'R38', 'R22', 'R27', 'R36', 'R4', 'R32', 'R15', 'R31', 'R16', 'R18', 'R21', 'R9', 'R37', 'R33', 'R34']"
2215637.041955505,62.52264813115606,5.554051644562454,"['D6', 'R35', 'R30', 'R36', 'R27', 'R22', 'R38', 'R4', 'R32', 'R15', 'R31', 'R16', 'R18', 'R21', 'R9', 'R33', 'R37', 'R34']"
2215776.8485643305,64.07329818467497,5.717360307269512,"['D6', 'R30', 'R35', 'R38', 'R22', 'R36', 'R27', 'R32', 'R15', 'R4', 'R31', 'R18', 'R16', 'R21', 'R9', 'R33', 'R37', 'R34']"
2215543.8826832096,61.48938202317922,5.461345696356686,"['D6', 'R30', 'R22', 'R38', 'R35', 'R36', 'R27', 'R4', 'R32', 'R15', 'R31', 'R18', 'R16', 'R21', 'R9', 'R33', 'R37', 'R34']"
