total_cost,total_distance,total_fuel_consumed,route
2218190.8277424746,90.84769013392243,7.903704419009374,"['D4', 'R21', 'R18', 'R16', 'R37', 'R33', 'R9', 'R31', 'R35', 'R38', 'R36', 'R4', 'R27', 'R32', 'R22', 'R30', 'R15', 'R34']"
2217280.5920535526,80.75190831358556,6.900481628574649,"['D4', 'R31', 'R18', 'R21', 'R16', 'R9', 'R33', 'R37', 'R30', 'R36', 'R27', 'R35', 'R38', 'R22', 'R4', 'R32', 'R15', 'R34']"
2215879.7452779687,65.21456608217336,5.692975118976818,"['D4', 'R9', 'R33', 'R37', 'R21', 'R16', 'R18', 'R31', 'R15', 'R36', 'R27', 'R30', 'R4', 'R32', 'R38', 'R22', 'R35', 'R34']"
2217068.6096210666,78.40072782904547,6.6166829720027165,"['D4', 'R18', 'R21', 'R16', 'R31', 'R9', 'R37', 'R33', 'R4', 'R15', 'R32', 'R27', 'R35', 'R36', 'R22', 'R30', 'R38', 'R34']"
2217655.2691977145,84.90759979718997,7.321994578188431,"['D4', 'R21', 'R18', 'R16', 'R9', 'R33', 'R37', 'R31', 'R27', 'R36', 'R38', 'R32', 'R22', 'R4', 'R15', 'R35', 'R30', 'R34']"
