total_cost,total_distance,total_fuel_consumed,route
2214521.6518233432,50.151417738946115,4.404531279836415,"['D4', 'R33', 'R37', 'R9', 'R21', 'R16', 'R18', 'R31', 'R15', 'R32', 'R4', 'R27', 'R36', 'R38', 'R35', 'R30', 'R22', 'R34']"
2214453.1126008574,49.39122228103003,4.342860049815558,"['D4', 'R37', 'R33', 'R9', 'R21', 'R16', 'R18', 'R31', 'R15', 'R32', 'R4', 'R36', 'R27', 'R38', 'R35', 'R30', 'R22', 'R34']"
2216688.458351831,74.18432067248668,6.7244878680731475,"['D4', 'R33', 'R37', 'R18', 'R16', 'R21', 'R31', 'R15', 'R32', 'R4', 'R36', 'R27', 'R30', 'R35', 'R38', 'R22', 'R34', 'R9']"
2214398.8828028725,48.78973827498622,4.292444118873048,"['D4', 'R37', 'R33', 'R9', 'R21', 'R16', 'R18', 'R31', 'R15', 'R32', 'R4', 'R36', 'R27', 'R22', 'R38', 'R35', 'R30', 'R34']"
2214249.5190722523,47.13308642693753,4.12075802054603,"['D4', 'R37', 'R33', 'R9', 'R21', 'R16', 'R18', 'R31', 'R15', 'R32', 'R4', 'R27', 'R36', 'R30', 'R35', 'R38', 'R22', 'R34']"
