total_cost,total_distance,total_fuel_consumed,route
2214733.7993006245,52.50442880018526,4.553615030279174,"['D4', 'R33', 'R37', 'R9', 'R21', 'R18', 'R16', 'R31', 'R32', 'R15', 'R4', 'R22', 'R38', 'R27', 'R36', 'R30', 'R35', 'R34']"
2215643.6968751014,62.59646046031092,5.338731890862688,"['D4', 'R9', 'R33', 'R37', 'R16', 'R21', 'R18', 'R31', 'R4', 'R32', 'R15', 'R30', 'R35', 'R38', 'R36', 'R27', 'R22', 'R34']"
2215567.8168605873,61.754845392497046,5.274283815067399,"['D4', 'R9', 'R33', 'R37', 'R18', 'R16', 'R21', 'R31', 'R4', 'R32', 'R15', 'R22', 'R27', 'R36', 'R35', 'R30', 'R38', 'R34']"
2215294.5354091157,58.72377339303094,5.059927261182978,"['D4', 'R9', 'R33', 'R37', 'R16', 'R18', 'R21', 'R31', 'R32', 'R15', 'R4', 'R36', 'R27', 'R38', 'R30', 'R35', 'R22', 'R34']"
2214776.27787847,52.97557540450276,4.589296228952062,"['D4', 'R33', 'R37', 'R9', 'R18', 'R16', 'R21', 'R31', 'R32', 'R15', 'R4', 'R36', 'R27', 'R22', 'R38', 'R30', 'R35', 'R34']"
