total_cost,total_distance,total_fuel_consumed,route
2218839.9302036166,98.04714067898456,8.692397954201638,"['D4', 'R9', 'R16', 'R18', 'R21', 'R15', 'R31', 'R32', 'R38', 'R30', 'R27', 'R22', 'R4', 'R36', 'R35', 'R37', 'R33', 'R34']"
2217023.912548538,77.90497502814716,6.742608906472908,"['D4', 'R18', 'R16', 'R21', 'R31', 'R9', 'R37', 'R33', 'R15', 'R4', 'R27', 'R36', 'R38', 'R30', 'R35', 'R22', 'R32', 'R34']"
2216489.782261462,71.98072605880407,6.313464535825445,"['D4', 'R9', 'R37', 'R33', 'R21', 'R16', 'R18', 'R15', 'R31', 'R4', 'R27', 'R36', 'R22', 'R35', 'R38', 'R30', 'R32', 'R34']"
2216403.2222968163,71.0206554660188,6.269597959844905,"['D4', 'R37', 'R33', 'R9', 'R18', 'R16', 'R21', 'R15', 'R31', 'R4', 'R22', 'R27', 'R36', 'R30', 'R38', 'R35', 'R32', 'R34']"
2216274.433569128,69.5922090630881,6.142257428616698,"['D4', 'R37', 'R33', 'R9', 'R18', 'R16', 'R31', 'R21', 'R32', 'R27', 'R36', 'R4', 'R30', 'R35', 'R38', 'R22', 'R15', 'R34']"
