total_cost,total_distance,total_fuel_consumed,route
2217570.824975,83.9709957298187,7.513548746625899,"['D4', 'R37', 'R33', 'R18', 'R21', 'R16', 'R31', 'R36', 'R27', 'R4', 'R22', 'R30', 'R38', 'R35', 'R32', 'R15', 'R9', 'R34']"
2216356.2592224577,70.49976954811291,6.100655152176551,"['D4', 'R37', 'R33', 'R16', 'R18', 'R21', 'R9', 'R31', 'R36', 'R27', 'R4', 'R38', 'R35', 'R30', 'R32', 'R15', 'R22', 'R34']"
2215740.598273178,63.67123195628199,5.653033476161476,"['D4', 'R37', 'R33', 'R9', 'R16', 'R18', 'R21', 'R31', 'R15', 'R27', 'R36', 'R4', 'R22', 'R38', 'R35', 'R30', 'R32', 'R34']"
2215294.0610652063,58.718512258280214,5.108462447372725,"['D4', 'R33', 'R37', 'R9', 'R16', 'R18', 'R21', 'R31', 'R32', 'R15', 'R36', 'R27', 'R4', 'R38', 'R35', 'R30', 'R22', 'R34']"
2215105.663293514,56.628918517235356,4.928893466727876,"['D4', 'R33', 'R37', 'R9', 'R18', 'R16', 'R31', 'R21', 'R15', 'R32', 'R4', 'R36', 'R27', 'R30', 'R38', 'R22', 'R35', 'R34']"
