total_cost,total_distance,total_fuel_consumed,route
2480028.546394485,111.23055007193187,10.113456538552686,"['D1', 'R20', 'R13', 'R6', 'R1', 'R7', 'R28', 'R5', 'R11', 'R17', 'R14', 'R2', 'R26', 'R70', 'R12', 'R3', 'R10', 'R23', 'R8', 'R24']"
2480626.836560828,117.86642148212428,10.565963667701519,"['D1', 'R20', 'R13', 'R28', 'R7', 'R1', 'R6', 'R70', 'R10', 'R12', 'R3', 'R17', 'R14', 'R2', 'R11', 'R26', 'R5', 'R23', 'R24', 'R8']"
2480281.047187004,114.03113561450749,10.309879747630937,"['D1', 'R20', 'R13', 'R7', 'R5', 'R11', 'R14', 'R17', 'R2', 'R1', 'R12', 'R3', 'R10', 'R70', 'R23', 'R6', 'R28', 'R26', 'R8', 'R24']"
2480194.0458057486,113.0661690965922,10.454791900299247,"['D1', 'R13', 'R6', 'R28', 'R1', 'R7', 'R5', 'R11', 'R2', 'R17', 'R14', 'R26', 'R3', 'R12', 'R10', 'R23', 'R70', 'R20', 'R24', 'R8']"
2480383.377906663,115.16612585030074,10.713408242961417,"['D1', 'R13', 'R6', 'R28', 'R7', 'R1', 'R17', 'R14', 'R2', 'R11', 'R26', 'R5', 'R12', 'R3', 'R10', 'R23', 'R20', 'R70', 'R8', 'R24']"
