total_cost,total_distance,total_fuel_consumed,route
2481488.194829351,127.42008462013263,11.716801027983337,"['D1', 'R6', 'R13', 'R20', 'R23', 'R10', 'R3', 'R12', 'R1', 'R28', 'R7', 'R11', 'R17', 'R14', 'R2', 'R5', 'R26', 'R8', 'R70', 'R24']"
2481633.0392426923,129.02661094379246,11.842952476555057,"['D1', 'R6', 'R13', 'R20', 'R10', 'R12', 'R3', 'R7', 'R1', 'R11', 'R5', 'R2', 'R14', 'R17', 'R26', 'R28', 'R23', 'R70', 'R24', 'R8']"
2479695.031650428,107.53140694796268,9.835319083935591,"['D1', 'R13', 'R20', 'R6', 'R1', 'R7', 'R28', 'R26', 'R5', 'R2', 'R14', 'R17', 'R11', 'R3', 'R12', 'R10', 'R23', 'R70', 'R8', 'R24']"
2482673.307634699,140.5646365871704,12.896407037236933,"['D1', 'R6', 'R17', 'R14', 'R2', 'R11', 'R5', 'R1', 'R7', 'R13', 'R20', 'R23', 'R12', 'R3', 'R10', 'R26', 'R28', 'R24', 'R70', 'R8']"
2481104.540468438,123.16482329678743,11.322675253902695,"['D1', 'R13', 'R20', 'R6', 'R12', 'R3', 'R10', 'R2', 'R14', 'R17', 'R11', 'R5', 'R7', 'R28', 'R1', 'R26', 'R23', 'R70', 'R8', 'R24']"
