total_cost,total_distance,total_fuel_consumed,route
2483489.866193995,149.62140854031088,13.440795360056798,"['D1', 'R13', 'R3', 'R12', 'R26', 'R11', 'R14', 'R17', 'R2', 'R70', 'R28', 'R7', 'R1', 'R6', 'R23', 'R10', 'R5', 'R8', 'R20', 'R24']"
2479697.1912712893,107.55536015183591,9.92965909900451,"['D1', 'R20', 'R13', 'R6', 'R28', 'R7', 'R1', 'R3', 'R12', 'R2', 'R17', 'R14', 'R11', 'R26', 'R5', 'R10', 'R23', 'R70', 'R8', 'R24']"
2483831.7160209366,153.41299934490794,13.74415836068041,"['D1', 'R6', 'R20', 'R17', 'R14', 'R11', 'R26', 'R2', 'R12', 'R3', 'R1', 'R7', 'R28', 'R13', 'R5', 'R24', 'R70', 'R10', 'R23', 'R8']"
2482627.567657282,140.05731651821768,12.953561352750572,"['D1', 'R13', 'R5', 'R26', 'R11', 'R14', 'R17', 'R2', 'R12', 'R10', 'R3', 'R1', 'R6', 'R7', 'R20', 'R28', 'R23', 'R24', 'R8', 'R70']"
2483775.046314551,152.7844533557082,14.04932826187985,"['D1', 'R13', 'R28', 'R1', 'R7', 'R6', 'R11', 'R26', 'R5', 'R14', 'R17', 'R2', 'R3', 'R12', 'R10', 'R8', 'R23', 'R20', 'R24', 'R70']"
