total_cost,total_distance,total_fuel_consumed,route
2481408.3206236693,126.5341684080473,11.752791883278945,"['D1', 'R13', 'R6', 'R7', 'R1', 'R11', 'R5', 'R26', 'R14', 'R17', 'R2', 'R3', 'R12', 'R10', 'R23', 'R24', 'R28', 'R20', 'R70', 'R8']"
2480458.6600344786,116.00110952172884,10.832844324290273,"['D1', 'R13', 'R6', 'R7', 'R1', 'R11', 'R26', 'R5', 'R17', 'R14', 'R2', 'R3', 'R12', 'R10', 'R23', 'R20', 'R28', 'R70', 'R8', 'R24']"
2480290.4986340925,114.13596532933636,10.38911025561004,"['D1', 'R13', 'R20', 'R6', 'R7', 'R1', 'R2', 'R17', 'R14', 'R10', 'R3', 'R12', 'R70', 'R5', 'R26', 'R11', 'R23', 'R28', 'R24', 'R8']"
2480418.669159452,115.5575550072335,10.73749047770764,"['D1', 'R13', 'R6', 'R1', 'R7', 'R28', 'R5', 'R26', 'R14', 'R17', 'R2', 'R11', 'R3', 'R12', 'R10', 'R23', 'R20', 'R70', 'R8', 'R24']"
2480697.7150477506,118.6525626414255,11.089953516506906,"['D1', 'R13', 'R6', 'R7', 'R1', 'R5', 'R26', 'R11', 'R2', 'R17', 'R14', 'R12', 'R3', 'R10', 'R23', 'R28', 'R20', 'R24', 'R8', 'R70']"
