total_cost,total_distance,total_fuel_consumed,route
2482044.041862793,133.58520255981102,12.318812241622393,"['D1', 'R6', 'R13', 'R7', 'R1', 'R14', 'R17', 'R2', 'R26', 'R5', 'R11', 'R12', 'R3', 'R10', 'R20', 'R23', 'R70', 'R24', 'R28', 'R8']"
2480567.3524127007,117.20665941327876,10.690967648670641,"['D1', 'R13', 'R28', 'R6', 'R20', 'R7', 'R1', 'R17', 'R14', 'R2', 'R11', 'R5', 'R26', 'R12', 'R3', 'R10', 'R70', 'R23', 'R8', 'R24']"
2481336.360654734,125.73603210663475,11.465640653962518,"['D1', 'R13', 'R28', 'R7', 'R20', 'R6', 'R10', 'R12', 'R3', 'R26', 'R5', 'R11', 'R17', 'R14', 'R2', 'R1', 'R23', 'R70', 'R24', 'R8']"
2479683.9780454505,107.40880707021448,9.730001191145764,"['D1', 'R20', 'R13', 'R1', 'R7', 'R6', 'R5', 'R26', 'R11', 'R2', 'R14', 'R17', 'R3', 'R12', 'R10', 'R70', 'R23', 'R28', 'R24', 'R8']"
2481591.3532990147,128.56425575659995,11.770953090015581,"['D1', 'R6', 'R13', 'R20', 'R7', 'R28', 'R11', 'R26', 'R17', 'R14', 'R2', 'R12', 'R3', 'R10', 'R1', 'R5', 'R23', 'R70', 'R24', 'R8']"
