total_cost,total_distance,total_fuel_consumed,route
2215483.623181251,60.82102020021049,5.212533305979165,"['D4', 'R9', 'R33', 'R37', 'R21', 'R16', 'R31', 'R32', 'R15', 'R18', 'R4', 'R22', 'R27', 'R38', 'R36', 'R30', 'R35', 'R34']"
2214818.270702693,53.44133432445673,4.667662804249524,"['D4', 'R33', 'R37', 'R9', 'R21', 'R16', 'R31', 'R15', 'R18', 'R32', 'R4', 'R36', 'R27', 'R38', 'R30', 'R35', 'R22', 'R34']"
2215248.293368886,58.21088474807473,5.047600081389453,"['D4', 'R9', 'R33', 'R37', 'R21', 'R16', 'R31', 'R15', 'R18', 'R32', 'R4', 'R36', 'R27', 'R22', 'R35', 'R38', 'R30', 'R34']"
2214631.8244362357,51.37338549507447,4.48246439890853,"['D4', 'R33', 'R37', 'R9', 'R16', 'R21', 'R31', 'R18', 'R15', 'R32', 'R4', 'R36', 'R27', 'R38', 'R35', 'R30', 'R22', 'R34']"
2216145.4383451943,68.16147232913002,5.9731129674400325,"['D4', 'R9', 'R37', 'R33', 'R16', 'R21', 'R31', 'R15', 'R4', 'R27', 'R36', 'R22', 'R38', 'R35', 'R30', 'R32', 'R18', 'R34']"
