total_cost,total_distance,total_fuel_consumed,route
2214494.785352213,49.85343114699303,4.373781633239512,"['D4', 'R33', 'R37', 'R9', 'R21', 'R16', 'R31', 'R18', 'R15', 'R32', 'R4', 'R36', 'R27', 'R38', 'R22', 'R30', 'R35', 'R34']"
2214243.8055305355,47.0697152898811,4.108799268098155,"['D4', 'R33', 'R37', 'R9', 'R21', 'R16', 'R31', 'R18', 'R15', 'R32', 'R4', 'R27', 'R36', 'R30', 'R35', 'R38', 'R22', 'R34']"
2215040.342825232,55.904423527415815,4.899366132890967,"['D4', 'R37', 'R33', 'R9', 'R16', 'R21', 'R31', 'R18', 'R15', 'R32', 'R27', 'R36', 'R30', 'R35', 'R22', 'R4', 'R38', 'R34']"
2214533.1102067847,50.27850717373968,4.418392749145284,"['D4', 'R33', 'R37', 'R9', 'R21', 'R16', 'R31', 'R18', 'R15', 'R32', 'R4', 'R27', 'R36', 'R30', 'R38', 'R35', 'R22', 'R34']"
2216258.519360213,69.41569831647328,5.886981409668322,"['D4', 'R37', 'R33', 'R9', 'R16', 'R21', 'R35', 'R30', 'R36', 'R27', 'R4', 'R15', 'R31', 'R18', 'R32', 'R22', 'R38', 'R34']"
