total_cost,total_distance,total_fuel_consumed,route
2217234.669986459,80.24256861644358,7.043177639064719,"['D4', 'R9', 'R33', 'R37', 'R31', 'R16', 'R21', 'R18', 'R32', 'R36', 'R22', 'R4', 'R38', 'R27', 'R30', 'R35', 'R15', 'R34']"
2218200.604015569,90.95612262166381,8.19700631032673,"['D4', 'R37', 'R33', 'R21', 'R16', 'R15', 'R18', 'R31', 'R32', 'R36', 'R27', 'R35', 'R38', 'R4', 'R22', 'R30', 'R9', 'R34']"
2215939.7554677273,65.88016268552866,5.570517108311341,"['D4', 'R37', 'R33', 'R21', 'R9', 'R31', 'R16', 'R18', 'R4', 'R15', 'R32', 'R38', 'R22', 'R27', 'R36', 'R30', 'R35', 'R34']"
2216617.5122242006,73.39742928350378,6.16091345304939,"['D4', 'R31', 'R16', 'R9', 'R37', 'R33', 'R21', 'R15', 'R18', 'R32', 'R4', 'R35', 'R27', 'R36', 'R22', 'R30', 'R38', 'R34']"
2215463.340143105,60.596053051299904,5.290038624866472,"['D4', 'R9', 'R33', 'R37', 'R21', 'R16', 'R18', 'R31', 'R15', 'R32', 'R36', 'R27', 'R22', 'R38', 'R35', 'R30', 'R4', 'R34']"
