total_cost,total_distance,total_fuel_consumed,route
2217846.1295130453,87.02450657769977,7.759729176660356,"['D4', 'R33', 'R37', 'R16', 'R21', 'R18', 'R31', 'R4', 'R36', 'R27', 'R32', 'R15', 'R22', 'R38', 'R30', 'R35', 'R34', 'R9']"
2216523.0724585447,72.34996072032892,6.17224661634304,"['D4', 'R37', 'R33', 'R9', 'R15', 'R4', 'R32', 'R31', 'R16', 'R21', 'R18', 'R27', 'R36', 'R35', 'R38', 'R22', 'R30', 'R34']"
2215308.1380862193,58.87464603171064,5.124781979957466,"['D4', 'R37', 'R33', 'R9', 'R16', 'R21', 'R31', 'R18', 'R15', 'R4', 'R32', 'R22', 'R38', 'R27', 'R36', 'R35', 'R30', 'R34']"
2216710.450862093,74.42824824859069,6.489329707112635,"['D4', 'R33', 'R37', 'R16', 'R21', 'R9', 'R31', 'R15', 'R18', 'R22', 'R4', 'R27', 'R36', 'R35', 'R38', 'R30', 'R32', 'R34']"
2217866.6064994535,87.25162488302723,7.509631691548836,"['D4', 'R21', 'R16', 'R18', 'R31', 'R4', 'R36', 'R27', 'R15', 'R32', 'R22', 'R38', 'R30', 'R35', 'R34', 'R33', 'R37', 'R9']"
