total_cost,total_distance,total_fuel_consumed,route
2216309.9808805045,69.98647826646558,6.1052967842353,"['D5', 'R36', 'R27', 'R22', 'R4', 'R15', 'R32', 'R31', 'R16', 'R18', 'R21', 'R37', 'R33', 'R9', 'R30', 'R38', 'R35', 'R34']"
2217365.60103718,81.69477636623807,7.076652194010265,"['D5', 'R36', 'R27', 'R4', 'R15', 'R32', 'R38', 'R22', 'R35', 'R30', 'R31', 'R37', 'R33', 'R9', 'R18', 'R16', 'R21', 'R34']"
2217267.6385827465,80.60823627713805,7.034622831795194,"['D5', 'R36', 'R27', 'R15', 'R4', 'R22', 'R38', 'R35', 'R30', 'R31', 'R21', 'R18', 'R16', 'R37', 'R33', 'R9', 'R32', 'R34']"
2216948.3981613433,77.06741527665629,6.569306495187201,"['D5', 'R4', 'R15', 'R27', 'R30', 'R36', 'R32', 'R16', 'R31', 'R21', 'R18', 'R37', 'R33', 'R9', 'R22', 'R38', 'R35', 'R34']"
2217770.78196043,86.18879725410257,7.538066250534218,"['D5', 'R21', 'R16', 'R18', 'R31', 'R32', 'R38', 'R22', 'R27', 'R36', 'R30', 'R35', 'R4', 'R15', 'R33', 'R37', 'R9', 'R34']"
