total_cost,total_distance,total_fuel_consumed,route
2217646.0878551123,84.8057659173946,7.3939573026238,"['D5', 'R22', 'R36', 'R30', 'R27', 'R32', 'R4', 'R38', 'R35', 'R18', 'R16', 'R31', 'R15', 'R21', 'R9', 'R33', 'R37', 'R34']"
2217424.7922010343,82.35128883135329,7.312251616409455,"['D5', 'R18', 'R16', 'R21', 'R31', 'R15', 'R32', 'R4', 'R27', 'R36', 'R35', 'R38', 'R30', 'R22', 'R33', 'R37', 'R9', 'R34']"
2217104.622796248,78.80016411100524,6.858987710234658,"['D5', 'R15', 'R32', 'R22', 'R36', 'R27', 'R4', 'R38', 'R30', 'R35', 'R31', 'R18', 'R16', 'R21', 'R33', 'R37', 'R9', 'R34']"
2218656.280756469,96.01021247193003,8.592863389515458,"['D5', 'R22', 'R36', 'R27', 'R4', 'R32', 'R16', 'R31', 'R18', 'R9', 'R21', 'R15', 'R38', 'R30', 'R35', 'R37', 'R33', 'R34']"
2218306.3540309095,92.12903760990933,8.139714441301058,"['D5', 'R31', 'R18', 'R16', 'R15', 'R32', 'R4', 'R27', 'R35', 'R36', 'R22', 'R38', 'R30', 'R33', 'R37', 'R21', 'R9', 'R34']"
