total_cost,total_distance,total_fuel_consumed,route
2216189.612321881,68.65142326842452,6.059310844073404,"['D5', 'R4', 'R36', 'R27', 'R22', 'R38', 'R30', 'R35', 'R15', 'R32', 'R31', 'R16', 'R18', 'R21', 'R9', 'R33', 'R37', 'R34']"
2216652.5435784827,73.78597580393723,6.455933247783532,"['D5', 'R4', 'R32', 'R15', 'R27', 'R36', 'R38', 'R35', 'R30', 'R22', 'R18', 'R16', 'R21', 'R37', 'R33', 'R9', 'R31', 'R34']"
2215744.262417529,63.7118724215717,5.548532587324806,"['D5', 'R22', 'R27', 'R36', 'R32', 'R15', 'R18', 'R16', 'R21', 'R9', 'R33', 'R37', 'R31', 'R4', 'R35', 'R30', 'R38', 'R34']"
2215661.007281043,62.78845697696781,5.590868288832498,"['D5', 'R4', 'R36', 'R27', 'R22', 'R38', 'R35', 'R30', 'R32', 'R15', 'R31', 'R16', 'R18', 'R21', 'R9', 'R37', 'R33', 'R34']"
2215708.6806217814,63.317220738481595,5.5900249999511935,"['D5', 'R22', 'R27', 'R36', 'R4', 'R32', 'R15', 'R31', 'R16', 'R18', 'R21', 'R9', 'R37', 'R33', 'R38', 'R30', 'R35', 'R34']"
