total_cost,total_distance,total_fuel_consumed,route
2216310.4797471617,69.99201139265499,6.203566213491251,"['D5', 'R4', 'R36', 'R27', 'R30', 'R38', 'R35', 'R22', 'R32', 'R15', 'R18', 'R16', 'R31', 'R21', 'R37', 'R33', 'R9', 'R34']"
2216524.1291772504,72.36168120286911,6.302459648527614,"['D5', 'R22', 'R35', 'R30', 'R27', 'R36', 'R31', 'R18', 'R16', 'R21', 'R33', 'R37', 'R9', 'R4', 'R32', 'R15', 'R38', 'R34']"
2216918.461264969,76.735373391405,6.707201631314549,"['D5', 'R27', 'R36', 'R4', 'R30', 'R38', 'R35', 'R22', 'R15', 'R32', 'R21', 'R16', 'R18', 'R31', 'R9', 'R33', 'R37', 'R34']"
2216910.9019058375,76.6515295678506,6.632727597121105,"['D5', 'R32', 'R22', 'R27', 'R36', 'R4', 'R15', 'R16', 'R18', 'R21', 'R31', 'R9', 'R37', 'R33', 'R38', 'R35', 'R30', 'R34']"
2216328.199663113,70.18854994579772,6.199153720530444,"['D5', 'R36', 'R27', 'R4', 'R22', 'R38', 'R35', 'R30', 'R32', 'R15', 'R21', 'R16', 'R18', 'R31', 'R9', 'R33', 'R37', 'R34']"
