total_cost,total_distance,total_fuel_consumed,route
2215924.141857705,65.70698599939536,5.714359036715614,"['D4', 'R33', 'R37', 'R9', 'R16', 'R18', 'R21', 'R31', 'R4', 'R27', 'R36', 'R38', 'R15', 'R32', 'R22', 'R30', 'R35', 'R34']"
2216684.7813094584,74.14353715015991,6.456997476767022,"['D4', 'R33', 'R37', 'R9', 'R16', 'R18', 'R21', 'R27', 'R36', 'R35', 'R38', 'R4', 'R32', 'R15', 'R31', 'R22', 'R30', 'R34']"
2216550.032119211,72.64898091405038,6.160883213422466,"['D4', 'R16', 'R18', 'R21', 'R9', 'R37', 'R33', 'R32', 'R15', 'R31', 'R4', 'R22', 'R27', 'R36', 'R35', 'R38', 'R30', 'R34']"
2217182.357852502,79.66235417593114,6.80103286820263,"['D4', 'R31', 'R16', 'R18', 'R21', 'R9', 'R37', 'R33', 'R15', 'R30', 'R36', 'R35', 'R22', 'R27', 'R4', 'R32', 'R38', 'R34']"
2216924.8500855677,76.80623431197748,6.441333898041353,"['D4', 'R16', 'R18', 'R21', 'R32', 'R15', 'R31', 'R9', 'R33', 'R37', 'R27', 'R36', 'R4', 'R30', 'R35', 'R38', 'R22', 'R34']"
