total_cost,total_distance,total_fuel_consumed,route
2216150.554815162,68.2182211087204,6.041188524274409,"['D4', 'R37', 'R33', 'R9', 'R18', 'R16', 'R21', 'R31', 'R27', 'R36', 'R4', 'R22', 'R38', 'R30', 'R35', 'R32', 'R15', 'R34']"
2217936.641345344,88.02840888801919,7.434041349350492,"['D4', 'R32', 'R15', 'R4', 'R27', 'R36', 'R22', 'R38', 'R30', 'R35', 'R37', 'R33', 'R9', 'R16', 'R18', 'R21', 'R31', 'R34']"
2215539.9492960293,61.44575527983101,5.470485145257135,"['D4', 'R37', 'R33', 'R9', 'R18', 'R16', 'R21', 'R31', 'R15', 'R4', 'R27', 'R36', 'R22', 'R38', 'R35', 'R30', 'R32', 'R34']"
2214819.705923569,53.457252923343425,4.633855407060107,"['D4', 'R37', 'R33', 'R9', 'R18', 'R16', 'R21', 'R31', 'R32', 'R15', 'R4', 'R27', 'R36', 'R22', 'R38', 'R30', 'R35', 'R34']"
2215657.693402867,62.751701451497894,5.414083048773701,"['D4', 'R33', 'R37', 'R16', 'R18', 'R21', 'R9', 'R31', 'R32', 'R15', 'R4', 'R36', 'R27', 'R22', 'R35', 'R38', 'R30', 'R34']"
