total_cost,total_distance,total_fuel_consumed,route
2215960.5478894156,66.11077960753774,5.838957106267596,"['D4', 'R9', 'R37', 'R33', 'R21', 'R18', 'R16', 'R31', 'R32', 'R36', 'R27', 'R30', 'R38', 'R35', 'R22', 'R4', 'R15', 'R34']"
2216782.445519381,75.22676929216037,6.567764158681819,"['D4', 'R21', 'R18', 'R16', 'R31', 'R15', 'R32', 'R4', 'R22', 'R27', 'R36', 'R30', 'R38', 'R35', 'R34', 'R9', 'R33', 'R37']"
2215634.404231927,62.4933921021207,5.3713150645774785,"['D4', 'R9', 'R33', 'R37', 'R21', 'R18', 'R16', 'R31', 'R22', 'R38', 'R27', 'R4', 'R32', 'R15', 'R36', 'R30', 'R35', 'R34']"
2215743.941284974,63.70831061417476,5.490688313122792,"['D4', 'R9', 'R37', 'R33', 'R18', 'R16', 'R21', 'R31', 'R36', 'R27', 'R4', 'R15', 'R32', 'R22', 'R38', 'R35', 'R30', 'R34']"
2217016.3226269567,77.82079222445611,6.6016196785726695,"['D4', 'R9', 'R33', 'R37', 'R36', 'R27', 'R4', 'R32', 'R31', 'R16', 'R21', 'R18', 'R15', 'R38', 'R22', 'R35', 'R30', 'R34']"
