total_cost,total_distance,total_fuel_consumed,route
2217383.135167491,81.88925429781462,6.986299751691325,"['D4', 'R31', 'R18', 'R16', 'R9', 'R21', 'R33', 'R37', 'R4', 'R36', 'R27', 'R30', 'R38', 'R22', 'R32', 'R15', 'R35', 'R34']"
2215953.415173125,66.03166784743725,5.807745647541839,"['D4', 'R37', 'R33', 'R9', 'R18', 'R16', 'R31', 'R21', 'R4', 'R36', 'R27', 'R30', 'R35', 'R38', 'R22', 'R15', 'R32', 'R34']"
2215802.037168774,64.35267489766957,5.555922940192304,"['D4', 'R33', 'R37', 'R18', 'R16', 'R21', 'R9', 'R31', 'R32', 'R15', 'R36', 'R27', 'R22', 'R4', 'R38', 'R35', 'R30', 'R34']"
2217237.560561759,80.27462912332828,6.960800523914147,"['D4', 'R21', 'R18', 'R16', 'R9', 'R33', 'R37', 'R31', 'R27', 'R36', 'R4', 'R35', 'R38', 'R22', 'R30', 'R32', 'R15', 'R34']"
2217934.8595141466,88.00864589781517,7.8537414377322,"['D4', 'R9', 'R21', 'R16', 'R18', 'R15', 'R31', 'R32', 'R36', 'R27', 'R22', 'R4', 'R38', 'R35', 'R30', 'R33', 'R37', 'R34']"
