total_cost,total_distance,total_fuel_consumed,route
2480861.399332024,120.46804937915365,10.838526450602705,"['D3', 'R11', 'R5', 'R26', 'R1', 'R6', 'R7', 'R28', 'R13', 'R20', 'R17', 'R14', 'R2', 'R3', 'R12', 'R10', 'R23', 'R70', 'R8', 'R24']"
2482081.337081066,133.99885848564745,12.117017451942607,"['D3', 'R28', 'R1', 'R6', 'R7', 'R13', 'R3', 'R12', 'R10', 'R5', 'R11', 'R14', 'R17', 'R2', 'R26', 'R20', 'R23', 'R70', 'R8', 'R24']"
2479839.4268849003,109.13295125221867,9.941441997533659,"['D3', 'R7', 'R1', 'R28', 'R6', 'R26', 'R5', 'R11', 'R17', 'R14', 'R2', 'R3', 'R12', 'R10', 'R70', 'R23', 'R13', 'R20', 'R24', 'R8']"
2479924.6080776225,110.07772934363797,10.05597712483875,"['D3', 'R7', 'R1', 'R3', 'R12', 'R10', 'R2', 'R17', 'R14', 'R11', 'R5', 'R26', 'R70', 'R23', 'R6', 'R28', 'R13', 'R20', 'R24', 'R8']"
2481224.3681471827,124.49387918348062,11.562932185911194,"['D3', 'R7', 'R1', 'R6', 'R13', 'R28', 'R5', 'R11', 'R14', 'R17', 'R2', 'R26', 'R12', 'R3', 'R10', 'R23', 'R20', 'R70', 'R24', 'R8']"
