total_cost,total_distance,total_fuel_consumed,route
2481845.810128366,131.38653647256763,11.963544633302508,"['D3', 'R1', 'R2', 'R17', 'R14', 'R11', 'R5', 'R7', 'R3', 'R10', 'R12', 'R70', 'R6', 'R28', 'R13', 'R23', 'R20', 'R26', 'R8', 'R24']"
2483857.671465495,153.70088138304203,14.314087445048209,"['D3', 'R28', 'R1', 'R7', 'R6', 'R3', 'R10', 'R12', 'R2', 'R14', 'R17', 'R11', 'R5', 'R26', 'R13', 'R23', 'R20', 'R8', 'R70', 'R24']"
2480741.892342893,119.14255038701086,10.952509068888805,"['D3', 'R14', 'R17', 'R2', 'R5', 'R11', 'R26', 'R12', 'R3', 'R10', 'R7', 'R1', 'R28', 'R6', 'R20', 'R13', 'R23', 'R70', 'R8', 'R24']"
2483155.8874268085,145.91711875342165,13.537834904409955,"['D3', 'R11', 'R5', 'R17', 'R14', 'R2', 'R12', 'R3', 'R10', 'R6', 'R7', 'R1', 'R28', 'R26', 'R13', 'R23', 'R20', 'R70', 'R24', 'R8']"
2482979.7135609067,143.9631051564627,13.210541742327981,"['D3', 'R7', 'R1', 'R14', 'R17', 'R2', 'R12', 'R3', 'R10', 'R6', 'R23', 'R5', 'R26', 'R11', 'R70', 'R13', 'R28', 'R20', 'R8', 'R24']"
