total_cost,total_distance,total_fuel_consumed,route
2481436.2980277203,126.84447679370518,11.633161901477406,"['D3', 'R1', 'R7', 'R6', 'R13', 'R20', 'R10', 'R12', 'R3', 'R23', 'R14', 'R17', 'R2', 'R5', 'R11', 'R26', 'R28', 'R70', 'R8', 'R24']"
2481179.875346454,124.00039204141865,11.617903433118896,"['D3', 'R1', 'R7', 'R11', 'R26', 'R5', 'R14', 'R17', 'R2', 'R12', 'R3', 'R10', 'R23', 'R6', 'R13', 'R28', 'R20', 'R70', 'R24', 'R8']"
2480416.3960126257,115.53234264225719,10.72413285913776,"['D3', 'R1', 'R7', 'R17', 'R14', 'R2', 'R26', 'R5', 'R11', 'R3', 'R12', 'R10', 'R23', 'R20', 'R13', 'R6', 'R28', 'R70', 'R8', 'R24']"
2481305.8393593826,125.3975084226162,11.432883683150727,"['D3', 'R1', 'R7', 'R6', 'R13', 'R20', 'R10', 'R12', 'R3', 'R23', 'R28', 'R5', 'R26', 'R17', 'R14', 'R2', 'R11', 'R24', 'R8', 'R70']"
2480786.846415998,119.64115368232376,10.992048179493304,"['D3', 'R1', 'R7', 'R28', 'R12', 'R3', 'R10', 'R17', 'R14', 'R2', 'R26', 'R11', 'R5', 'R13', 'R6', 'R20', 'R23', 'R70', 'R8', 'R24']"
