total_cost,total_distance,total_fuel_consumed,route
2481221.6458667205,124.46368530080282,11.29180362881535,"['D3', 'R7', 'R1', 'R6', 'R13', 'R20', 'R11', 'R26', 'R5', 'R28', 'R14', 'R17', 'R2', 'R3', 'R12', 'R10', 'R23', 'R70', 'R24', 'R8']"
2479962.206260997,110.49474557450486,10.060272544225217,"['D3', 'R1', 'R7', 'R28', 'R13', 'R6', 'R20', 'R5', 'R26', 'R11', 'R2', 'R17', 'R14', 'R3', 'R12', 'R10', 'R23', 'R70', 'R8', 'R24']"
2481129.5743228,123.44248361580088,11.326378257767526,"['D3', 'R7', 'R1', 'R5', 'R26', 'R17', 'R14', 'R2', 'R11', 'R13', 'R6', 'R20', 'R23', 'R3', 'R12', 'R10', 'R28', 'R24', 'R8', 'R70']"
2480877.85048961,120.65051563453756,11.344747882392975,"['D3', 'R7', 'R1', 'R5', 'R26', 'R11', 'R2', 'R17', 'R14', 'R3', 'R12', 'R10', 'R23', 'R20', 'R6', 'R28', 'R13', 'R70', 'R24', 'R8']"
2479752.419843298,108.16792195317406,10.07578778535856,"['D3', 'R7', 'R1', 'R10', 'R12', 'R3', 'R17', 'R14', 'R2', 'R11', 'R26', 'R5', 'R28', 'R6', 'R13', 'R20', 'R23', 'R70', 'R8', 'R24']"
