total_cost,total_distance,total_fuel_consumed,route
2481597.529799397,128.63276175018808,11.931278542768416,"['D3', 'R1', 'R7', 'R6', 'R28', 'R26', 'R5', 'R2', 'R14', 'R17', 'R11', 'R10', 'R3', 'R12', 'R23', 'R13', 'R20', 'R70', 'R24', 'R8']"
2483938.4140628013,154.59642926798227,14.37460116246605,"['D3', 'R5', 'R3', 'R12', 'R17', 'R14', 'R2', 'R26', 'R11', 'R1', 'R7', 'R6', 'R28', 'R13', 'R10', 'R20', 'R23', 'R24', 'R70', 'R8']"
2482307.0723720207,136.50257732942168,12.743359768063694,"['D3', 'R1', 'R5', 'R26', 'R14', 'R17', 'R2', 'R11', 'R7', 'R10', 'R3', 'R12', 'R23', 'R6', 'R13', 'R28', 'R20', 'R24', 'R70', 'R8']"
2481028.0294179604,122.3162091610553,11.50009189569865,"['D3', 'R1', 'R7', 'R5', 'R26', 'R11', 'R17', 'R14', 'R2', 'R3', 'R12', 'R10', 'R23', 'R6', 'R13', 'R28', 'R20', 'R70', 'R24', 'R8']"
2481884.1623077192,131.81191556919939,12.290001391994288,"['D3', 'R5', 'R26', 'R14', 'R17', 'R2', 'R11', 'R7', 'R28', 'R1', 'R3', 'R10', 'R12', 'R23', 'R6', 'R13', 'R20', 'R24', 'R70', 'R8']"
