total_cost,total_distance,total_fuel_consumed,route
2216982.867827762,77.44973189620656,6.649088489502879,"['D4', 'R31', 'R21', 'R16', 'R18', 'R9', 'R33', 'R37', 'R15', 'R22', 'R27', 'R36', 'R38', 'R35', 'R30', 'R4', 'R32', 'R34']"
2216868.4508448616,76.1806881639465,6.511949594551627,"['D4', 'R37', 'R33', 'R18', 'R21', 'R16', 'R15', 'R31', 'R9', 'R32', 'R30', 'R36', 'R27', 'R4', 'R38', 'R22', 'R35', 'R34']"
2216989.032304206,77.51810452757118,6.790884605685803,"['D4', 'R37', 'R33', 'R16', 'R18', 'R21', 'R9', 'R31', 'R4', 'R27', 'R22', 'R30', 'R36', 'R38', 'R35', 'R15', 'R32', 'R34']"
2218600.996297738,95.39703080898242,8.422654589575059,"['D4', 'R18', 'R21', 'R16', 'R31', 'R15', 'R22', 'R27', 'R36', 'R38', 'R4', 'R32', 'R35', 'R30', 'R37', 'R33', 'R9', 'R34']"
2216534.9831861216,72.48206728174058,6.185183354743487,"['D4', 'R21', 'R16', 'R18', 'R31', 'R37', 'R33', 'R9', 'R15', 'R32', 'R38', 'R27', 'R36', 'R4', 'R35', 'R30', 'R22', 'R34']"
