total_cost,total_distance,total_fuel_consumed,route
2215615.637004773,62.28523740875501,5.509508748725272,"['D4', 'R37', 'R33', 'R9', 'R16', 'R18', 'R21', 'R31', 'R4', 'R36', 'R27', 'R30', 'R35', 'R38', 'R22', 'R32', 'R15', 'R34']"
2215861.9108660505,65.0167576092528,5.64410112135304,"['D4', 'R9', 'R37', 'R33', 'R21', 'R18', 'R16', 'R31', 'R36', 'R27', 'R4', 'R32', 'R15', 'R22', 'R35', 'R38', 'R30', 'R34']"
2216131.6685195426,68.00874578019737,5.986865317314806,"['D4', 'R9', 'R37', 'R33', 'R21', 'R16', 'R18', 'R31', 'R4', 'R27', 'R36', 'R35', 'R38', 'R30', 'R22', 'R32', 'R15', 'R34']"
2215957.0925343544,66.072454906328,5.708697987463902,"['D4', 'R37', 'R33', 'R9', 'R31', 'R18', 'R16', 'R21', 'R15', 'R38', 'R36', 'R27', 'R4', 'R32', 'R22', 'R30', 'R35', 'R34']"
2215473.3552805916,60.707134877900536,5.198078498864987,"['D4', 'R33', 'R37', 'R18', 'R16', 'R21', 'R9', 'R31', 'R32', 'R15', 'R27', 'R36', 'R4', 'R22', 'R38', 'R30', 'R35', 'R34']"
