total_cost,total_distance,total_fuel_consumed,route
2214602.9876037943,51.05354485131211,4.46332563945017,"['D4', 'R33', 'R37', 'R9', 'R18', 'R16', 'R21', 'R31', 'R15', 'R32', 'R4', 'R36', 'R27', 'R22', 'R38', 'R35', 'R30', 'R34']"
2214601.091303815,51.03251224285346,4.484702184674668,"['D4', 'R37', 'R33', 'R9', 'R21', 'R16', 'R18', 'R31', 'R15', 'R32', 'R27', 'R36', 'R4', 'R22', 'R38', 'R35', 'R30', 'R34']"
2214413.2407596353,48.948988017253214,4.30279278074855,"['D4', 'R33', 'R37', 'R9', 'R21', 'R16', 'R18', 'R31', 'R15', 'R32', 'R4', 'R36', 'R27', 'R22', 'R38', 'R35', 'R30', 'R34']"
2214289.854994125,47.58046799163185,4.152717282195885,"['D4', 'R33', 'R37', 'R9', 'R21', 'R18', 'R16', 'R31', 'R15', 'R32', 'R4', 'R27', 'R36', 'R30', 'R35', 'R38', 'R22', 'R34']"
2214398.8828028725,48.78973827498622,4.292444118873048,"['D4', 'R37', 'R33', 'R9', 'R21', 'R16', 'R18', 'R31', 'R15', 'R32', 'R4', 'R36', 'R27', 'R22', 'R38', 'R35', 'R30', 'R34']"
