total_cost,total_distance,total_fuel_consumed,route
2216281.3506351225,69.66892896098837,6.147378635576628,"['D4', 'R9', 'R33', 'R37', 'R21', 'R18', 'R16', 'R31', 'R32', 'R22', 'R36', 'R27', 'R30', 'R38', 'R35', 'R4', 'R15', 'R34']"
2216813.161662815,75.56745411285569,6.547027360373262,"['D4', 'R9', 'R37', 'R33', 'R18', 'R16', 'R21', 'R31', 'R27', 'R36', 'R15', 'R32', 'R35', 'R22', 'R4', 'R38', 'R30', 'R34']"
2216448.6315775546,71.52430764812202,6.345525593432215,"['D4', 'R37', 'R33', 'R9', 'R21', 'R16', 'R18', 'R31', 'R22', 'R4', 'R15', 'R36', 'R27', 'R30', 'R38', 'R35', 'R32', 'R34']"
2216374.6167249777,70.70337982451021,6.328749592548738,"['D4', 'R37', 'R33', 'R9', 'R18', 'R16', 'R21', 'R15', 'R32', 'R27', 'R36', 'R4', 'R22', 'R38', 'R35', 'R30', 'R31', 'R34']"
2217582.2816821076,84.09806657173411,7.266109868512467,"['D4', 'R16', 'R18', 'R21', 'R9', 'R37', 'R33', 'R27', 'R36', 'R4', 'R22', 'R35', 'R30', 'R38', 'R32', 'R31', 'R15', 'R34']"
