total_cost,total_distance,total_fuel_consumed,route
2215142.109466078,57.03315734337264,4.924154068340284,"['D4', 'R9', 'R33', 'R37', 'R21', 'R18', 'R16', 'R31', 'R32', 'R15', 'R4', 'R27', 'R36', 'R38', 'R22', 'R30', 'R35', 'R34']"
2215864.2684270875,65.04290624542588,5.789042915868744,"['D4', 'R33', 'R37', 'R9', 'R16', 'R18', 'R21', 'R31', 'R15', 'R4', 'R27', 'R36', 'R22', 'R35', 'R38', 'R30', 'R32', 'R34']"
2215435.171484917,60.28362339082716,5.131952177249097,"['D4', 'R18', 'R16', 'R21', 'R9', 'R33', 'R37', 'R31', 'R15', 'R32', 'R4', 'R27', 'R36', 'R22', 'R35', 'R30', 'R38', 'R34']"
2215199.7820699345,57.672826862628625,5.037457047777625,"['D4', 'R33', 'R37', 'R9', 'R18', 'R21', 'R16', 'R31', 'R32', 'R15', 'R4', 'R27', 'R36', 'R22', 'R35', 'R38', 'R30', 'R34']"
2215729.5267493865,63.54843333392285,5.481432706777326,"['D4', 'R9', 'R33', 'R37', 'R16', 'R18', 'R21', 'R31', 'R32', 'R15', 'R36', 'R27', 'R38', 'R4', 'R22', 'R30', 'R35', 'R34']"
