total_cost,total_distance,total_fuel_consumed,route
2216706.0934359813,74.37991832277409,6.640832836232362,"['D4', 'R9', 'R21', 'R16', 'R18', 'R31', 'R15', 'R32', 'R4', 'R27', 'R36', 'R38', 'R35', 'R30', 'R22', 'R34', 'R33', 'R37']"
2214258.971969508,47.237932226132145,4.128474662998033,"['D4', 'R33', 'R37', 'R9', 'R21', 'R16', 'R18', 'R31', 'R15', 'R32', 'R4', 'R36', 'R27', 'R30', 'R35', 'R38', 'R22', 'R34']"
2214569.630209703,50.68356488135737,4.459647260054576,"['D4', 'R37', 'R33', 'R9', 'R21', 'R16', 'R18', 'R31', 'R15', 'R32', 'R36', 'R27', 'R4', 'R22', 'R38', 'R35', 'R30', 'R34']"
2214631.15768438,51.365990288159864,4.459120810075035,"['D4', 'R33', 'R37', 'R9', 'R16', 'R18', 'R21', 'R31', 'R15', 'R32', 'R4', 'R27', 'R36', 'R22', 'R30', 'R35', 'R38', 'R34']"
2214667.0721469396,51.76433170962207,4.524096135219604,"['D4', 'R37', 'R33', 'R9', 'R16', 'R18', 'R21', 'R31', 'R15', 'R32', 'R4', 'R27', 'R36', 'R22', 'R38', 'R35', 'R30', 'R34']"
