total_cost,total_distance,total_fuel_consumed,route
2214761.9199217074,52.816325662235776,4.578947567076559,"['D4', 'R37', 'R33', 'R9', 'R18', 'R16', 'R21', 'R31', 'R32', 'R15', 'R4', 'R36', 'R27', 'R22', 'R38', 'R30', 'R35', 'R34']"
2216011.7015732317,66.67814522217967,5.904017395982875,"['D4', 'R33', 'R37', 'R9', 'R21', 'R18', 'R16', 'R31', 'R22', 'R4', 'R36', 'R27', 'R35', 'R38', 'R30', 'R32', 'R15', 'R34']"
2215119.692968921,56.78452716194071,4.9118193571671585,"['D4', 'R9', 'R33', 'R37', 'R21', 'R18', 'R16', 'R31', 'R32', 'R15', 'R4', 'R36', 'R27', 'R38', 'R30', 'R35', 'R22', 'R34']"
2214845.5941193537,53.744389078900895,4.699239548951325,"['D4', 'R33', 'R37', 'R9', 'R21', 'R18', 'R16', 'R31', 'R32', 'R15', 'R4', 'R36', 'R27', 'R38', 'R30', 'R35', 'R22', 'R34']"
2216163.8817130937,68.3660349722003,5.939871894273404,"['D4', 'R9', 'R33', 'R37', 'R16', 'R18', 'R21', 'R31', 'R32', 'R15', 'R38', 'R36', 'R27', 'R30', 'R35', 'R22', 'R4', 'R34']"
