total_cost,total_distance,total_fuel_consumed,route
2215815.4624962355,64.50158048176172,5.588101047591716,"['D4', 'R9', 'R33', 'R37', 'R18', 'R16', 'R21', 'R31', 'R15', 'R36', 'R4', 'R32', 'R27', 'R38', 'R22', 'R35', 'R30', 'R34']"
2216856.3869634126,76.04688291274168,6.508536204832355,"['D4', 'R21', 'R18', 'R16', 'R31', 'R9', 'R33', 'R37', 'R22', 'R27', 'R36', 'R4', 'R15', 'R32', 'R35', 'R38', 'R30', 'R34']"
2215751.9392428272,63.79701910854873,5.533757907048985,"['D4', 'R37', 'R33', 'R9', 'R31', 'R18', 'R16', 'R21', 'R15', 'R27', 'R36', 'R4', 'R32', 'R30', 'R38', 'R35', 'R22', 'R34']"
2216148.956176697,68.20048998110572,5.950848526765159,"['D4', 'R37', 'R33', 'R9', 'R21', 'R16', 'R31', 'R18', 'R38', 'R35', 'R27', 'R36', 'R4', 'R32', 'R15', 'R22', 'R30', 'R34']"
2215265.239393737,58.398839770817375,5.098826257564396,"['D4', 'R9', 'R37', 'R33', 'R21', 'R16', 'R18', 'R31', 'R15', 'R32', 'R36', 'R27', 'R4', 'R38', 'R22', 'R35', 'R30', 'R34']"
