total_cost,total_distance,total_fuel_consumed,route
2216938.5041588848,76.95767700626247,6.649121413883021,"['D4', 'R33', 'R37', 'R31', 'R18', 'R16', 'R21', 'R9', 'R27', 'R36', 'R30', 'R38', 'R35', 'R32', 'R4', 'R15', 'R22', 'R34']"
2217491.401055661,83.09007382055381,7.371571440203976,"['D4', 'R37', 'R33', 'R18', 'R16', 'R21', 'R32', 'R4', 'R30', 'R36', 'R27', 'R22', 'R38', 'R35', 'R15', 'R31', 'R9', 'R34']"
2215839.1128123133,64.76389543381727,5.488540209806855,"['D4', 'R16', 'R18', 'R21', 'R9', 'R37', 'R33', 'R31', 'R15', 'R4', 'R32', 'R22', 'R38', 'R36', 'R27', 'R30', 'R35', 'R34']"
2216437.2524597794,71.39809737998479,6.088924278378741,"['D4', 'R33', 'R37', 'R18', 'R16', 'R21', 'R9', 'R27', 'R36', 'R32', 'R15', 'R31', 'R4', 'R22', 'R38', 'R35', 'R30', 'R34']"
2217265.826230364,80.58813476446046,6.828713896270697,"['D4', 'R31', 'R21', 'R18', 'R16', 'R9', 'R37', 'R33', 'R38', 'R27', 'R36', 'R30', 'R35', 'R4', 'R15', 'R32', 'R22', 'R34']"
