total_cost,total_distance,total_fuel_consumed,route
2218530.2356081354,94.61219618606778,8.268097928653287,"['D4', 'R21', 'R18', 'R16', 'R15', 'R4', 'R32', 'R31', 'R22', 'R36', 'R27', 'R35', 'R38', 'R30', 'R9', 'R37', 'R33', 'R34']"
2217797.0276650866,86.47989868108633,7.7705231908333605,"['D4', 'R33', 'R37', 'R18', 'R21', 'R16', 'R31', 'R4', 'R22', 'R27', 'R36', 'R32', 'R15', 'R30', 'R38', 'R35', 'R34', 'R9']"
2216336.824980088,70.28421672679536,6.050563359988367,"['D4', 'R33', 'R37', 'R21', 'R16', 'R18', 'R9', 'R31', 'R27', 'R36', 'R30', 'R22', 'R32', 'R15', 'R4', 'R38', 'R35', 'R34']"
2216734.8261325047,74.69860395413275,6.373202450934214,"['D4', 'R9', 'R18', 'R16', 'R21', 'R37', 'R33', 'R15', 'R31', 'R4', 'R27', 'R36', 'R32', 'R30', 'R38', 'R22', 'R35', 'R34']"
2217378.1872197436,81.8343746644168,7.076180508215712,"['D4', 'R16', 'R18', 'R21', 'R9', 'R37', 'R33', 'R22', 'R27', 'R36', 'R4', 'R38', 'R35', 'R30', 'R32', 'R31', 'R15', 'R34']"
