total_cost,total_distance,total_fuel_consumed,route
2216057.348813583,67.18443670788517,5.942092462607812,"['D5', 'R4', 'R36', 'R27', 'R35', 'R30', 'R38', 'R22', 'R32', 'R15', 'R16', 'R18', 'R21', 'R9', 'R37', 'R33', 'R31', 'R34']"
2215809.308916112,64.4333287057696,5.66580137275661,"['D5', 'R22', 'R38', 'R27', 'R36', 'R4', 'R32', 'R31', 'R16', 'R18', 'R21', 'R9', 'R37', 'R33', 'R15', 'R30', 'R35', 'R34']"
2216216.421091405,68.94876986918354,6.068739714697932,"['D5', 'R22', 'R27', 'R36', 'R4', 'R38', 'R35', 'R30', 'R15', 'R32', 'R31', 'R16', 'R18', 'R21', 'R9', 'R33', 'R37', 'R34']"
2216459.866873138,71.64892272779844,6.218789096836655,"['D5', 'R4', 'R27', 'R36', 'R22', 'R38', 'R35', 'R30', 'R37', 'R33', 'R9', 'R21', 'R18', 'R16', 'R31', 'R32', 'R15', 'R34']"
2215967.443169233,66.18725786638353,5.869421801270953,"['D5', 'R4', 'R27', 'R36', 'R22', 'R38', 'R35', 'R30', 'R32', 'R15', 'R18', 'R16', 'R21', 'R9', 'R33', 'R37', 'R31', 'R34']"
