total_cost,total_distance,total_fuel_consumed,route
2216533.5493172086,72.4661636780016,6.445689320280579,"['D5', 'R22', 'R38', 'R30', 'R36', 'R27', 'R4', 'R15', 'R32', 'R16', 'R18', 'R31', 'R21', 'R9', 'R33', 'R37', 'R35', 'R34']"
2217903.291048348,87.6585076347389,7.634455571982278,"['D5', 'R38', 'R36', 'R27', 'R4', 'R32', 'R18', 'R16', 'R21', 'R31', 'R15', 'R22', 'R35', 'R30', 'R34', 'R37', 'R33', 'R9']"
2216588.7557353424,73.07847976200668,6.411513104650508,"['D5', 'R38', 'R35', 'R30', 'R27', 'R36', 'R15', 'R32', 'R4', 'R22', 'R31', 'R16', 'R18', 'R21', 'R33', 'R37', 'R9', 'R34']"
2217275.055482025,80.69050002245793,7.022060967793762,"['D5', 'R30', 'R27', 'R36', 'R4', 'R32', 'R22', 'R38', 'R35', 'R15', 'R18', 'R16', 'R21', 'R31', 'R9', 'R37', 'R33', 'R34']"
2216699.9258415294,74.311511108363,6.490377600667928,"['D5', 'R36', 'R27', 'R32', 'R4', 'R22', 'R35', 'R30', 'R38', 'R15', 'R31', 'R16', 'R18', 'R21', 'R37', 'R33', 'R9', 'R34']"
