total_cost,total_distance,total_fuel_consumed,route
2216033.9457968087,66.9248646496122,5.82955338653287,"['D5', 'R27', 'R36', 'R38', 'R22', 'R32', 'R15', 'R31', 'R18', 'R16', 'R21', 'R33', 'R37', 'R9', 'R4', 'R30', 'R35', 'R34']"
2216024.251009829,66.81733595640107,5.9550743958548615,"['D5', 'R4', 'R27', 'R36', 'R30', 'R35', 'R38', 'R22', 'R32', 'R15', 'R16', 'R18', 'R31', 'R21', 'R37', 'R33', 'R9', 'R34']"
2215458.44673248,60.54177831055723,5.225845685797195,"['D5', 'R4', 'R32', 'R15', 'R31', 'R18', 'R16', 'R21', 'R37', 'R33', 'R9', 'R36', 'R27', 'R30', 'R35', 'R38', 'R22', 'R34']"
2216252.8614632348,69.35294435708494,6.112643386414512,"['D5', 'R22', 'R4', 'R36', 'R27', 'R30', 'R35', 'R38', 'R31', 'R18', 'R16', 'R21', 'R9', 'R33', 'R37', 'R15', 'R32', 'R34']"
2216237.462258665,69.1821457260963,6.003881059215332,"['D5', 'R27', 'R22', 'R4', 'R36', 'R32', 'R15', 'R31', 'R16', 'R21', 'R18', 'R9', 'R37', 'R33', 'R30', 'R35', 'R38', 'R34']"
