total_cost,total_distance,total_fuel_consumed,route
2216423.2042314652,71.24228295768782,6.152933871386126,"['D5', 'R15', 'R31', 'R18', 'R16', 'R21', 'R33', 'R37', 'R9', 'R22', 'R27', 'R36', 'R32', 'R4', 'R35', 'R38', 'R30', 'R34']"
2217212.323607375,79.9947161421383,6.982244762138993,"['D5', 'R15', 'R4', 'R36', 'R27', 'R38', 'R35', 'R22', 'R30', 'R31', 'R18', 'R16', 'R21', 'R33', 'R37', 'R9', 'R32', 'R34']"
2216983.843026124,77.46054820457138,6.742327435661016,"['D5', 'R15', 'R4', 'R22', 'R27', 'R36', 'R30', 'R38', 'R35', 'R32', 'R21', 'R16', 'R18', 'R9', 'R33', 'R37', 'R31', 'R34']"
2216733.9395641503,74.68877067602868,6.590975648794311,"['D5', 'R22', 'R36', 'R27', 'R38', 'R30', 'R35', 'R4', 'R15', 'R32', 'R21', 'R16', 'R18', 'R31', 'R37', 'R33', 'R9', 'R34']"
2217804.6749486784,86.5647177093922,7.701149182644208,"['D5', 'R4', 'R36', 'R27', 'R32', 'R18', 'R16', 'R21', 'R31', 'R15', 'R22', 'R38', 'R30', 'R35', 'R9', 'R33', 'R37', 'R34']"
