total_cost,total_distance,total_fuel_consumed,route
2217333.5990548697,81.33982980112619,7.118890486172498,"['D5', 'R32', 'R36', 'R27', 'R30', 'R22', 'R35', 'R38', 'R4', 'R31', 'R18', 'R16', 'R9', 'R21', 'R37', 'R33', 'R15', 'R34']"
2216698.3377722534,74.29389720777556,6.4692323947636305,"['D5', 'R4', 'R15', 'R32', 'R27', 'R36', 'R30', 'R38', 'R35', 'R31', 'R18', 'R16', 'R21', 'R37', 'R33', 'R9', 'R22', 'R34']"
2218033.9655659255,89.10787007459724,7.792574332131419,"['D5', 'R32', 'R36', 'R27', 'R4', 'R22', 'R35', 'R38', 'R30', 'R9', 'R21', 'R16', 'R18', 'R31', 'R15', 'R33', 'R37', 'R34']"
2218316.362586989,92.24004643954282,8.143343907094152,"['D5', 'R9', 'R21', 'R16', 'R31', 'R18', 'R15', 'R32', 'R4', 'R27', 'R36', 'R35', 'R38', 'R22', 'R30', 'R37', 'R33', 'R34']"
2217559.357924806,83.84381016865578,7.227134054773457,"['D5', 'R32', 'R36', 'R27', 'R22', 'R4', 'R15', 'R37', 'R33', 'R21', 'R18', 'R31', 'R16', 'R9', 'R35', 'R38', 'R30', 'R34']"
