total_cost,total_distance,total_fuel_consumed,route
2481243.3240656755,124.70412672666203,11.321609432019365,"['D2', 'R3', 'R12', 'R10', 'R1', 'R7', 'R17', 'R14', 'R2', 'R11', 'R26', 'R5', 'R28', 'R6', 'R20', 'R13', 'R23', 'R70', 'R8', 'R24']"
2482119.6400423874,134.42369168574805,12.351919711343692,"['D2', 'R5', 'R26', 'R17', 'R14', 'R2', 'R11', 'R3', 'R12', 'R10', 'R7', 'R1', 'R28', 'R6', 'R13', 'R70', 'R23', 'R20', 'R8', 'R24']"
2480217.8177080415,113.32983260915722,10.18677714614726,"['D2', 'R5', 'R11', 'R2', 'R14', 'R17', 'R26', 'R7', 'R1', 'R10', 'R3', 'R12', 'R70', 'R23', 'R6', 'R28', 'R20', 'R13', 'R24', 'R8']"
2479812.3734630886,108.83289111677556,9.90731629630728,"['D2', 'R2', 'R14', 'R17', 'R11', 'R26', 'R5', 'R7', 'R1', 'R28', 'R6', 'R20', 'R13', 'R23', 'R10', 'R3', 'R12', 'R70', 'R8', 'R24']"
2482592.355216244,139.66676149339153,12.713118276984483,"['D2', 'R3', 'R12', 'R10', 'R11', 'R17', 'R14', 'R2', 'R26', 'R5', 'R6', 'R7', 'R1', 'R28', 'R23', 'R13', 'R20', 'R70', 'R8', 'R24']"
