total_cost,total_distance,total_fuel_consumed,route
2483111.03835919,145.41968011523576,13.15953034542559,"['D2', 'R7', 'R1', 'R13', 'R6', 'R28', 'R17', 'R14', 'R2', 'R5', 'R26', 'R11', 'R12', 'R3', 'R10', 'R23', 'R20', 'R24', 'R70', 'R8']"
2483184.8308345876,146.2381414661437,13.464940959517005,"['D2', 'R11', 'R17', 'R14', 'R2', 'R5', 'R26', 'R7', 'R28', 'R13', 'R6', 'R3', 'R10', 'R12', 'R23', 'R20', 'R1', 'R24', 'R70', 'R8']"
2480685.277920518,118.51461757451305,10.789346233062417,"['D2', 'R11', 'R5', 'R26', 'R14', 'R17', 'R2', 'R1', 'R7', 'R28', 'R6', 'R20', 'R13', 'R23', 'R12', 'R3', 'R10', 'R70', 'R24', 'R8']"
2480710.290675579,118.79204387288235,10.940526823554231,"['D2', 'R14', 'R17', 'R2', 'R11', 'R26', 'R5', 'R1', 'R7', 'R6', 'R28', 'R13', 'R20', 'R12', 'R3', 'R10', 'R23', 'R70', 'R24', 'R8']"
2481186.6438253107,124.0754639009545,10.841959034504141,"['D2', 'R8', 'R26', 'R11', 'R17', 'R14', 'R2', 'R5', 'R1', 'R12', 'R3', 'R10', 'R7', 'R6', 'R28', 'R13', 'R20', 'R23', 'R70', 'R24']"
