total_cost,total_distance,total_fuel_consumed,route
2479888.151274287,109.67337260744965,9.977602423512,"['D2', 'R17', 'R14', 'R2', 'R11', 'R26', 'R5', 'R1', 'R7', 'R13', 'R6', 'R20', 'R23', 'R10', 'R3', 'R12', 'R70', 'R28', 'R24', 'R8']"
2480435.8605173016,115.74823111470886,10.587136108611238,"['D2', 'R17', 'R14', 'R2', 'R26', 'R5', 'R11', 'R1', 'R7', 'R6', 'R13', 'R20', 'R10', 'R3', 'R12', 'R23', 'R70', 'R28', 'R24', 'R8']"
2481379.235455926,126.21157337983826,11.529049111542589,"['D2', 'R17', 'R14', 'R2', 'R10', 'R3', 'R12', 'R6', 'R28', 'R7', 'R1', 'R26', 'R5', 'R11', 'R13', 'R20', 'R23', 'R70', 'R8', 'R24']"
2480636.8348129163,117.97731602613898,10.563905646433435,"['D2', 'R70', 'R10', 'R12', 'R3', 'R2', 'R17', 'R14', 'R11', 'R26', 'R5', 'R28', 'R7', 'R1', 'R6', 'R13', 'R20', 'R23', 'R8', 'R24']"
2481382.568490305,126.24854137428038,11.669464195913871,"['D2', 'R14', 'R17', 'R2', 'R11', 'R26', 'R5', 'R1', 'R7', 'R6', 'R28', 'R13', 'R20', 'R23', 'R10', 'R3', 'R12', 'R8', 'R24', 'R70']"
