total_cost,total_distance,total_fuel_consumed,route
2482791.579301349,141.87643413208795,13.228351149299595,"['D2', 'R26', 'R2', 'R14', 'R17', 'R11', 'R5', 'R3', 'R12', 'R10', 'R1', 'R7', 'R28', 'R6', 'R13', 'R20', 'R23', 'R8', 'R70', 'R24']"
2481801.8114757286,130.8985301212222,12.081032000686328,"['D2', 'R14', 'R17', 'R2', 'R26', 'R11', 'R5', 'R3', 'R12', 'R10', 'R1', 'R7', 'R13', 'R6', 'R28', 'R23', 'R20', 'R24', 'R8', 'R70']"
2484112.0798243093,156.5226244932214,14.33901815217175,"['D2', 'R14', 'R17', 'R2', 'R7', 'R5', 'R26', 'R11', 'R28', 'R13', 'R6', 'R1', 'R3', 'R12', 'R10', 'R23', 'R24', 'R20', 'R8', 'R70']"
2483229.452005048,146.7330524073638,13.664687064672993,"['D2', 'R14', 'R17', 'R2', 'R5', 'R26', 'R11', 'R1', 'R7', 'R12', 'R3', 'R10', 'R28', 'R6', 'R13', 'R20', 'R23', 'R8', 'R70', 'R24']"
2482600.4340123967,139.75636659712916,12.803518908708977,"['D2', 'R17', 'R2', 'R14', 'R11', 'R5', 'R28', 'R1', 'R7', 'R13', 'R6', 'R23', 'R10', 'R12', 'R3', 'R26', 'R24', 'R20', 'R70', 'R8']"
