total_cost,total_distance,total_fuel_consumed,route
2479564.806762761,106.08703153018634,9.692092632493232,"['D2', 'R17', 'R14', 'R2', 'R11', 'R26', 'R5', 'R1', 'R7', 'R6', 'R13', 'R20', 'R23', 'R10', 'R3', 'R12', 'R70', 'R28', 'R24', 'R8']"
2481520.890126366,127.78272101116264,11.720808269584598,"['D2', 'R26', 'R11', 'R5', 'R17', 'R14', 'R2', 'R7', 'R1', 'R3', 'R12', 'R10', 'R23', 'R6', 'R13', 'R28', 'R20', 'R24', 'R8', 'R70']"
2480190.2825266467,113.02442908880934,10.420659922833213,"['D2', 'R2', 'R17', 'R14', 'R11', 'R26', 'R5', 'R7', 'R1', 'R3', 'R12', 'R10', 'R23', 'R20', 'R13', 'R6', 'R28', 'R24', 'R8', 'R70']"
2480374.7736664214,115.07069283963894,10.690791226672406,"['D2', 'R26', 'R5', 'R11', 'R14', 'R17', 'R2', 'R12', 'R3', 'R10', 'R1', 'R7', 'R28', 'R6', 'R13', 'R20', 'R23', 'R70', 'R24', 'R8']"
2480728.211468347,118.9908104297619,11.00134896204885,"['D2', 'R14', 'R17', 'R2', 'R11', 'R26', 'R5', 'R3', 'R12', 'R10', 'R1', 'R7', 'R6', 'R13', 'R20', 'R28', 'R23', 'R70', 'R8', 'R24']"
