total_cost,total_distance,total_fuel_consumed,route
2481934.729206668,132.3727729222276,12.008766291814839,"['D2', 'R2', 'R17', 'R14', 'R11', 'R3', 'R12', 'R26', 'R1', 'R7', 'R5', 'R28', 'R6', 'R13', 'R23', 'R10', 'R70', 'R20', 'R24', 'R8']"
2482871.0184556637,142.7575250184549,12.929136008690145,"['D2', 'R1', 'R11', 'R17', 'R14', 'R2', 'R5', 'R26', 'R28', 'R7', 'R6', 'R13', 'R12', 'R3', 'R10', 'R23', 'R20', 'R70', 'R24', 'R8']"
2483739.6399667007,152.39174763421056,14.144875583139022,"['D2', 'R14', 'R17', 'R2', 'R5', 'R26', 'R11', 'R7', 'R1', 'R3', 'R12', 'R6', 'R28', 'R13', 'R20', 'R10', 'R23', 'R8', 'R70', 'R24']"
2482400.8405136573,137.54259664659688,12.465269455542032,"['D2', 'R7', 'R1', 'R6', 'R10', 'R3', 'R12', 'R14', 'R17', 'R2', 'R5', 'R11', 'R26', 'R28', 'R20', 'R13', 'R23', 'R70', 'R24', 'R8']"
2483407.0408057366,148.70275960222628,13.724079765432935,"['D2', 'R2', 'R17', 'R14', 'R11', 'R26', 'R5', 'R6', 'R7', 'R1', 'R12', 'R3', 'R23', 'R10', 'R28', 'R13', 'R70', 'R20', 'R8', 'R24']"
