total_cost,total_distance,total_fuel_consumed,route
2480159.6789115644,112.68499236429315,10.319484348914662,"['D2', 'R2', 'R14', 'R17', 'R26', 'R11', 'R5', 'R1', 'R7', 'R28', 'R6', 'R13', 'R20', 'R12', 'R3', 'R10', 'R23', 'R70', 'R8', 'R24']"
2480901.4769212515,120.91256567493878,11.046946722088853,"['D2', 'R3', 'R12', 'R10', 'R2', 'R14', 'R17', 'R11', 'R26', 'R5', 'R1', 'R7', 'R6', 'R13', 'R28', 'R20', 'R23', 'R70', 'R8', 'R24']"
2480509.319602601,116.56299470498561,10.732001113326328,"['D2', 'R14', 'R17', 'R2', 'R11', 'R5', 'R26', 'R3', 'R12', 'R10', 'R7', 'R1', 'R28', 'R13', 'R6', 'R20', 'R23', 'R70', 'R8', 'R24']"
2480856.151028336,120.40983837994867,10.66633996531611,"['D2', 'R1', 'R7', 'R28', 'R6', 'R20', 'R13', 'R23', 'R3', 'R12', 'R10', 'R11', 'R5', 'R26', 'R14', 'R17', 'R2', 'R70', 'R8', 'R24']"
2480776.2359680845,119.52346903376568,10.828385089060559,"['D2', 'R14', 'R17', 'R2', 'R11', 'R26', 'R5', 'R7', 'R1', 'R6', 'R28', 'R13', 'R20', 'R70', 'R10', 'R3', 'R12', 'R23', 'R24', 'R8']"
