total_cost,total_distance,total_fuel_consumed,route
2481849.071014747,131.42270424519327,12.123877195560695,"['D2', 'R17', 'R14', 'R2', 'R26', 'R11', 'R5', 'R3', 'R10', 'R12', 'R1', 'R7', 'R6', 'R28', 'R13', 'R20', 'R24', 'R23', 'R70', 'R8']"
2481350.300221966,125.89064132615611,11.573256611661611,"['D2', 'R26', 'R11', 'R2', 'R17', 'R14', 'R5', 'R3', 'R12', 'R10', 'R6', 'R28', 'R7', 'R1', 'R13', 'R20', 'R23', 'R70', 'R24', 'R8']"
2482344.0489120493,136.91269866958214,12.584955483024492,"['D2', 'R17', 'R14', 'R2', 'R11', 'R5', 'R26', 'R1', 'R23', 'R3', 'R12', 'R10', 'R13', 'R6', 'R7', 'R28', 'R20', 'R70', 'R24', 'R8']"
2483053.6803050153,144.7834993901397,13.31159688261005,"['D2', 'R5', 'R11', 'R17', 'R14', 'R2', 'R26', 'R7', 'R1', 'R28', 'R6', 'R23', 'R10', 'R12', 'R3', 'R13', 'R20', 'R8', 'R24', 'R70']"
2480622.2480694787,117.81552872093309,10.582846745343458,"['D2', 'R26', 'R11', 'R5', 'R2', 'R14', 'R17', 'R12', 'R3', 'R10', 'R70', 'R7', 'R1', 'R13', 'R6', 'R23', 'R20', 'R28', 'R24', 'R8']"
