total_cost,total_distance,total_fuel_consumed,route
2483008.5953181977,144.2834440793906,12.843719711866923,"['D2', 'R6', 'R20', 'R13', 'R10', 'R3', 'R26', 'R5', 'R11', 'R2', 'R14', 'R17', 'R1', 'R7', 'R28', 'R12', 'R23', 'R70', 'R24', 'R8']"
2482669.1038739914,140.51801102474954,13.063758146768507,"['D2', 'R5', 'R26', 'R11', 'R2', 'R17', 'R14', 'R12', 'R3', 'R10', 'R6', 'R1', 'R7', 'R28', 'R13', 'R23', 'R20', 'R24', 'R70', 'R8']"
2482970.668140565,143.86277884389227,13.117575684229855,"['D2', 'R11', 'R14', 'R17', 'R2', 'R3', 'R10', 'R12', 'R1', 'R26', 'R5', 'R23', 'R6', 'R7', 'R28', 'R13', 'R70', 'R20', 'R24', 'R8']"
2482417.1451311004,137.7234375676672,12.63292164771003,"['D2', 'R11', 'R14', 'R17', 'R2', 'R3', 'R12', 'R10', 'R7', 'R1', 'R5', 'R26', 'R13', 'R6', 'R20', 'R28', 'R70', 'R23', 'R24', 'R8']"
2480740.8606358985,119.13110731919599,10.684969154018672,"['D2', 'R5', 'R11', 'R14', 'R17', 'R2', 'R26', 'R1', 'R28', 'R7', 'R3', 'R10', 'R70', 'R12', 'R23', 'R13', 'R6', 'R20', 'R24', 'R8']"
