total_cost,total_distance,total_fuel_consumed,route
393871.10440809943,42.935940639967086,22.589519804134234,"['W1', 'D3', 'D1', 'D2']"
392809.2836744502,31.15886950366206,14.573534382494437,"['W1', 'D1', 'D3', 'D2']"
393871.10440809943,42.935940639967086,22.589519804134234,"['W1', 'D3', 'D1', 'D2']"
394277.8558517428,47.44738078685467,23.38565630064381,"['W1', 'D3', 'D2', 'D1']"
392809.2836744502,31.15886950366206,14.573534382494437,"['W1', 'D1', 'D3', 'D2']"
