total_cost,total_distance,total_fuel_consumed,route
2216558.791293231,72.7461323561535,6.42159882846031,"['D5', 'R22', 'R27', 'R36', 'R4', 'R32', 'R15', 'R18', 'R16', 'R21', 'R31', 'R9', 'R37', 'R33', 'R35', 'R38', 'R30', 'R34']"
2216291.28726088,69.77913998314763,6.149671508515547,"['D5', 'R22', 'R27', 'R36', 'R4', 'R32', 'R15', 'R18', 'R16', 'R21', 'R31', 'R9', 'R37', 'R33', 'R38', 'R35', 'R30', 'R34']"
2216222.5936186276,69.01723179489554,6.093596915421214,"['D5', 'R22', 'R27', 'R36', 'R35', 'R30', 'R38', 'R4', 'R15', 'R32', 'R31', 'R16', 'R21', 'R18', 'R9', 'R37', 'R33', 'R34']"
2216421.283160965,71.22097560964022,6.118693802517054,"['D5', 'R4', 'R27', 'R36', 'R30', 'R38', 'R35', 'R15', 'R32', 'R9', 'R33', 'R37', 'R21', 'R18', 'R16', 'R31', 'R22', 'R34']"
2215642.205624268,62.5799204111385,5.425037329872133,"['D5', 'R4', 'R32', 'R15', 'R31', 'R18', 'R16', 'R21', 'R9', 'R33', 'R37', 'R27', 'R36', 'R22', 'R38', 'R35', 'R30', 'R34']"
