total_cost,total_distance,total_fuel_consumed,route
2217861.6486358596,87.1966352690733,7.612137816467156,"['D5', 'R27', 'R36', 'R38', 'R22', 'R4', 'R31', 'R15', 'R32', 'R35', 'R30', 'R18', 'R21', 'R16', 'R37', 'R33', 'R9', 'R34']"
2217369.1799928844,81.73447197077125,6.86607926597193,"['D5', 'R15', 'R4', 'R27', 'R36', 'R30', 'R22', 'R38', 'R35', 'R34', 'R31', 'R16', 'R18', 'R21', 'R37', 'R33', 'R9', 'R32']"
2218351.3491295157,92.62809593517954,8.137282772038077,"['D5', 'R30', 'R36', 'R27', 'R31', 'R16', 'R18', 'R21', 'R32', 'R15', 'R4', 'R22', 'R38', 'R35', 'R9', 'R33', 'R37', 'R34']"
2216795.9368331847,75.37640675670887,6.573778201741007,"['D5', 'R4', 'R30', 'R27', 'R36', 'R38', 'R22', 'R31', 'R16', 'R18', 'R21', 'R37', 'R33', 'R9', 'R32', 'R15', 'R35', 'R34']"
2218500.1230057464,94.2782054763346,8.17800053687527,"['D5', 'R15', 'R32', 'R38', 'R27', 'R36', 'R4', 'R22', 'R30', 'R9', 'R21', 'R16', 'R18', 'R31', 'R33', 'R37', 'R35', 'R34']"
