total_cost,total_distance,total_fuel_consumed,route
2216069.4334878656,67.31847258058832,5.936738837964709,"['D5', 'R4', 'R36', 'R27', 'R38', 'R22', 'R32', 'R15', 'R31', 'R16', 'R18', 'R21', 'R33', 'R37', 'R9', 'R30', 'R35', 'R34']"
2216774.6923863767,75.14077624641523,6.627677952575814,"['D5', 'R4', 'R36', 'R27', 'R38', 'R30', 'R35', 'R22', 'R16', 'R18', 'R31', 'R21', 'R9', 'R37', 'R33', 'R32', 'R15', 'R34']"
2216335.2595794727,70.26685425324678,6.182218644708371,"['D5', 'R32', 'R4', 'R36', 'R27', 'R22', 'R38', 'R35', 'R30', 'R15', 'R16', 'R18', 'R21', 'R9', 'R33', 'R37', 'R31', 'R34']"
2216211.8618148533,68.89820114079123,6.074905700517961,"['D5', 'R27', 'R36', 'R4', 'R22', 'R38', 'R30', 'R35', 'R32', 'R15', 'R31', 'R16', 'R18', 'R21', 'R33', 'R37', 'R9', 'R34']"
2215947.4904559525,65.96595448039527,5.845255662016243,"['D5', 'R4', 'R36', 'R27', 'R22', 'R38', 'R35', 'R30', 'R15', 'R32', 'R31', 'R18', 'R16', 'R21', 'R9', 'R33', 'R37', 'R34']"
