total_cost,total_distance,total_fuel_consumed,route
2217533.2847823175,83.55462269651898,7.280731166824446,"['D5', 'R16', 'R18', 'R21', 'R31', 'R15', 'R32', 'R36', 'R27', 'R35', 'R38', 'R30', 'R4', 'R22', 'R34', 'R37', 'R33', 'R9']"
2216943.6166289495,77.01438142135845,6.715047731778927,"['D5', 'R27', 'R4', 'R22', 'R38', 'R36', 'R30', 'R35', 'R32', 'R31', 'R21', 'R16', 'R18', 'R37', 'R33', 'R9', 'R15', 'R34']"
2218368.697744721,92.82051624579957,8.17702497471433,"['D5', 'R16', 'R18', 'R31', 'R21', 'R15', 'R32', 'R22', 'R38', 'R36', 'R27', 'R4', 'R30', 'R35', 'R37', 'R33', 'R9', 'R34']"
2217095.410843107,78.69799071768966,6.780992192176356,"['D5', 'R27', 'R4', 'R36', 'R22', 'R35', 'R38', 'R30', 'R15', 'R33', 'R37', 'R9', 'R21', 'R16', 'R31', 'R18', 'R32', 'R34']"
2216944.1699614935,77.02051865010972,6.74092183875535,"['D5', 'R27', 'R4', 'R15', 'R32', 'R36', 'R30', 'R35', 'R38', 'R22', 'R16', 'R31', 'R21', 'R18', 'R37', 'R33', 'R9', 'R34']"
