total_cost,total_distance,total_fuel_consumed,route
2215224.209974045,57.94376634921409,5.031074445908201,"['D4', 'R33', 'R37', 'R9', 'R18', 'R16', 'R21', 'R31', 'R32', 'R15', 'R27', 'R36', 'R4', 'R22', 'R30', 'R38', 'R35', 'R34']"
2215989.125044393,66.42774006647204,5.823357465580689,"['D4', 'R9', 'R37', 'R33', 'R21', 'R16', 'R18', 'R31', 'R27', 'R36', 'R30', 'R38', 'R35', 'R22', 'R4', 'R32', 'R15', 'R34']"
2215807.640487138,64.41482350419955,5.610900045604013,"['D4', 'R9', 'R33', 'R37', 'R21', 'R18', 'R16', 'R31', 'R32', 'R36', 'R27', 'R22', 'R4', 'R15', 'R38', 'R35', 'R30', 'R34']"
2215482.1632941677,60.80482801872336,5.416867040554711,"['D4', 'R37', 'R33', 'R9', 'R18', 'R16', 'R21', 'R31', 'R15', 'R4', 'R36', 'R27', 'R22', 'R38', 'R35', 'R30', 'R32', 'R34']"
2217786.942864311,86.36804419156442,7.731760135626848,"['D4', 'R9', 'R21', 'R16', 'R18', 'R31', 'R36', 'R27', 'R4', 'R32', 'R15', 'R22', 'R38', 'R35', 'R30', 'R33', 'R37', 'R34']"
