total_cost,total_distance,total_fuel_consumed,route
2216135.247773088,68.0484446881981,6.006455644079951,"['D4', 'R37', 'R33', 'R9', 'R16', 'R18', 'R21', 'R31', 'R4', 'R27', 'R36', 'R38', 'R30', 'R22', 'R32', 'R15', 'R35', 'R34']"
2217335.994895434,81.36640301057682,6.908414739612478,"['D4', 'R21', 'R18', 'R16', 'R31', 'R4', 'R32', 'R15', 'R9', 'R37', 'R33', 'R30', 'R36', 'R27', 'R38', 'R22', 'R35', 'R34']"
2215757.5814721384,63.859599291689534,5.5618993992562356,"['D4', 'R37', 'R33', 'R9', 'R16', 'R18', 'R21', 'R31', 'R32', 'R15', 'R35', 'R38', 'R22', 'R27', 'R36', 'R4', 'R30', 'R34']"
2215111.642104021,56.695231854708844,4.924730597529401,"['D4', 'R37', 'R33', 'R9', 'R31', 'R16', 'R18', 'R21', 'R15', 'R32', 'R4', 'R36', 'R27', 'R30', 'R38', 'R22', 'R35', 'R34']"
2218272.081042287,91.7489024211029,7.944732054344811,"['D4', 'R31', 'R16', 'R21', 'R18', 'R15', 'R4', 'R36', 'R27', 'R35', 'R38', 'R22', 'R32', 'R30', 'R34', 'R9', 'R37', 'R33']"
