total_cost,total_distance,total_fuel_consumed,route
2217377.773015987,81.82978056773943,7.0429627198530955,"['D4', 'R33', 'R37', 'R4', 'R27', 'R36', 'R35', 'R30', 'R38', 'R22', 'R31', 'R16', 'R18', 'R21', 'R9', 'R32', 'R15', 'R34']"
2216997.898948447,77.61644796413907,6.774905014566753,"['D4', 'R16', 'R18', 'R21', 'R9', 'R33', 'R37', 'R31', 'R15', 'R4', 'R38', 'R27', 'R36', 'R22', 'R30', 'R35', 'R32', 'R34']"
2215995.5990961813,66.49954631966804,5.77948403992416,"['D4', 'R33', 'R37', 'R9', 'R18', 'R21', 'R16', 'R31', 'R30', 'R36', 'R27', 'R4', 'R15', 'R32', 'R38', 'R35', 'R22', 'R34']"
2216888.4328978886,76.40231696859438,6.485114595580916,"['D4', 'R21', 'R16', 'R18', 'R9', 'R33', 'R37', 'R4', 'R27', 'R36', 'R32', 'R15', 'R31', 'R35', 'R30', 'R38', 'R22', 'R34']"
2219440.2255342854,104.70525215490123,8.884097115490107,"['D4', 'R27', 'R22', 'R36', 'R4', 'R32', 'R21', 'R16', 'R18', 'R9', 'R33', 'R37', 'R38', 'R30', 'R35', 'R15', 'R31', 'R34']"
