total_cost,total_distance,total_fuel_consumed,route
2217344.942578885,81.46564528488486,7.307116604371382,"['D4', 'R9', 'R16', 'R21', 'R18', 'R31', 'R15', 'R4', 'R27', 'R36', 'R22', 'R38', 'R30', 'R35', 'R32', 'R33', 'R37', 'R34']"
2216940.885724235,76.98409188370893,6.829980565811278,"['D4', 'R33', 'R37', 'R16', 'R18', 'R21', 'R9', 'R15', 'R32', 'R4', 'R27', 'R36', 'R22', 'R38', 'R30', 'R35', 'R31', 'R34']"
2218079.5973685984,89.61399033494622,7.973206231793537,"['D4', 'R9', 'R16', 'R21', 'R18', 'R31', 'R27', 'R36', 'R4', 'R32', 'R15', 'R22', 'R30', 'R35', 'R38', 'R33', 'R37', 'R34']"
2215567.3051224523,61.74916950368706,5.3952320266321125,"['D4', 'R33', 'R37', 'R18', 'R16', 'R21', 'R9', 'R31', 'R15', 'R32', 'R36', 'R27', 'R22', 'R38', 'R35', 'R30', 'R4', 'R34']"
2215891.6640562345,65.34676193693966,5.694155760467536,"['D4', 'R37', 'R33', 'R9', 'R18', 'R16', 'R21', 'R15', 'R32', 'R36', 'R27', 'R4', 'R31', 'R22', 'R38', 'R35', 'R30', 'R34']"
