total_cost,total_distance,total_fuel_consumed,route
2214479.090565968,49.67935410345736,4.364470649589911,"['D4', 'R37', 'R33', 'R9', 'R21', 'R18', 'R16', 'R31', 'R15', 'R32', 'R4', 'R36', 'R27', 'R38', 'R35', 'R30', 'R22', 'R34']"
2215740.641011635,63.671705985299766,5.666935969643724,"['D4', 'R33', 'R37', 'R9', 'R21', 'R16', 'R18', 'R31', 'R4', 'R36', 'R27', 'R38', 'R30', 'R35', 'R22', 'R15', 'R32', 'R34']"
2214263.877029015,47.29233616920452,4.131106682421533,"['D4', 'R33', 'R37', 'R9', 'R21', 'R16', 'R18', 'R31', 'R15', 'R32', 'R4', 'R27', 'R36', 'R30', 'R35', 'R38', 'R22', 'R34']"
2214693.71217264,52.05980670630235,4.593994576024183,"['D4', 'R33', 'R37', 'R9', 'R21', 'R16', 'R18', 'R31', 'R15', 'R32', 'R4', 'R36', 'R27', 'R38', 'R22', 'R35', 'R30', 'R34']"
2215490.1147537865,60.89302078290575,5.364916300466316,"['D4', 'R37', 'R33', 'R9', 'R21', 'R16', 'R18', 'R31', 'R4', 'R30', 'R35', 'R38', 'R22', 'R27', 'R36', 'R32', 'R15', 'R34']"
