total_cost,total_distance,total_fuel_consumed,route
2483986.293392357,155.12747773243953,14.303864289701481,"['D3', 'R11', 'R17', 'R14', 'R2', 'R5', 'R1', 'R28', 'R6', 'R13', 'R7', 'R3', 'R10', 'R12', 'R70', 'R26', 'R23', 'R8', 'R20', 'R24']"
2481467.2354157823,127.1876155255348,11.745994049733143,"['D3', 'R5', 'R14', 'R17', 'R2', 'R11', 'R26', 'R7', 'R1', 'R28', 'R13', 'R6', 'R12', 'R3', 'R10', 'R20', 'R23', 'R70', 'R24', 'R8']"
2482451.031201691,138.09928129648364,12.902405634059662,"['D3', 'R7', 'R1', 'R5', 'R26', 'R2', 'R14', 'R17', 'R11', 'R12', 'R3', 'R23', 'R6', 'R20', 'R13', 'R10', 'R28', 'R24', 'R70', 'R8']"
2481752.08253472,130.34696688909105,11.980490237498982,"['D3', 'R26', 'R14', 'R17', 'R5', 'R11', 'R12', 'R10', 'R3', 'R2', 'R7', 'R1', 'R6', 'R13', 'R28', 'R20', 'R23', 'R70', 'R24', 'R8']"
2481734.4481541663,130.1513770426661,11.858458472025593,"['D3', 'R26', 'R17', 'R14', 'R2', 'R11', 'R1', 'R5', 'R3', 'R12', 'R10', 'R20', 'R6', 'R7', 'R13', 'R23', 'R70', 'R28', 'R24', 'R8']"
