total_cost,total_distance,total_fuel_consumed,route
2481861.9642898994,131.56570862798526,11.244456485383605,"['D3', 'R28', 'R24', 'R7', 'R3', 'R12', 'R1', 'R5', 'R11', 'R14', 'R17', 'R2', 'R26', 'R70', 'R10', 'R23', 'R6', 'R13', 'R20', 'R8']"
2481387.039375589,126.2981297203771,11.591413101365761,"['D3', 'R7', 'R1', 'R2', 'R17', 'R14', 'R26', 'R11', 'R3', 'R12', 'R10', 'R20', 'R13', 'R6', 'R28', 'R5', 'R8', 'R24', 'R23', 'R70']"
2481547.074087718,128.0731376188795,11.863567397807262,"['D3', 'R6', 'R13', 'R28', 'R7', 'R1', 'R5', 'R26', 'R11', 'R2', 'R14', 'R17', 'R12', 'R3', 'R10', 'R20', 'R23', 'R24', 'R8', 'R70']"
2483070.9918083586,144.97550807850604,13.460608421213283,"['D3', 'R1', 'R7', 'R12', 'R3', 'R10', 'R11', 'R14', 'R17', 'R2', 'R26', 'R5', 'R20', 'R13', 'R6', 'R28', 'R8', 'R23', 'R70', 'R24']"
2479814.090992751,108.8519409133877,9.894062634201092,"['D3', 'R7', 'R1', 'R3', 'R10', 'R12', 'R6', 'R28', 'R5', 'R26', 'R11', 'R17', 'R14', 'R2', 'R70', 'R23', 'R20', 'R13', 'R24', 'R8']"
