total_cost,total_distance,total_fuel_consumed,route
2480894.128547698,120.83106197535557,11.000224322155988,"['D3', 'R7', 'R1', 'R6', 'R28', 'R2', 'R14', 'R17', 'R11', 'R26', 'R5', 'R13', 'R20', 'R10', 'R12', 'R3', 'R23', 'R70', 'R8', 'R24']"
2482553.212814937,139.23261773443542,12.755744934603612,"['D3', 'R2', 'R17', 'R14', 'R11', 'R5', 'R26', 'R28', 'R7', 'R6', 'R13', 'R20', 'R1', 'R3', 'R12', 'R10', 'R8', 'R70', 'R23', 'R24']"
2481001.101776457,122.0175441044476,11.086554447031144,"['D3', 'R7', 'R1', 'R3', 'R12', 'R10', 'R70', 'R11', 'R2', 'R14', 'R17', 'R26', 'R28', 'R5', 'R6', 'R13', 'R20', 'R23', 'R24', 'R8']"
2481488.4356507175,127.42275566456925,11.853096569895435,"['D3', 'R1', 'R7', 'R23', 'R10', 'R12', 'R3', 'R17', 'R14', 'R2', 'R5', 'R26', 'R11', 'R28', 'R6', 'R20', 'R13', 'R24', 'R70', 'R8']"
2479527.731908047,105.675819743208,9.54878920265509,"['D3', 'R1', 'R7', 'R6', 'R17', 'R14', 'R2', 'R11', 'R5', 'R26', 'R3', 'R12', 'R10', 'R70', 'R23', 'R20', 'R13', 'R28', 'R24', 'R8']"
