total_cost,total_distance,total_fuel_consumed,route
2480775.9860860105,119.52069749346188,10.995917446855659,"['D3', 'R5', 'R11', 'R26', 'R14', 'R17', 'R2', 'R12', 'R3', 'R10', 'R70', 'R7', 'R1', 'R6', 'R13', 'R20', 'R28', 'R23', 'R24', 'R8']"
2480934.00723784,121.27337220319758,11.242503886680316,"['D3', 'R2', 'R17', 'R14', 'R11', 'R5', 'R26', 'R12', 'R3', 'R10', 'R1', 'R7', 'R28', 'R6', 'R13', 'R20', 'R70', 'R23', 'R24', 'R8']"
2480847.550026376,120.31444128633176,11.075089229030525,"['D3', 'R1', 'R7', 'R28', 'R6', 'R13', 'R20', 'R23', 'R3', 'R12', 'R10', 'R11', 'R26', 'R14', 'R17', 'R2', 'R5', 'R8', 'R24', 'R70']"
2480920.0803095615,121.11890316728164,11.236995737921303,"['D3', 'R1', 'R7', 'R28', 'R5', 'R26', 'R14', 'R17', 'R2', 'R11', 'R10', 'R3', 'R12', 'R23', 'R13', 'R6', 'R20', 'R70', 'R8', 'R24']"
2480093.5434825546,111.95145832469908,10.194521007054654,"['D3', 'R1', 'R7', 'R28', 'R6', 'R13', 'R20', 'R17', 'R2', 'R14', 'R11', 'R26', 'R5', 'R12', 'R3', 'R10', 'R23', 'R70', 'R8', 'R24']"
