total_cost,total_distance,total_fuel_consumed,route
2481645.2734640553,129.1623055019401,11.722760903333391,"['D3', 'R6', 'R7', 'R5', 'R12', 'R3', 'R2', 'R14', 'R17', 'R11', 'R26', 'R1', 'R28', 'R13', 'R23', 'R10', 'R70', 'R20', 'R24', 'R8']"
2481808.665023435,130.97454551280669,12.138274916473694,"['D3', 'R5', 'R11', 'R26', 'R14', 'R17', 'R2', 'R3', 'R12', 'R10', 'R13', 'R20', 'R6', 'R7', 'R28', 'R1', 'R24', 'R23', 'R70', 'R8']"
2482131.2854812024,134.55285582522282,12.01505117115186,"['D3', 'R3', 'R12', 'R70', 'R17', 'R14', 'R2', 'R5', 'R26', 'R11', 'R1', 'R7', 'R28', 'R6', 'R24', 'R13', 'R10', 'R23', 'R20', 'R8']"
2481912.1416796497,132.12224578138836,12.222938985891437,"['D3', 'R1', 'R11', 'R26', 'R14', 'R17', 'R2', 'R5', 'R7', 'R3', 'R12', 'R10', 'R13', 'R6', 'R20', 'R28', 'R23', 'R70', 'R24', 'R8']"
2481455.8373218877,127.0611947858016,11.572207389364896,"['D3', 'R7', 'R12', 'R23', 'R10', 'R3', 'R1', 'R26', 'R2', 'R14', 'R17', 'R11', 'R5', 'R28', 'R6', 'R20', 'R13', 'R70', 'R8', 'R24']"
