total_cost,total_distance,total_fuel_consumed,route
2479747.9021289786,108.11781420783981,10.058052950786294,"['D3', 'R7', 'R1', 'R11', 'R26', 'R5', 'R17', 'R14', 'R2', 'R12', 'R3', 'R10', 'R23', 'R20', 'R13', 'R6', 'R28', 'R24', 'R8', 'R70']"
2479778.2313816305,108.454207870793,10.090374328836983,"['D3', 'R7', 'R1', 'R11', 'R5', 'R26', 'R2', 'R17', 'R14', 'R3', 'R12', 'R10', 'R23', 'R20', 'R13', 'R6', 'R28', 'R24', 'R8', 'R70']"
2479762.509179272,108.27982674437266,10.069326695763003,"['D3', 'R7', 'R1', 'R26', 'R5', 'R11', 'R2', 'R14', 'R17', 'R12', 'R3', 'R10', 'R23', 'R20', 'R13', 'R6', 'R28', 'R24', 'R8', 'R70']"
2481460.050046812,127.10791977386675,11.780488076276677,"['D3', 'R7', 'R1', 'R12', 'R3', 'R10', 'R26', 'R11', 'R5', 'R14', 'R17', 'R2', 'R6', 'R13', 'R28', 'R20', 'R23', 'R70', 'R24', 'R8']"
2480207.9039891334,113.21987565587344,10.363187558556312,"['D3', 'R1', 'R7', 'R6', 'R28', 'R13', 'R20', 'R23', 'R10', 'R3', 'R12', 'R11', 'R17', 'R14', 'R2', 'R26', 'R5', 'R24', 'R8', 'R70']"
