total_cost,total_distance,total_fuel_consumed,route
2480426.561498104,115.64509203753983,10.462949303417567,"['D3', 'R7', 'R1', 'R6', 'R28', 'R20', 'R13', 'R11', 'R2', 'R14', 'R17', 'R26', 'R5', 'R12', 'R3', 'R10', 'R23', 'R70', 'R8', 'R24']"
2480214.8260444617,113.29665089243227,10.402982061167235,"['D3', 'R7', 'R1', 'R26', 'R17', 'R14', 'R2', 'R11', 'R5', 'R28', 'R6', 'R20', 'R13', 'R3', 'R12', 'R10', 'R23', 'R70', 'R8', 'R24']"
2481083.1598252263,122.92768217864406,11.543990441096126,"['D3', 'R7', 'R1', 'R26', 'R5', 'R11', 'R14', 'R17', 'R2', 'R3', 'R12', 'R10', 'R23', 'R6', 'R13', 'R28', 'R20', 'R70', 'R24', 'R8']"
2480389.9039755478,115.23850904556534,10.49433875823559,"['D3', 'R1', 'R7', 'R28', 'R6', 'R13', 'R20', 'R12', 'R3', 'R10', 'R23', 'R17', 'R14', 'R2', 'R26', 'R5', 'R11', 'R70', 'R8', 'R24']"
2480701.236205768,118.69161718908543,11.025090623616421,"['D3', 'R7', 'R1', 'R5', 'R11', 'R2', 'R17', 'R14', 'R26', 'R3', 'R12', 'R10', 'R23', 'R28', 'R6', 'R13', 'R20', 'R24', 'R8', 'R70']"
