total_cost,total_distance,total_fuel_consumed,route
2481350.1744552003,125.88924639752028,11.41604659388159,"['D3', 'R1', 'R7', 'R6', 'R13', 'R12', 'R3', 'R10', 'R23', 'R26', 'R11', 'R5', 'R14', 'R17', 'R2', 'R70', 'R28', 'R20', 'R24', 'R8']"
2481276.293357566,125.06980210254929,11.791307962639905,"['D3', 'R7', 'R1', 'R5', 'R26', 'R11', 'R2', 'R17', 'R14', 'R3', 'R12', 'R10', 'R23', 'R20', 'R13', 'R6', 'R28', 'R8', 'R70', 'R24']"
2480724.996258245,118.95514927068318,10.870516603127403,"['D3', 'R7', 'R1', 'R28', 'R6', 'R13', 'R20', 'R26', 'R14', 'R17', 'R2', 'R11', 'R5', 'R3', 'R12', 'R10', 'R23', 'R70', 'R24', 'R8']"
2480300.6784563498,114.24887373946346,10.496130282363167,"['D3', 'R1', 'R7', 'R14', 'R17', 'R2', 'R11', 'R26', 'R5', 'R28', 'R13', 'R6', 'R20', 'R23', 'R12', 'R3', 'R10', 'R70', 'R24', 'R8']"
2481007.469062218,122.08816617367505,11.254754469023561,"['D3', 'R7', 'R1', 'R28', 'R6', 'R13', 'R20', 'R3', 'R12', 'R10', 'R14', 'R17', 'R2', 'R11', 'R26', 'R5', 'R23', 'R70', 'R24', 'R8']"
