total_cost,total_distance,total_fuel_consumed,route
2479913.341037744,109.95276217551721,10.248885101467833,"['D3', 'R1', 'R7', 'R5', 'R26', 'R11', 'R14', 'R17', 'R2', 'R12', 'R3', 'R10', 'R6', 'R28', 'R13', 'R20', 'R23', 'R70', 'R8', 'R24']"
2483651.3282773644,151.41224797431101,14.174231422911433,"['D3', 'R1', 'R7', 'R14', 'R17', 'R2', 'R11', 'R26', 'R5', 'R12', 'R3', 'R10', 'R13', 'R6', 'R28', 'R23', 'R20', 'R8', 'R70', 'R24']"
2479306.0091373646,103.21660533900145,9.484666306691729,"['D3', 'R1', 'R7', 'R6', 'R13', 'R28', 'R5', 'R26', 'R11', 'R17', 'R14', 'R2', 'R12', 'R3', 'R10', 'R70', 'R23', 'R20', 'R24', 'R8']"
2481035.4856132483,122.39890875386448,11.39061522042138,"['D3', 'R1', 'R7', 'R6', 'R23', 'R10', 'R3', 'R12', 'R2', 'R17', 'R14', 'R5', 'R26', 'R11', 'R28', 'R13', 'R20', 'R70', 'R24', 'R8']"
2480686.234168266,118.52522369416465,11.000403096546048,"['D3', 'R1', 'R7', 'R6', 'R12', 'R3', 'R10', 'R2', 'R14', 'R17', 'R11', 'R26', 'R5', 'R28', 'R13', 'R20', 'R23', 'R70', 'R24', 'R8']"
