total_cost,total_distance,total_fuel_consumed,route
2479608.435581,106.57093590283975,9.736234136477561,"['D3', 'R1', 'R7', 'R5', 'R26', 'R11', 'R2', 'R17', 'R14', 'R12', 'R3', 'R70', 'R10', 'R23', 'R28', 'R13', 'R6', 'R20', 'R24', 'R8']"
2480078.9297863804,111.78937207609357,10.124944711697786,"['D3', 'R1', 'R6', 'R7', 'R28', 'R10', 'R3', 'R12', 'R17', 'R14', 'R2', 'R26', 'R5', 'R11', 'R70', 'R23', 'R20', 'R13', 'R24', 'R8']"
2480187.3962878403,112.99241667968532,10.249057722769136,"['D3', 'R1', 'R7', 'R26', 'R5', 'R11', 'R2', 'R14', 'R17', 'R23', 'R10', 'R3', 'R12', 'R70', 'R20', 'R6', 'R28', 'R13', 'R24', 'R8']"
2482540.855691274,139.09556001856808,13.046604176379933,"['D3', 'R1', 'R7', 'R5', 'R26', 'R11', 'R17', 'R14', 'R2', 'R12', 'R10', 'R3', 'R6', 'R23', 'R13', 'R28', 'R20', 'R24', 'R70', 'R8']"
2480590.791763873,117.4666344706438,10.616201874050832,"['D3', 'R5', 'R26', 'R11', 'R1', 'R7', 'R6', 'R3', 'R12', 'R10', 'R70', 'R2', 'R17', 'R14', 'R23', 'R20', 'R13', 'R28', 'R8', 'R24']"
