total_cost,total_distance,total_fuel_consumed,route
2483059.9866674435,144.8534457347317,13.369511479235452,"['D3', 'R1', 'R2', 'R17', 'R14', 'R26', 'R11', 'R5', 'R7', 'R12', 'R3', 'R20', 'R6', 'R10', 'R23', 'R13', 'R28', 'R24', 'R70', 'R8']"
2481460.734440058,127.11551064838594,11.713147051199657,"['D3', 'R7', 'R6', 'R1', 'R2', 'R17', 'R14', 'R11', 'R5', 'R26', 'R12', 'R3', 'R23', 'R10', 'R28', 'R13', 'R20', 'R70', 'R8', 'R24']"
2482852.5635864744,142.55283481005668,12.938561452700291,"['D3', 'R11', 'R17', 'R14', 'R2', 'R5', 'R26', 'R7', 'R13', 'R6', 'R23', 'R3', 'R12', 'R10', 'R24', 'R28', 'R1', 'R20', 'R70', 'R8']"
2482487.5620773,138.50445959738786,12.861211561321761,"['D3', 'R1', 'R11', 'R2', 'R17', 'R14', 'R26', 'R3', 'R12', 'R10', 'R5', 'R7', 'R6', 'R13', 'R28', 'R23', 'R20', 'R70', 'R24', 'R8']"
2484001.1717458162,155.2924993990253,14.3205815010283,"['D3', 'R1', 'R12', 'R3', 'R23', 'R10', 'R7', 'R13', 'R6', 'R28', 'R11', 'R2', 'R17', 'R14', 'R26', 'R5', 'R20', 'R8', 'R70', 'R24']"
