total_cost,total_distance,total_fuel_consumed,route
2479968.2901902995,110.56222482586593,10.292902182609646,"['D3', 'R7', 'R1', 'R3', 'R12', 'R10', 'R2', 'R14', 'R17', 'R11', 'R26', 'R5', 'R28', 'R13', 'R6', 'R20', 'R23', 'R70', 'R8', 'R24']"
2481494.6140238745,127.49128242983923,11.88883488502719,"['D3', 'R7', 'R1', 'R28', 'R26', 'R11', 'R5', 'R14', 'R17', 'R2', 'R12', 'R3', 'R10', 'R23', 'R6', 'R13', 'R20', 'R24', 'R70', 'R8']"
2481325.194642882,125.61218548006579,11.438103113806449,"['D3', 'R12', 'R3', 'R10', 'R1', 'R7', 'R28', 'R13', 'R6', 'R20', 'R17', 'R14', 'R2', 'R11', 'R26', 'R5', 'R23', 'R70', 'R8', 'R24']"
2480290.153871298,114.13214142965828,10.571336529965764,"['D3', 'R28', 'R7', 'R1', 'R11', 'R26', 'R5', 'R14', 'R17', 'R2', 'R3', 'R12', 'R10', 'R6', 'R20', 'R13', 'R23', 'R70', 'R8', 'R24']"
2480341.675866844,114.70359213447702,10.719668039551513,"['D3', 'R7', 'R1', 'R5', 'R26', 'R11', 'R17', 'R14', 'R2', 'R3', 'R12', 'R10', 'R6', 'R13', 'R20', 'R28', 'R23', 'R70', 'R8', 'R24']"
