total_cost,total_distance,total_fuel_consumed,route
2482724.634362458,141.13392150019465,13.059409311446089,"['D3', 'R14', 'R17', 'R2', 'R26', 'R5', 'R11', 'R7', 'R1', 'R6', 'R3', 'R12', 'R10', 'R28', 'R13', 'R23', 'R20', 'R70', 'R24', 'R8']"
2482087.5026349016,134.06724306679084,12.423093663464392,"['D3', 'R28', 'R7', 'R17', 'R14', 'R2', 'R11', 'R5', 'R26', 'R12', 'R3', 'R10', 'R1', 'R6', 'R13', 'R23', 'R20', 'R70', 'R24', 'R8']"
2482773.9373646546,141.6807604775373,13.227875293861956,"['D3', 'R5', 'R11', 'R17', 'R14', 'R2', 'R26', 'R1', 'R7', 'R6', 'R28', 'R13', 'R20', 'R10', 'R3', 'R12', 'R23', 'R8', 'R70', 'R24']"
2480785.8604980684,119.63021847902118,10.971823709892087,"['D3', 'R28', 'R7', 'R1', 'R26', 'R14', 'R17', 'R2', 'R5', 'R11', 'R12', 'R3', 'R10', 'R70', 'R23', 'R13', 'R6', 'R20', 'R8', 'R24']"
2480907.6133194426,120.9806268793528,11.119140969977495,"['D3', 'R26', 'R14', 'R17', 'R2', 'R11', 'R5', 'R3', 'R12', 'R1', 'R7', 'R28', 'R6', 'R13', 'R23', 'R10', 'R70', 'R20', 'R24', 'R8']"
