total_cost,total_distance,total_fuel_consumed,route
2478913.911559157,98.86769697379208,8.84871820896231,"['D3', 'R1', 'R7', 'R28', 'R13', 'R6', 'R20', 'R23', 'R10', 'R3', 'R12', 'R70', 'R14', 'R17', 'R2', 'R26', 'R5', 'R11', 'R8', 'R24']"
2480041.7162426715,111.37662203495825,10.089164832782984,"['D3', 'R7', 'R1', 'R13', 'R6', 'R20', 'R28', 'R26', 'R5', 'R11', 'R17', 'R14', 'R2', 'R12', 'R3', 'R10', 'R23', 'R70', 'R8', 'R24']"
2480500.9407903147,116.47006200438395,10.6810552091379,"['D3', 'R28', 'R7', 'R1', 'R6', 'R13', 'R20', 'R10', 'R3', 'R12', 'R17', 'R14', 'R2', 'R11', 'R26', 'R5', 'R70', 'R23', 'R24', 'R8']"
2480544.6717990683,116.95509981220695,10.806331711933614,"['D3', 'R28', 'R1', 'R7', 'R11', 'R26', 'R5', 'R2', 'R17', 'R14', 'R12', 'R3', 'R10', 'R23', 'R6', 'R13', 'R20', 'R70', 'R8', 'R24']"
2481527.4546727124,127.85553097506906,11.874764994687496,"['D3', 'R1', 'R7', 'R28', 'R13', 'R20', 'R23', 'R10', 'R3', 'R12', 'R11', 'R14', 'R17', 'R2', 'R26', 'R5', 'R6', 'R24', 'R70', 'R8']"
