total_cost,total_distance,total_fuel_consumed,route
2482487.4356257254,138.5030570732618,13.01944738986813,"['D3', 'R7', 'R1', 'R26', 'R11', 'R14', 'R17', 'R2', 'R3', 'R12', 'R10', 'R23', 'R6', 'R13', 'R28', 'R5', 'R20', 'R24', 'R70', 'R8']"
2480691.777481053,118.58670675524905,10.889433051869995,"['D3', 'R1', 'R7', 'R28', 'R13', 'R10', 'R12', 'R3', 'R14', 'R17', 'R2', 'R26', 'R11', 'R5', 'R6', 'R20', 'R23', 'R70', 'R8', 'R24']"
2480833.728902985,120.16114577401183,11.071240390313644,"['D3', 'R7', 'R1', 'R28', 'R6', 'R13', 'R20', 'R10', 'R3', 'R12', 'R17', 'R14', 'R2', 'R26', 'R11', 'R5', 'R70', 'R23', 'R8', 'R24']"
2480620.918264994,117.80077933666925,10.774495471324833,"['D3', 'R7', 'R6', 'R13', 'R28', 'R1', 'R23', 'R10', 'R12', 'R3', 'R2', 'R14', 'R17', 'R11', 'R5', 'R26', 'R70', 'R20', 'R24', 'R8']"
2481121.116183713,123.34867107046261,11.513934441786006,"['D3', 'R7', 'R1', 'R14', 'R17', 'R2', 'R11', 'R5', 'R26', 'R12', 'R3', 'R10', 'R23', 'R20', 'R13', 'R6', 'R28', 'R8', 'R24', 'R70']"
