total_cost,total_distance,total_fuel_consumed,route
2216811.367483956,75.54755416987167,6.455522619501544,"['D4', 'R18', 'R16', 'R21', 'R9', 'R33', 'R37', 'R31', 'R38', 'R36', 'R27', 'R4', 'R15', 'R32', 'R22', 'R35', 'R30', 'R34']"
2216684.390010599,74.13919710069607,6.544680443975537,"['D4', 'R33', 'R37', 'R9', 'R18', 'R21', 'R16', 'R31', 'R27', 'R36', 'R32', 'R4', 'R38', 'R35', 'R22', 'R15', 'R30', 'R34']"
2215404.107679888,59.9390825187216,5.1420502116466835,"['D4', 'R33', 'R37', 'R16', 'R21', 'R18', 'R9', 'R31', 'R15', 'R32', 'R4', 'R27', 'R36', 'R22', 'R30', 'R38', 'R35', 'R34']"
2215914.827336369,65.60367498191387,5.558742928603236,"['D4', 'R16', 'R9', 'R37', 'R33', 'R21', 'R18', 'R31', 'R15', 'R32', 'R38', 'R27', 'R36', 'R4', 'R22', 'R30', 'R35', 'R34']"
2216954.7041516816,77.13735749424913,6.608309790689957,"['D4', 'R18', 'R16', 'R31', 'R21', 'R9', 'R37', 'R33', 'R15', 'R32', 'R27', 'R36', 'R22', 'R4', 'R38', 'R34', 'R35', 'R30']"
