total_cost,total_distance,total_fuel_consumed,route
2215120.603774802,56.79462926798844,5.067109985377587,"['D4', 'R37', 'R33', 'R9', 'R21', 'R18', 'R16', 'R31', 'R15', 'R32', 'R36', 'R27', 'R22', 'R38', 'R30', 'R35', 'R4', 'R34']"
2214263.877029015,47.29233616920452,4.131106682421533,"['D4', 'R33', 'R37', 'R9', 'R21', 'R16', 'R18', 'R31', 'R15', 'R32', 'R4', 'R27', 'R36', 'R30', 'R35', 'R38', 'R22', 'R34']"
2214559.048784185,50.56620213159929,4.3626650709882195,"['D4', 'R9', 'R33', 'R37', 'R21', 'R18', 'R16', 'R31', 'R15', 'R32', 'R4', 'R36', 'R27', 'R30', 'R35', 'R38', 'R22', 'R34']"
2214744.4270038116,52.62230483375746,4.597595812534362,"['D4', 'R37', 'R33', 'R9', 'R18', 'R16', 'R21', 'R31', 'R15', 'R32', 'R4', 'R27', 'R36', 'R38', 'R22', 'R30', 'R35', 'R34']"
2214263.877029015,47.29233616920452,4.131106682421533,"['D4', 'R33', 'R37', 'R9', 'R21', 'R16', 'R18', 'R31', 'R15', 'R32', 'R4', 'R27', 'R36', 'R30', 'R35', 'R38', 'R22', 'R34']"
