total_cost,total_distance,total_fuel_consumed,route
2215198.960495071,57.66371445287409,5.059856819029863,"['D4', 'R37', 'R33', 'R9', 'R21', 'R16', 'R18', 'R31', 'R32', 'R15', 'R27', 'R36', 'R4', 'R22', 'R35', 'R38', 'R30', 'R34']"
2217486.719662283,83.03815064644444,7.276572298969482,"['D4', 'R21', 'R9', 'R16', 'R18', 'R15', 'R36', 'R27', 'R38', 'R35', 'R30', 'R22', 'R4', 'R32', 'R31', 'R37', 'R33', 'R34']"
2215042.4941727007,55.92828496784475,4.831743439078363,"['D4', 'R9', 'R37', 'R33', 'R21', 'R18', 'R16', 'R31', 'R32', 'R15', 'R4', 'R36', 'R27', 'R38', 'R35', 'R30', 'R22', 'R34']"
2215014.0563594336,55.612870002592096,4.814515291756361,"['D4', 'R33', 'R37', 'R9', 'R18', 'R16', 'R21', 'R31', 'R32', 'R15', 'R27', 'R36', 'R4', 'R22', 'R38', 'R30', 'R35', 'R34']"
2214736.086306906,52.529794885826604,4.597210049747588,"['D4', 'R37', 'R33', 'R9', 'R18', 'R21', 'R16', 'R31', 'R15', 'R32', 'R36', 'R27', 'R4', 'R22', 'R38', 'R35', 'R30', 'R34']"
