total_cost,total_distance,total_fuel_consumed,route
2218783.0767019936,97.41655614456339,8.599727979836272,"['D4', 'R21', 'R18', 'R31', 'R16', 'R32', 'R4', 'R27', 'R36', 'R38', 'R22', 'R15', 'R35', 'R30', 'R37', 'R33', 'R9', 'R34']"
2216968.278060446,77.2879110519753,6.860831295166282,"['D4', 'R21', 'R18', 'R16', 'R31', 'R32', 'R4', 'R27', 'R36', 'R30', 'R35', 'R38', 'R22', 'R15', 'R33', 'R37', 'R9', 'R34']"
2216816.4976410675,75.60445475895564,6.64711070048056,"['D4', 'R9', 'R37', 'R33', 'R18', 'R16', 'R31', 'R21', 'R15', 'R27', 'R36', 'R35', 'R38', 'R22', 'R4', 'R30', 'R32', 'R34']"
2215065.9097573585,56.18799642146108,4.82390793635914,"['D4', 'R9', 'R33', 'R37', 'R21', 'R18', 'R16', 'R31', 'R15', 'R4', 'R32', 'R36', 'R22', 'R27', 'R30', 'R35', 'R38', 'R34']"
2216422.539645068,71.23491176872605,6.006313133661173,"['D4', 'R21', 'R9', 'R33', 'R37', 'R31', 'R16', 'R18', 'R32', 'R15', 'R38', 'R27', 'R4', 'R22', 'R36', 'R30', 'R35', 'R34']"
