total_cost,total_distance,total_fuel_consumed,route
2218540.010841494,94.7206171416857,8.348950931251828,"['D4', 'R21', 'R16', 'R18', 'R31', 'R27', 'R36', 'R4', 'R22', 'R32', 'R15', 'R30', 'R38', 'R35', 'R9', 'R33', 'R37', 'R34']"
2216470.01795715,71.76151239074902,6.164177573940085,"['D4', 'R33', 'R37', 'R21', 'R16', 'R31', 'R18', 'R9', 'R32', 'R27', 'R36', 'R4', 'R15', 'R30', 'R22', 'R38', 'R35', 'R34']"
2214784.838142689,53.070520659813894,4.62909425541948,"['D4', 'R37', 'R33', 'R9', 'R21', 'R16', 'R31', 'R18', 'R15', 'R32', 'R4', 'R36', 'R27', 'R22', 'R30', 'R38', 'R35', 'R34']"
2216130.958226218,68.0008676377316,5.892105412576652,"['D4', 'R33', 'R37', 'R9', 'R21', 'R16', 'R18', 'R31', 'R35', 'R27', 'R36', 'R4', 'R22', 'R15', 'R32', 'R30', 'R38', 'R34']"
2216720.13320538,74.53563892391114,6.344052726664394,"['D4', 'R37', 'R33', 'R9', 'R27', 'R36', 'R30', 'R22', 'R4', 'R15', 'R31', 'R18', 'R16', 'R21', 'R32', 'R38', 'R35', 'R34']"
