total_cost,total_distance,total_fuel_consumed,route
2214284.949934618,47.526064048559476,4.150085262772386,"['D4', 'R33', 'R37', 'R9', 'R21', 'R18', 'R16', 'R31', 'R15', 'R32', 'R4', 'R36', 'R27', 'R30', 'R35', 'R38', 'R22', 'R34']"
2216929.0381942117,76.85268627120327,6.705060591015005,"['D4', 'R18', 'R16', 'R21', 'R31', 'R15', 'R32', 'R4', 'R36', 'R27', 'R22', 'R38', 'R35', 'R30', 'R34', 'R9', 'R33', 'R37']"
2214588.6296470314,50.89429510904513,4.452976977574668,"['D4', 'R37', 'R33', 'R9', 'R18', 'R16', 'R21', 'R31', 'R15', 'R32', 'R4', 'R36', 'R27', 'R22', 'R38', 'R35', 'R30', 'R34']"
2216003.9739318783,66.5924349143593,5.884902282514191,"['D4', 'R33', 'R37', 'R9', 'R16', 'R18', 'R21', 'R31', 'R4', 'R22', 'R36', 'R27', 'R38', 'R35', 'R30', 'R15', 'R32', 'R34']"
2215017.316566185,55.64903023719189,4.847015703174521,"['D4', 'R37', 'R33', 'R9', 'R16', 'R18', 'R21', 'R31', 'R32', 'R15', 'R4', 'R36', 'R27', 'R30', 'R38', 'R35', 'R22', 'R34']"
