total_cost,total_distance,total_fuel_consumed,route
2216819.1835673414,75.63424542303616,6.441230107464502,"['D4', 'R16', 'R18', 'R21', 'R9', 'R37', 'R33', 'R15', 'R31', 'R36', 'R27', 'R4', 'R32', 'R30', 'R38', 'R22', 'R35', 'R34']"
2215817.3882317673,64.52293957150992,5.56077219283321,"['D4', 'R33', 'R37', 'R9', 'R31', 'R16', 'R18', 'R21', 'R27', 'R36', 'R4', 'R32', 'R15', 'R22', 'R38', 'R35', 'R30', 'R34']"
2216224.201652734,69.03506713325608,6.00662569872806,"['D4', 'R37', 'R33', 'R9', 'R16', 'R18', 'R21', 'R32', 'R36', 'R27', 'R4', 'R15', 'R31', 'R22', 'R35', 'R38', 'R30', 'R34']"
2216377.9239900657,70.74006200161648,6.079472436165101,"['D4', 'R37', 'R33', 'R9', 'R18', 'R16', 'R21', 'R15', 'R31', 'R38', 'R4', 'R32', 'R27', 'R36', 'R35', 'R30', 'R22', 'R34']"
2216964.2334101787,77.24305024599303,6.982673428124409,"['D4', 'R37', 'R33', 'R21', 'R18', 'R16', 'R31', 'R15', 'R4', 'R32', 'R36', 'R27', 'R22', 'R30', 'R35', 'R38', 'R34', 'R9']"
