total_cost,total_distance,total_fuel_consumed,route
2217048.795563843,78.18096233189394,7.036224622930719,"['D4', 'R33', 'R37', 'R21', 'R16', 'R18', 'R31', 'R4', 'R27', 'R36', 'R22', 'R38', 'R30', 'R35', 'R32', 'R15', 'R9', 'R34']"
2215246.8065536157,58.19439389547404,4.99827644611494,"['D4', 'R9', 'R33', 'R37', 'R18', 'R16', 'R21', 'R31', 'R32', 'R15', 'R36', 'R27', 'R4', 'R22', 'R38', 'R30', 'R35', 'R34']"
2215366.5796213914,59.52284407044652,5.114204305800276,"['D4', 'R9', 'R37', 'R33', 'R31', 'R18', 'R16', 'R21', 'R15', 'R32', 'R4', 'R27', 'R36', 'R38', 'R30', 'R35', 'R22', 'R34']"
2215352.7550729164,59.369510569172746,5.109985853283923,"['D4', 'R9', 'R33', 'R37', 'R16', 'R18', 'R21', 'R31', 'R15', 'R32', 'R22', 'R27', 'R36', 'R4', 'R35', 'R30', 'R38', 'R34']"
2214536.8715640013,50.32022586514447,4.373658727063384,"['D4', 'R33', 'R37', 'R9', 'R21', 'R16', 'R18', 'R31', 'R32', 'R15', 'R4', 'R27', 'R36', 'R30', 'R35', 'R38', 'R22', 'R34']"
