total_cost,total_distance,total_fuel_consumed,route
393149.7652644695,34.935284654719354,7.514929040444381,"['W4', 'D5', 'D6', 'D4']"
392576.7074800435,28.57927551068683,5.624969673477279,"['W4', 'D4', 'D5', 'D6']"
393149.7652644695,34.935284654719354,7.514929040444381,"['W4', 'D5', 'D6', 'D4']"
392576.7074800435,28.57927551068683,5.624969673477279,"['W4', 'D4', 'D5', 'D6']"
393149.7652644695,34.935284654719354,7.514929040444381,"['W4', 'D5', 'D6', 'D4']"
