total_cost,total_distance,total_fuel_consumed,route
393149.7652644695,34.935284654719354,7.514929040444381,"['W4', 'D5', 'D6', 'D4']"
393152.27781681414,34.96315236040563,12.40472425187491,"['W4', 'D6', 'D5', 'D4']"
392999.40345739294,33.267562748368796,5.26433219365559,"['W4', 'D4', 'D6', 'D5']"
393149.7652644695,34.935284654719354,7.514929040444381,"['W4', 'D5', 'D6', 'D4']"
393149.7652644695,34.935284654719354,7.514929040444381,"['W4', 'D5', 'D6', 'D4']"
