total_cost,total_distance,total_fuel_consumed,route
2217237.017404149,80.26860474876965,6.805157134906729,"['D4', 'R33', 'R37', 'R16', 'R9', 'R21', 'R15', 'R31', 'R22', 'R36', 'R27', 'R18', 'R4', 'R32', 'R38', 'R30', 'R35', 'R34']"
2215783.5504822508,64.14763179071319,5.427570454811729,"['D4', 'R16', 'R21', 'R9', 'R37', 'R33', 'R31', 'R18', 'R15', 'R27', 'R36', 'R32', 'R4', 'R22', 'R38', 'R30', 'R35', 'R34']"
2216126.1321984604,67.94734026685741,5.736399280368297,"['D4', 'R21', 'R9', 'R37', 'R33', 'R16', 'R15', 'R31', 'R18', 'R4', 'R32', 'R36', 'R27', 'R38', 'R30', 'R35', 'R22', 'R34']"
2216770.81220243,75.09773960104128,6.424304438090685,"['D4', 'R21', 'R9', 'R37', 'R33', 'R31', 'R16', 'R18', 'R15', 'R27', 'R35', 'R38', 'R36', 'R4', 'R32', 'R22', 'R30', 'R34']"
2217807.49819534,86.596031447872,7.479241474933268,"['D4', 'R16', 'R21', 'R9', 'R33', 'R37', 'R31', 'R22', 'R36', 'R27', 'R4', 'R15', 'R18', 'R35', 'R38', 'R30', 'R32', 'R34']"
