total_cost,total_distance,total_fuel_consumed,route
2214243.8055305355,47.0697152898811,4.108799268098155,"['D4', 'R33', 'R37', 'R9', 'R21', 'R16', 'R31', 'R18', 'R15', 'R32', 'R4', 'R27', 'R36', 'R30', 'R35', 'R38', 'R22', 'R34']"
2214577.594638251,50.77190148903067,4.4320484679660215,"['D4', 'R33', 'R37', 'R9', 'R16', 'R21', 'R31', 'R18', 'R15', 'R32', 'R4', 'R36', 'R27', 'R22', 'R38', 'R35', 'R30', 'R34']"
2214408.967891361,48.901595955642605,4.247381688340001,"['D4', 'R37', 'R33', 'R9', 'R16', 'R21', 'R31', 'R18', 'R15', 'R32', 'R4', 'R36', 'R27', 'R30', 'R35', 'R38', 'R22', 'R34']"
2214464.212407676,49.51433460155163,4.33110705246674,"['D4', 'R33', 'R37', 'R9', 'R21', 'R16', 'R31', 'R18', 'R15', 'R32', 'R36', 'R27', 'R4', 'R22', 'R38', 'R30', 'R35', 'R34']"
2215461.785881759,60.57881412776184,5.422713335026625,"['D4', 'R37', 'R33', 'R9', 'R21', 'R16', 'R31', 'R18', 'R15', 'R4', 'R27', 'R36', 'R38', 'R35', 'R30', 'R22', 'R32', 'R34']"
