total_cost,total_distance,total_fuel_consumed,route
2215379.5031917235,59.666184468982166,5.136001719155953,"['D4', 'R33', 'R37', 'R9', 'R31', 'R21', 'R16', 'R15', 'R18', 'R32', 'R4', 'R27', 'R36', 'R38', 'R30', 'R35', 'R22', 'R34']"
2215619.634682692,62.32957722595839,5.300477782102013,"['D4', 'R16', 'R21', 'R33', 'R37', 'R9', 'R31', 'R18', 'R15', 'R32', 'R4', 'R36', 'R22', 'R27', 'R38', 'R35', 'R30', 'R34']"
2215976.465880132,66.28733229959876,5.730953179042338,"['D4', 'R9', 'R33', 'R37', 'R16', 'R21', 'R31', 'R18', 'R4', 'R27', 'R36', 'R22', 'R15', 'R32', 'R38', 'R35', 'R30', 'R34']"
2215555.826834898,61.62185930454642,5.294209365464173,"['D4', 'R9', 'R37', 'R33', 'R21', 'R16', 'R18', 'R31', 'R32', 'R15', 'R36', 'R4', 'R27', 'R22', 'R38', 'R35', 'R30', 'R34']"
2216429.3135757954,71.3100440971127,6.084092523633599,"['D4', 'R9', 'R33', 'R37', 'R21', 'R16', 'R27', 'R36', 'R22', 'R32', 'R15', 'R18', 'R31', 'R4', 'R38', 'R35', 'R30', 'R34']"
