total_cost,total_distance,total_fuel_consumed,route
2215500.7798461933,61.01131151501004,5.348436179615016,"['D4', 'R37', 'R33', 'R9', 'R21', 'R16', 'R31', 'R32', 'R15', 'R18', 'R36', 'R27', 'R30', 'R38', 'R22', 'R4', 'R35', 'R34']"
2215419.95400402,60.11484032852769,5.154762471048666,"['D4', 'R33', 'R37', 'R9', 'R16', 'R21', 'R18', 'R31', 'R32', 'R15', 'R22', 'R4', 'R36', 'R27', 'R35', 'R30', 'R38', 'R34']"
2215266.781157892,58.415940083100466,5.033784288901723,"['D4', 'R37', 'R33', 'R9', 'R21', 'R31', 'R16', 'R18', 'R32', 'R15', 'R4', 'R22', 'R30', 'R27', 'R36', 'R35', 'R38', 'R34']"
2215343.0317306826,59.261665158411546,5.139396908025569,"['D4', 'R33', 'R37', 'R9', 'R16', 'R21', 'R31', 'R18', 'R32', 'R15', 'R4', 'R38', 'R35', 'R27', 'R36', 'R30', 'R22', 'R34']"
2215129.736099468,56.8959194705873,4.915161629860317,"['D4', 'R9', 'R33', 'R37', 'R21', 'R16', 'R31', 'R15', 'R18', 'R32', 'R36', 'R27', 'R4', 'R22', 'R38', 'R35', 'R30', 'R34']"
