total_cost,total_distance,total_fuel_consumed,route
2483341.815269227,147.97931753801362,13.534951766150733,"['D1', 'R20', 'R7', 'R13', 'R6', 'R1', 'R28', 'R12', 'R3', 'R17', 'R14', 'R2', 'R11', 'R26', 'R5', 'R10', 'R23', 'R24', 'R70', 'R8']"
2479844.14420956,109.1852729543048,9.964548661821354,"['D1', 'R13', 'R6', 'R7', 'R28', 'R26', 'R11', 'R17', 'R14', 'R2', 'R5', 'R1', 'R12', 'R3', 'R10', 'R70', 'R23', 'R20', 'R24', 'R8']"
2481265.0656416295,124.94527109172662,11.376711994831405,"['D1', 'R13', 'R20', 'R7', 'R6', 'R28', 'R11', 'R2', 'R17', 'R14', 'R3', 'R10', 'R12', 'R1', 'R26', 'R5', 'R23', 'R70', 'R8', 'R24']"
2481245.041569135,124.72317623264951,11.472934141510436,"['D1', 'R20', 'R6', 'R1', 'R7', 'R11', 'R26', 'R5', 'R14', 'R17', 'R2', 'R10', 'R12', 'R3', 'R23', 'R13', 'R70', 'R28', 'R24', 'R8']"
2480981.8946834896,121.80451068644074,11.33308871762891,"['D1', 'R20', 'R13', 'R6', 'R7', 'R5', 'R26', 'R17', 'R14', 'R2', 'R11', 'R12', 'R3', 'R10', 'R23', 'R1', 'R28', 'R70', 'R24', 'R8']"
