total_cost,total_distance,total_fuel_consumed,route
2484177.799089449,157.25154269575165,14.596971526205444,"['D1', 'R13', 'R1', 'R7', 'R6', 'R2', 'R14', 'R17', 'R11', 'R5', 'R26', 'R3', 'R12', 'R10', 'R20', 'R28', 'R23', 'R8', 'R70', 'R24']"
2481533.7964197216,127.92586978395579,11.488560004791113,"['D1', 'R13', 'R23', 'R7', 'R1', 'R11', 'R26', 'R2', 'R14', 'R17', 'R5', 'R6', 'R28', 'R10', 'R3', 'R12', 'R70', 'R20', 'R24', 'R8']"
2483419.780007633,148.8440550979684,13.845662609013818,"['D1', 'R6', 'R28', 'R1', 'R7', 'R10', 'R3', 'R12', 'R26', 'R5', 'R2', 'R17', 'R14', 'R11', 'R13', 'R20', 'R23', 'R8', 'R70', 'R24']"
2482140.369085024,134.65360564578933,12.478607506491134,"['D1', 'R6', 'R13', 'R28', 'R5', 'R17', 'R14', 'R2', 'R11', 'R26', 'R7', 'R1', 'R10', 'R3', 'R12', 'R23', 'R20', 'R24', 'R70', 'R8']"
2480428.606651316,115.66777563571375,10.555245810386689,"['D1', 'R20', 'R6', 'R13', 'R1', 'R7', 'R11', 'R17', 'R14', 'R2', 'R26', 'R5', 'R3', 'R10', 'R12', 'R70', 'R23', 'R28', 'R8', 'R24']"
