total_cost,total_distance,total_fuel_consumed,route
2481635.7697579255,129.05689616154928,12.09645866223233,"['D1', 'R13', 'R28', 'R7', 'R1', 'R5', 'R26', 'R11', 'R2', 'R17', 'R14', 'R3', 'R12', 'R10', 'R23', 'R6', 'R20', 'R8', 'R24', 'R70']"
2480834.316244967,120.16766021480758,11.148413956923768,"['D1', 'R20', 'R13', 'R28', 'R7', 'R1', 'R17', 'R14', 'R2', 'R5', 'R26', 'R11', 'R3', 'R12', 'R10', 'R23', 'R6', 'R70', 'R24', 'R8']"
2479852.7311145486,109.28051369286338,9.925837767518619,"['D1', 'R6', 'R13', 'R20', 'R1', 'R7', 'R28', 'R26', 'R5', 'R11', 'R17', 'R14', 'R2', 'R3', 'R12', 'R10', 'R23', 'R70', 'R8', 'R24']"
2479430.381485728,104.59606794285843,9.59917146176536,"['D1', 'R13', 'R20', 'R6', 'R7', 'R1', 'R28', 'R5', 'R11', 'R26', 'R14', 'R17', 'R2', 'R3', 'R12', 'R10', 'R23', 'R70', 'R8', 'R24']"
2480099.316258391,112.015486450656,10.372983929019531,"['D1', 'R20', 'R13', 'R28', 'R7', 'R1', 'R5', 'R11', 'R26', 'R17', 'R14', 'R2', 'R3', 'R12', 'R10', 'R23', 'R6', 'R70', 'R8', 'R24']"
