total_cost,total_distance,total_fuel_consumed,route
2480609.346231293,117.6724293621754,10.604764289465553,"['D1', 'R13', 'R20', 'R6', 'R7', 'R1', 'R23', 'R14', 'R17', 'R2', 'R11', 'R5', 'R26', 'R28', 'R3', 'R10', 'R12', 'R70', 'R8', 'R24']"
2482375.314131798,137.2594735115166,12.707977343964984,"['D1', 'R20', 'R13', 'R7', 'R5', 'R11', 'R2', 'R17', 'R14', 'R10', 'R12', 'R3', 'R23', 'R1', 'R6', 'R28', 'R26', 'R8', 'R70', 'R24']"
2480346.1274349024,114.7529662256278,10.589919385628924,"['D1', 'R13', 'R20', 'R6', 'R28', 'R1', 'R7', 'R5', 'R11', 'R17', 'R14', 'R2', 'R26', 'R10', 'R3', 'R12', 'R23', 'R70', 'R24', 'R8']"
2480843.0879929382,120.26495111954563,11.020764427110665,"['D1', 'R6', 'R13', 'R7', 'R12', 'R3', 'R10', 'R2', 'R17', 'R14', 'R11', 'R5', 'R26', 'R1', 'R28', 'R20', 'R23', 'R70', 'R8', 'R24']"
2481285.605600777,125.17308785245355,11.491836031834572,"['D1', 'R20', 'R13', 'R10', 'R12', 'R3', 'R1', 'R7', 'R26', 'R5', 'R11', 'R14', 'R17', 'R2', 'R28', 'R6', 'R23', 'R70', 'R24', 'R8']"
