total_cost,total_distance,total_fuel_consumed,route
2478897.9494046466,98.69065444373203,9.099472499467504,"['D1', 'R13', 'R6', 'R7', 'R1', 'R5', 'R26', 'R11', 'R14', 'R17', 'R2', 'R12', 'R3', 'R10', 'R70', 'R23', 'R20', 'R28', 'R24', 'R8']"
2480421.87766952,115.59314185359838,10.724001844601283,"['D1', 'R13', 'R6', 'R1', 'R7', 'R28', 'R11', 'R5', 'R26', 'R14', 'R17', 'R2', 'R3', 'R12', 'R10', 'R23', 'R20', 'R70', 'R8', 'R24']"
2479412.714401546,104.40011536763937,9.565159291128111,"['D1', 'R13', 'R6', 'R7', 'R1', 'R10', 'R3', 'R12', 'R5', 'R26', 'R11', 'R17', 'R14', 'R2', 'R70', 'R23', 'R20', 'R28', 'R24', 'R8']"
2479569.6422010157,106.14066327657383,9.833969614478548,"['D1', 'R13', 'R6', 'R7', 'R1', 'R5', 'R26', 'R11', 'R14', 'R17', 'R2', 'R12', 'R3', 'R10', 'R23', 'R70', 'R20', 'R28', 'R24', 'R8']"
2480365.5853596716,114.96878171775222,10.64815721999274,"['D1', 'R13', 'R6', 'R23', 'R10', 'R3', 'R12', 'R17', 'R14', 'R2', 'R11', 'R26', 'R5', 'R1', 'R7', 'R28', 'R20', 'R24', 'R8', 'R70']"
