total_cost,total_distance,total_fuel_consumed,route
2217581.2207874693,84.08629977228654,7.271139188195098,"['D5', 'R27', 'R36', 'R22', 'R38', 'R15', 'R4', 'R35', 'R30', 'R32', 'R18', 'R31', 'R21', 'R16', 'R9', 'R33', 'R37', 'R34']"
2216331.5101835444,70.225268229196,6.175393881998746,"['D5', 'R4', 'R36', 'R27', 'R32', 'R15', 'R31', 'R16', 'R18', 'R21', 'R37', 'R33', 'R9', 'R38', 'R30', 'R22', 'R35', 'R34']"
2216946.4922419093,77.0462759750388,6.799789278975208,"['D5', 'R22', 'R27', 'R36', 'R30', 'R38', 'R32', 'R4', 'R15', 'R16', 'R18', 'R31', 'R21', 'R37', 'R33', 'R9', 'R35', 'R34']"
2217980.5520349727,88.51543960706097,7.972975369290641,"['D5', 'R22', 'R38', 'R30', 'R27', 'R36', 'R4', 'R32', 'R16', 'R18', 'R21', 'R31', 'R33', 'R37', 'R9', 'R35', 'R15', 'R34']"
2217177.5549094,79.60908284605547,6.941292190776769,"['D5', 'R22', 'R27', 'R36', 'R4', 'R15', 'R16', 'R18', 'R21', 'R31', 'R32', 'R33', 'R37', 'R9', 'R30', 'R38', 'R35', 'R34']"
