total_cost,total_distance,total_fuel_consumed,route
2216857.5948794396,76.06028038419862,6.663492261733426,"['D5', 'R32', 'R36', 'R27', 'R4', 'R22', 'R38', 'R30', 'R35', 'R31', 'R16', 'R18', 'R21', 'R9', 'R33', 'R37', 'R15', 'R34']"
2216618.2382914135,73.40548238036595,6.407360171016591,"['D5', 'R27', 'R36', 'R4', 'R32', 'R15', 'R21', 'R16', 'R18', 'R31', 'R9', 'R33', 'R37', 'R38', 'R22', 'R35', 'R30', 'R34']"
2216098.090143562,67.63631481324335,5.8568573106985795,"['D5', 'R22', 'R32', 'R15', 'R31', 'R16', 'R18', 'R21', 'R9', 'R33', 'R37', 'R36', 'R27', 'R4', 'R38', 'R35', 'R30', 'R34']"
2216206.8357250625,68.84245480326848,6.085830544457606,"['D5', 'R4', 'R27', 'R36', 'R38', 'R35', 'R30', 'R22', 'R15', 'R32', 'R31', 'R18', 'R16', 'R21', 'R33', 'R37', 'R9', 'R34']"
2216646.714570845,73.72132398896612,6.355777112894209,"['D5', 'R15', 'R27', 'R36', 'R4', 'R32', 'R31', 'R16', 'R18', 'R21', 'R9', 'R37', 'R33', 'R30', 'R22', 'R38', 'R35', 'R34']"
