total_cost,total_distance,total_fuel_consumed,route
2216646.32683115,73.71702341559258,6.410090368288671,"['D5', 'R4', 'R32', 'R15', 'R30', 'R38', 'R35', 'R27', 'R36', 'R22', 'R31', 'R18', 'R16', 'R21', 'R9', 'R37', 'R33', 'R34']"
2216136.2829493005,68.05992623447818,5.952609681423143,"['D5', 'R4', 'R35', 'R38', 'R22', 'R27', 'R36', 'R30', 'R32', 'R15', 'R31', 'R16', 'R18', 'R21', 'R9', 'R37', 'R33', 'R34']"
2217024.10573822,77.90711777085951,6.463282210538008,"['D5', 'R22', 'R15', 'R32', 'R4', 'R36', 'R27', 'R38', 'R35', 'R30', 'R34', 'R21', 'R31', 'R18', 'R16', 'R37', 'R33', 'R9']"
2216036.1798784747,66.94964372754029,5.9156930017517055,"['D5', 'R4', 'R36', 'R27', 'R38', 'R22', 'R32', 'R15', 'R31', 'R16', 'R18', 'R21', 'R9', 'R33', 'R37', 'R30', 'R35', 'R34']"
2216098.373833762,67.63946133276706,5.959265131367243,"['D5', 'R4', 'R15', 'R32', 'R27', 'R36', 'R30', 'R35', 'R38', 'R22', 'R31', 'R18', 'R16', 'R21', 'R9', 'R37', 'R33', 'R34']"
