total_cost,total_distance,total_fuel_consumed,route
2217006.190098687,77.7084083705351,6.668796555432854,"['D5', 'R16', 'R31', 'R21', 'R18', 'R9', 'R37', 'R33', 'R36', 'R27', 'R22', 'R38', 'R35', 'R30', 'R4', 'R32', 'R15', 'R34']"
2216015.3534239596,66.71864933407149,5.832228979382303,"['D5', 'R36', 'R27', 'R22', 'R4', 'R32', 'R15', 'R31', 'R21', 'R16', 'R18', 'R9', 'R37', 'R33', 'R30', 'R35', 'R38', 'R34']"
2217392.4707032633,81.99279839467168,7.19738992223729,"['D5', 'R4', 'R27', 'R38', 'R36', 'R30', 'R35', 'R22', 'R21', 'R18', 'R16', 'R31', 'R15', 'R32', 'R9', 'R33', 'R37', 'R34']"
2216280.446184058,69.65889733871138,6.178359338202474,"['D5', 'R22', 'R4', 'R36', 'R27', 'R30', 'R35', 'R38', 'R32', 'R15', 'R18', 'R16', 'R21', 'R31', 'R9', 'R33', 'R37', 'R34']"
2217100.431726613,78.75367931025858,6.916721093850001,"['D5', 'R15', 'R32', 'R4', 'R36', 'R27', 'R38', 'R22', 'R30', 'R35', 'R16', 'R21', 'R18', 'R31', 'R9', 'R37', 'R33', 'R34']"
