total_cost,total_distance,total_fuel_consumed,route
2217561.846480318,83.87141171603875,6.8401822164064745,"['D5', 'R18', 'R16', 'R21', 'R36', 'R27', 'R4', 'R22', 'R34', 'R38', 'R30', 'R35', 'R32', 'R15', 'R31', 'R33', 'R37', 'R9']"
2217030.066851177,77.97323481784571,6.669662235536208,"['D5', 'R27', 'R4', 'R32', 'R22', 'R38', 'R36', 'R15', 'R16', 'R31', 'R37', 'R33', 'R9', 'R21', 'R18', 'R30', 'R35', 'R34']"
2216290.1895849076,69.76696522746153,6.159150865486007,"['D5', 'R36', 'R27', 'R4', 'R22', 'R38', 'R35', 'R30', 'R32', 'R31', 'R18', 'R16', 'R21', 'R37', 'R33', 'R9', 'R15', 'R34']"
2218128.5203893655,90.15661478887696,7.976339522788397,"['D5', 'R36', 'R27', 'R4', 'R32', 'R35', 'R38', 'R22', 'R31', 'R18', 'R16', 'R21', 'R37', 'R33', 'R9', 'R30', 'R15', 'R34']"
2217335.952972244,81.36593802400085,7.068362181938102,"['D5', 'R36', 'R32', 'R4', 'R27', 'R22', 'R30', 'R38', 'R35', 'R15', 'R21', 'R16', 'R31', 'R18', 'R33', 'R37', 'R9', 'R34']"
