total_cost,total_distance,total_fuel_consumed,route
2216452.338822779,71.5654261621422,6.08487025383479,"['D4', 'R16', 'R21', 'R31', 'R9', 'R37', 'R33', 'R18', 'R15', 'R32', 'R36', 'R27', 'R38', 'R30', 'R4', 'R22', 'R35', 'R34']"
2215519.9475204884,61.2239077250327,5.237687340252585,"['D4', 'R33', 'R37', 'R21', 'R16', 'R9', 'R31', 'R18', 'R15', 'R4', 'R32', 'R36', 'R27', 'R35', 'R30', 'R22', 'R38', 'R34']"
2218870.151293946,98.38233467109691,8.617404265817283,"['D4', 'R21', 'R9', 'R16', 'R18', 'R15', 'R31', 'R22', 'R27', 'R36', 'R32', 'R38', 'R30', 'R35', 'R4', 'R33', 'R37', 'R34']"
2218029.816767726,89.06185412296348,7.670295298680636,"['D4', 'R16', 'R21', 'R18', 'R31', 'R15', 'R27', 'R36', 'R35', 'R30', 'R4', 'R32', 'R33', 'R37', 'R9', 'R38', 'R22', 'R34']"
2215828.256470803,64.64348348273293,5.461583377017824,"['D4', 'R16', 'R21', 'R9', 'R33', 'R37', 'R31', 'R32', 'R15', 'R18', 'R4', 'R36', 'R27', 'R22', 'R38', 'R35', 'R30', 'R34']"
