total_cost,total_distance,total_fuel_consumed,route
2214229.4475737726,46.91046554761411,4.098450606222652,"['D4', 'R37', 'R33', 'R9', 'R21', 'R16', 'R31', 'R18', 'R15', 'R32', 'R4', 'R27', 'R36', 'R30', 'R35', 'R38', 'R22', 'R34']"
2214224.5425142655,46.856061604541736,4.095818586799153,"['D4', 'R37', 'R33', 'R9', 'R21', 'R16', 'R31', 'R18', 'R15', 'R32', 'R4', 'R36', 'R27', 'R30', 'R35', 'R38', 'R22', 'R34']"
2214408.967891361,48.901595955642605,4.247381688340001,"['D4', 'R37', 'R33', 'R9', 'R16', 'R21', 'R31', 'R18', 'R15', 'R32', 'R4', 'R36', 'R27', 'R30', 'R35', 'R38', 'R22', 'R34']"
2216611.441701085,73.33009872543445,6.490892836543511,"['D4', 'R37', 'R33', 'R9', 'R18', 'R15', 'R32', 'R27', 'R36', 'R4', 'R22', 'R38', 'R35', 'R30', 'R31', 'R16', 'R21', 'R34']"
2214804.0282954043,53.28336618682894,4.666815649198195,"['D4', 'R37', 'R33', 'R9', 'R21', 'R16', 'R31', 'R18', 'R15', 'R32', 'R22', 'R4', 'R27', 'R36', 'R38', 'R35', 'R30', 'R34']"
