total_cost,total_distance,total_fuel_consumed,route
2217733.7553728414,85.77812081678391,7.574728109494519,"['D4', 'R21', 'R31', 'R16', 'R18', 'R15', 'R4', 'R36', 'R27', 'R30', 'R38', 'R22', 'R35', 'R32', 'R9', 'R37', 'R33', 'R34']"
2216270.319799906,69.54658163161295,5.869686544696404,"['D4', 'R9', 'R37', 'R33', 'R15', 'R31', 'R16', 'R21', 'R18', 'R22', 'R36', 'R27', 'R4', 'R32', 'R30', 'R35', 'R38', 'R34']"
2218303.109840213,92.09305501567846,8.071260296506521,"['D4', 'R16', 'R21', 'R15', 'R18', 'R31', 'R32', 'R27', 'R36', 'R4', 'R22', 'R30', 'R38', 'R35', 'R9', 'R33', 'R37', 'R34']"
2215837.799462052,64.7493285498205,5.5281167415200745,"['D4', 'R9', 'R37', 'R33', 'R21', 'R31', 'R18', 'R16', 'R15', 'R4', 'R36', 'R27', 'R32', 'R22', 'R30', 'R35', 'R38', 'R34']"
2215674.9052176974,62.94260445537988,5.457680997795782,"['D4', 'R9', 'R33', 'R37', 'R21', 'R16', 'R31', 'R18', 'R32', 'R15', 'R4', 'R35', 'R38', 'R27', 'R36', 'R22', 'R30', 'R34']"
