total_cost,total_distance,total_fuel_consumed,route
2216062.5052732094,67.24162902850134,5.880039313740989,"['D4', 'R33', 'R37', 'R9', 'R16', 'R21', 'R31', 'R36', 'R27', 'R22', 'R38', 'R30', 'R35', 'R4', 'R32', 'R15', 'R18', 'R34']"
2216650.5830788626,73.76423113201179,6.504667837576051,"['D4', 'R33', 'R37', 'R9', 'R31', 'R16', 'R21', 'R18', 'R32', 'R4', 'R38', 'R27', 'R36', 'R22', 'R35', 'R30', 'R15', 'R34']"
2216618.82716258,73.41201378194535,6.265740771358863,"['D4', 'R9', 'R33', 'R37', 'R31', 'R36', 'R27', 'R22', 'R4', 'R32', 'R15', 'R18', 'R16', 'R21', 'R30', 'R35', 'R38', 'R34']"
2216116.733773924,67.84309864600533,5.7708502290766175,"['D4', 'R37', 'R33', 'R16', 'R21', 'R9', 'R18', 'R31', 'R4', 'R15', 'R32', 'R27', 'R36', 'R38', 'R30', 'R35', 'R22', 'R34']"
2216533.757771281,72.46847572405599,6.188851129643046,"['D4', 'R33', 'R37', 'R18', 'R31', 'R21', 'R16', 'R9', 'R15', 'R32', 'R36', 'R27', 'R38', 'R4', 'R30', 'R35', 'R22', 'R34']"
