total_cost,total_distance,total_fuel_consumed,route
2216278.4593916056,69.63686104265545,5.941387684271631,"['D5', 'R27', 'R4', 'R15', 'R32', 'R18', 'R16', 'R21', 'R37', 'R33', 'R9', 'R31', 'R36', 'R38', 'R35', 'R30', 'R22', 'R34']"
2216437.4562516743,71.40035771600152,6.287597239984615,"['D5', 'R22', 'R4', 'R36', 'R27', 'R30', 'R38', 'R35', 'R15', 'R32', 'R31', 'R18', 'R16', 'R21', 'R37', 'R33', 'R9', 'R34']"
2216639.1645221757,73.6375834314087,6.423317983792044,"['D5', 'R22', 'R27', 'R38', 'R36', 'R4', 'R31', 'R18', 'R16', 'R21', 'R33', 'R37', 'R9', 'R32', 'R15', 'R35', 'R30', 'R34']"
2216357.232539062,70.51056498515756,6.077462973672378,"['D5', 'R32', 'R36', 'R27', 'R4', 'R15', 'R16', 'R18', 'R31', 'R21', 'R33', 'R37', 'R9', 'R22', 'R38', 'R35', 'R30', 'R34']"
2217230.2252011998,80.19326975598847,7.0184676040114145,"['D5', 'R22', 'R27', 'R36', 'R4', 'R15', 'R32', 'R35', 'R38', 'R30', 'R16', 'R31', 'R18', 'R21', 'R33', 'R37', 'R9', 'R34']"
