total_cost,total_distance,total_fuel_consumed,route
2215816.3787962357,64.51174352524217,5.705292125634003,"['D5', 'R4', 'R22', 'R36', 'R27', 'R38', 'R35', 'R30', 'R32', 'R15', 'R31', 'R18', 'R16', 'R21', 'R9', 'R37', 'R33', 'R34']"
2215723.95370992,63.48662056255674,5.6423105161287195,"['D5', 'R22', 'R38', 'R35', 'R30', 'R27', 'R36', 'R32', 'R15', 'R16', 'R18', 'R21', 'R9', 'R33', 'R37', 'R31', 'R4', 'R34']"
2215966.9371865364,66.18164581340284,5.886508305784973,"['D5', 'R27', 'R36', 'R30', 'R35', 'R38', 'R22', 'R32', 'R15', 'R31', 'R16', 'R18', 'R21', 'R9', 'R33', 'R37', 'R4', 'R34']"
2216078.955244584,67.42408212715335,5.831153379812976,"['D5', 'R4', 'R32', 'R15', 'R31', 'R16', 'R18', 'R21', 'R9', 'R37', 'R33', 'R35', 'R38', 'R22', 'R27', 'R36', 'R30', 'R34']"
2216692.5078958063,74.22923575650177,6.507030019979503,"['D5', 'R15', 'R32', 'R27', 'R36', 'R4', 'R30', 'R35', 'R38', 'R22', 'R31', 'R21', 'R18', 'R16', 'R33', 'R37', 'R9', 'R34']"
