total_cost,total_distance,total_fuel_consumed,route
2216743.2443212396,74.79197339440502,6.376761709058661,"['D5', 'R4', 'R27', 'R22', 'R30', 'R36', 'R35', 'R38', 'R33', 'R37', 'R9', 'R21', 'R16', 'R18', 'R31', 'R15', 'R32', 'R34']"
2216917.1375204227,76.72069122030379,6.7175106073866075,"['D5', 'R15', 'R4', 'R27', 'R36', 'R22', 'R38', 'R30', 'R35', 'R32', 'R18', 'R16', 'R31', 'R21', 'R33', 'R37', 'R9', 'R34']"
2216633.7814496076,73.5778776575865,6.059051878806979,"['D5', 'R4', 'R36', 'R27', 'R22', 'R30', 'R38', 'R35', 'R34', 'R32', 'R15', 'R21', 'R16', 'R18', 'R31', 'R37', 'R33', 'R9']"
2216492.691012553,72.0129881605254,6.2899909533562735,"['D5', 'R36', 'R27', 'R4', 'R32', 'R15', 'R18', 'R16', 'R31', 'R21', 'R37', 'R33', 'R9', 'R30', 'R38', 'R22', 'R35', 'R34']"
2218106.7715849243,89.91539024983018,7.844694712919772,"['D5', 'R38', 'R27', 'R4', 'R36', 'R22', 'R35', 'R30', 'R18', 'R16', 'R31', 'R21', 'R15', 'R32', 'R9', 'R33', 'R37', 'R34']"
