total_cost,total_distance,total_fuel_consumed,route
2216836.5648963335,75.82702857513083,6.648388749582532,"['D5', 'R22', 'R4', 'R15', 'R32', 'R36', 'R27', 'R35', 'R38', 'R30', 'R31', 'R16', 'R18', 'R9', 'R37', 'R33', 'R21', 'R34']"
2216989.2924346207,77.52098973625185,6.800157639053559,"['D5', 'R27', 'R36', 'R32', 'R4', 'R22', 'R38', 'R30', 'R35', 'R31', 'R16', 'R21', 'R18', 'R9', 'R33', 'R37', 'R15', 'R34']"
2217002.2694274182,77.66492266435745,6.82611887449646,"['D5', 'R4', 'R22', 'R36', 'R27', 'R30', 'R38', 'R15', 'R31', 'R18', 'R16', 'R9', 'R21', 'R37', 'R33', 'R32', 'R35', 'R34']"
2218376.028767653,92.90182750280432,8.196562561260102,"['D5', 'R9', 'R21', 'R18', 'R16', 'R31', 'R15', 'R4', 'R27', 'R36', 'R32', 'R22', 'R38', 'R30', 'R35', 'R33', 'R37', 'R34']"
2216559.896589728,72.75839163407433,6.379011941796849,"['D5', 'R4', 'R22', 'R27', 'R36', 'R38', 'R30', 'R15', 'R31', 'R16', 'R18', 'R21', 'R37', 'R33', 'R9', 'R32', 'R35', 'R34']"
