total_cost,total_distance,total_fuel_consumed,route
2217394.8936966127,82.0196727663356,7.11712736742734,"['D5', 'R4', 'R32', 'R15', 'R30', 'R35', 'R22', 'R27', 'R36', 'R38', 'R21', 'R16', 'R18', 'R31', 'R9', 'R33', 'R37', 'R34']"
2216541.3811514834,72.55302963047467,6.3788550868658795,"['D5', 'R4', 'R27', 'R36', 'R30', 'R35', 'R22', 'R38', 'R15', 'R32', 'R16', 'R18', 'R21', 'R9', 'R33', 'R37', 'R31', 'R34']"
2216437.286225354,71.39847188724384,6.32583542279067,"['D5', 'R4', 'R27', 'R36', 'R22', 'R38', 'R30', 'R35', 'R32', 'R15', 'R18', 'R16', 'R21', 'R31', 'R9', 'R37', 'R33', 'R34']"
2216476.081406059,71.82876448601819,6.377107414373379,"['D5', 'R4', 'R36', 'R27', 'R22', 'R38', 'R35', 'R30', 'R15', 'R32', 'R18', 'R16', 'R21', 'R31', 'R9', 'R37', 'R33', 'R34']"
2217326.400545194,81.25998830073533,7.081752149803351,"['D5', 'R4', 'R32', 'R16', 'R18', 'R21', 'R31', 'R15', 'R36', 'R27', 'R38', 'R35', 'R30', 'R22', 'R34', 'R37', 'R33', 'R9']"
