Cluster,Warehouse Cost,Distribution Cost,Outlet Cost,Total Cost
Cluster1,132461.29015916033,260845.2931329602,2479042.4112310167,2872348.9945231373
Cluster2,0.0,inf,inf,inf
