total_cost,total_distance,total_fuel_consumed,route
2480534.2837166213,116.83988150644976,10.572859171988693,"['D2', 'R17', 'R14', 'R2', 'R11', 'R26', 'R5', 'R3', 'R12', 'R10', 'R70', 'R7', 'R1', 'R28', 'R13', 'R6', 'R23', 'R20', 'R24', 'R8']"
2481320.320824297,125.5581280423408,11.605266323402354,"['D2', 'R11', 'R5', 'R26', 'R2', 'R17', 'R14', 'R12', 'R3', 'R10', 'R23', 'R6', 'R1', 'R7', 'R28', 'R13', 'R20', 'R70', 'R24', 'R8']"
2480677.0648294557,118.42352295315104,10.893871349519351,"['D2', 'R17', 'R14', 'R2', 'R26', 'R11', 'R5', 'R7', 'R1', 'R12', 'R3', 'R10', 'R23', 'R6', 'R13', 'R20', 'R28', 'R24', 'R8', 'R70']"
2480593.634629175,117.49816580717611,10.82523309829654,"['D2', 'R17', 'R14', 'R2', 'R11', 'R26', 'R5', 'R1', 'R7', 'R6', 'R20', 'R13', 'R28', 'R3', 'R12', 'R10', 'R23', 'R70', 'R24', 'R8']"
2482713.2592078703,141.0077551893339,13.067398792762255,"['D2', 'R17', 'R14', 'R2', 'R11', 'R5', 'R26', 'R6', 'R7', 'R1', 'R3', 'R12', 'R10', 'R23', 'R13', 'R28', 'R20', 'R24', 'R70', 'R8']"
