total_cost,total_distance,total_fuel_consumed,route
2484026.0397738437,155.56832047297814,14.09922147223405,"['D2', 'R3', 'R12', 'R7', 'R11', 'R5', 'R26', 'R2', 'R14', 'R17', 'R1', 'R28', 'R6', 'R13', 'R23', 'R10', 'R24', 'R20', 'R70', 'R8']"
2482819.6320513217,142.18757820897588,13.126191976452247,"['D2', 'R14', 'R17', 'R2', 'R26', 'R11', 'R5', 'R7', 'R13', 'R6', 'R1', 'R28', 'R10', 'R3', 'R12', 'R23', 'R20', 'R24', 'R70', 'R8']"
2481415.0534724477,126.608845080385,11.615385096651805,"['D2', 'R5', 'R11', 'R2', 'R14', 'R17', 'R26', 'R1', 'R7', 'R12', 'R3', 'R10', 'R6', 'R28', 'R13', 'R20', 'R23', 'R70', 'R24', 'R8']"
2484063.439791716,155.98313877237027,14.146955547543268,"['D2', 'R10', 'R3', 'R12', 'R2', 'R14', 'R17', 'R11', 'R6', 'R1', 'R7', 'R26', 'R28', 'R5', 'R13', 'R23', 'R20', 'R70', 'R8', 'R24']"
2484625.1333687855,162.21310302556998,14.971081108787054,"['D2', 'R26', 'R14', 'R17', 'R2', 'R11', 'R1', 'R3', 'R12', 'R23', 'R10', 'R7', 'R13', 'R6', 'R5', 'R28', 'R20', 'R8', 'R70', 'R24']"
