total_cost,total_distance,total_fuel_consumed,route
2480145.138260463,112.52371628730384,10.236543022322527,"['D2', 'R14', 'R17', 'R2', 'R26', 'R5', 'R11', 'R28', 'R13', 'R20', 'R6', 'R7', 'R1', 'R12', 'R3', 'R10', 'R23', 'R70', 'R8', 'R24']"
2480380.2672448843,115.13162427777962,10.38563824077607,"['D2', 'R11', 'R26', 'R5', 'R2', 'R14', 'R17', 'R7', 'R1', 'R6', 'R13', 'R20', 'R23', 'R3', 'R12', 'R10', 'R70', 'R28', 'R24', 'R8']"
2479423.5970593547,104.52081920313833,9.564907990204388,"['D2', 'R2', 'R14', 'R17', 'R11', 'R26', 'R5', 'R1', 'R7', 'R28', 'R6', 'R13', 'R20', 'R23', 'R10', 'R12', 'R3', 'R70', 'R8', 'R24']"
2480124.601433093,112.29593426235161,10.295354030517434,"['D2', 'R14', 'R17', 'R2', 'R26', 'R5', 'R11', 'R1', 'R7', 'R28', 'R6', 'R13', 'R20', 'R3', 'R12', 'R10', 'R23', 'R70', 'R8', 'R24']"
2480682.231309721,118.48082641660926,10.942492983527577,"['D2', 'R26', 'R5', 'R11', 'R14', 'R17', 'R2', 'R10', 'R12', 'R3', 'R1', 'R7', 'R6', 'R13', 'R20', 'R28', 'R23', 'R70', 'R8', 'R24']"
