total_cost,total_distance,total_fuel_consumed,route
2482580.189726723,139.53182926710974,12.359474065053671,"['D2', 'R8', 'R26', 'R17', 'R14', 'R2', 'R3', 'R12', 'R10', 'R11', 'R5', 'R28', 'R7', 'R1', 'R13', 'R6', 'R20', 'R23', 'R24', 'R70']"
2482291.7754274393,136.3329129041664,12.300085747604784,"['D2', 'R10', 'R12', 'R3', 'R7', 'R28', 'R1', 'R11', 'R17', 'R14', 'R2', 'R5', 'R26', 'R23', 'R20', 'R13', 'R6', 'R70', 'R8', 'R24']"
2483690.50070703,151.84672478959405,14.100424816577469,"['D2', 'R2', 'R17', 'R14', 'R12', 'R3', 'R10', 'R1', 'R7', 'R28', 'R26', 'R11', 'R5', 'R23', 'R6', 'R13', 'R20', 'R8', 'R70', 'R24']"
2482468.2284184904,138.29002238787038,12.93428936377408,"['D2', 'R2', 'R17', 'R14', 'R11', 'R5', 'R26', 'R12', 'R3', 'R10', 'R1', 'R7', 'R6', 'R28', 'R13', 'R20', 'R23', 'R24', 'R70', 'R8']"
2481772.742787599,130.5761178748814,12.088069132935322,"['D2', 'R14', 'R17', 'R2', 'R11', 'R26', 'R5', 'R1', 'R7', 'R6', 'R28', 'R13', 'R12', 'R3', 'R10', 'R23', 'R20', 'R70', 'R24', 'R8']"
