total_cost,total_distance,total_fuel_consumed,route
2481731.821401499,130.1222426963097,11.913105521966255,"['D2', 'R12', 'R3', 'R10', 'R17', 'R14', 'R2', 'R5', 'R26', 'R11', 'R7', 'R1', 'R6', 'R20', 'R13', 'R28', 'R23', 'R70', 'R24', 'R8']"
2482198.8547945153,135.30229363925378,12.4874783127418,"['D2', 'R11', 'R17', 'R2', 'R14', 'R26', 'R5', 'R28', 'R7', 'R1', 'R6', 'R10', 'R3', 'R12', 'R23', 'R20', 'R13', 'R24', 'R70', 'R8']"
2481650.7219597874,129.22273690980091,11.87445191687563,"['D2', 'R26', 'R11', 'R2', 'R17', 'R14', 'R10', 'R3', 'R12', 'R7', 'R1', 'R28', 'R5', 'R6', 'R13', 'R20', 'R23', 'R70', 'R24', 'R8']"
2482291.0701218382,136.32509008250156,12.300556924652534,"['D2', 'R13', 'R6', 'R7', 'R1', 'R5', 'R26', 'R11', 'R17', 'R14', 'R2', 'R3', 'R12', 'R10', 'R28', 'R20', 'R23', 'R70', 'R24', 'R8']"
2481532.4420164027,127.91084756436007,11.351922454153145,"['D2', 'R6', 'R13', 'R1', 'R7', 'R11', 'R5', 'R26', 'R14', 'R17', 'R2', 'R12', 'R3', 'R10', 'R70', 'R23', 'R28', 'R20', 'R24', 'R8']"
