Simulation,Distance Traveled,Cost Incurred,Fuel Consumed,Best Route
Simulation_0,106.53590525564641,2479605.2772178487,9.731000523459894,"['D2', 'R2', 'R17', 'R14', 'R11', 'R26', 'R5', 'R1', 'R7', 'R28', 'R13', 'R6', 'R20', 'R23', 'R10', 'R12', 'R3', 'R70', 'R8', 'R24']"
Simulation_1,105.9434385425497,2479551.860418996,9.4129268967387,"['D2', 'R26', 'R5', 'R11', 'R1', 'R7', 'R28', 'R13', 'R6', 'R20', 'R23', 'R10', 'R3', 'R12', 'R70', 'R14', 'R17', 'R2', 'R8', 'R24']"
Simulation_2,110.82076690345659,2479991.6003440153,10.160925716612258,"['D2', 'R17', 'R14', 'R2', 'R11', 'R26', 'R5', 'R1', 'R7', 'R28', 'R13', 'R20', 'R6', 'R3', 'R12', 'R10', 'R23', 'R70', 'R8', 'R24']"
Simulation_3,109.1461635636657,2479840.6181069,9.714658538019783,"['D2', 'R26', 'R11', 'R5', 'R7', 'R1', 'R6', 'R13', 'R20', 'R23', 'R10', 'R12', 'R3', 'R70', 'R14', 'R17', 'R2', 'R28', 'R24', 'R8']"
Simulation_4,107.05355199921762,2479651.948248249,9.750479089217666,"['D2', 'R2', 'R17', 'R14', 'R11', 'R5', 'R26', 'R1', 'R7', 'R6', 'R28', 'R13', 'R20', 'R23', 'R10', 'R3', 'R12', 'R70', 'R8', 'R24']"
