Simulation,Distance Traveled,Cost Incurred,Fuel Consumed,Best Route
Simulation_0,106.9932892408029,2479646.514957951,9.751149756582409,"['D2', 'R2', 'R17', 'R14', 'R11', 'R26', 'R5', 'R28', 'R7', 'R1', 'R6', 'R13', 'R20', 'R23', 'R10', 'R12', 'R3', 'R70', 'R8', 'R24']"
Simulation_1,105.15430969376453,2479480.712561989,9.590462556465367,"['D2', 'R17', 'R14', 'R2', 'R11', 'R5', 'R26', 'R1', 'R7', 'R28', 'R6', 'R13', 'R20', 'R23', 'R10', 'R3', 'R12', 'R70', 'R8', 'R24']"
Simulation_2,103.58335408445143,2479339.075204254,9.475259482742597,"['D2', 'R2', 'R17', 'R14', 'R11', 'R26', 'R5', 'R1', 'R7', 'R28', 'R6', 'R13', 'R20', 'R23', 'R10', 'R3', 'R12', 'R70', 'R8', 'R24']"
Simulation_3,106.1552539794412,2479570.9576987866,9.533792265091837,"['D2', 'R14', 'R17', 'R2', 'R5', 'R26', 'R11', 'R3', 'R12', 'R10', 'R70', 'R23', 'R1', 'R7', 'R28', 'R6', 'R20', 'R13', 'R24', 'R8']"
Simulation_4,108.52054980289107,2479784.2127702283,9.844079621908543,"['D2', 'R11', 'R5', 'R26', 'R14', 'R17', 'R2', 'R1', 'R7', 'R28', 'R6', 'R13', 'R20', 'R23', 'R10', 'R12', 'R3', 'R70', 'R8', 'R24']"
