Cluster,Warehouse Cost,Distribution Cost,Outlet Cost,Total Cost
Cluster1,0.0,inf,inf,inf
Cluster2,132367.92783569248,263247.4490134742,2214249.5190722523,2609864.895921419
