total_cost,total_distance,total_fuel_consumed,route
2481935.2546412176,132.37860072335891,12.202372292513772,"['D3', 'R26', 'R11', 'R17', 'R2', 'R14', 'R5', 'R10', 'R3', 'R12', 'R1', 'R13', 'R6', 'R7', 'R28', 'R20', 'R70', 'R23', 'R24', 'R8']"
2481501.729385805,127.5702017059067,11.712012536077733,"['D3', 'R17', 'R2', 'R14', 'R11', 'R26', 'R5', 'R7', 'R6', 'R1', 'R28', 'R3', 'R12', 'R10', 'R23', 'R13', 'R20', 'R24', 'R8', 'R70']"
2484178.0502982694,157.25432895151607,14.335803668774432,"['D3', 'R28', 'R7', 'R11', 'R12', 'R3', 'R10', 'R1', 'R6', 'R13', 'R5', 'R2', 'R14', 'R17', 'R26', 'R8', 'R23', 'R20', 'R24', 'R70']"
2481383.2794674505,126.25642710127326,11.655729356029584,"['D3', 'R11', 'R14', 'R17', 'R2', 'R3', 'R10', 'R12', 'R1', 'R28', 'R7', 'R6', 'R20', 'R13', 'R23', 'R5', 'R26', 'R70', 'R8', 'R24']"
2479934.7101876033,110.18977581636847,10.256206860521527,"['D3', 'R28', 'R7', 'R1', 'R5', 'R26', 'R11', 'R14', 'R17', 'R2', 'R12', 'R3', 'R10', 'R23', 'R20', 'R13', 'R6', 'R70', 'R8', 'R24']"
