total_cost,total_distance,total_fuel_consumed,route
2481706.0740444353,129.83666863837186,11.808926358592078,"['D3', 'R1', 'R7', 'R13', 'R28', 'R6', 'R3', 'R12', 'R10', 'R23', 'R20', 'R17', 'R14', 'R2', 'R11', 'R26', 'R5', 'R70', 'R24', 'R8']"
2480888.1362470505,120.76459901343073,11.014215851010617,"['D3', 'R1', 'R7', 'R28', 'R13', 'R6', 'R20', 'R14', 'R17', 'R2', 'R11', 'R5', 'R26', 'R3', 'R10', 'R12', 'R70', 'R23', 'R8', 'R24']"
2480475.4463161347,116.18729276990737,10.865538505108754,"['D3', 'R5', 'R26', 'R11', 'R2', 'R14', 'R17', 'R10', 'R12', 'R3', 'R1', 'R7', 'R28', 'R6', 'R20', 'R13', 'R23', 'R70', 'R24', 'R8']"
2481373.813750697,126.15143911598418,11.641601207722989,"['D3', 'R7', 'R1', 'R28', 'R6', 'R13', 'R10', 'R3', 'R12', 'R2', 'R17', 'R14', 'R11', 'R26', 'R5', 'R23', 'R20', 'R24', 'R8', 'R70']"
2482579.099160433,139.51973336770902,13.055085491313083,"['D3', 'R7', 'R6', 'R1', 'R3', 'R10', 'R12', 'R17', 'R14', 'R2', 'R5', 'R26', 'R11', 'R28', 'R13', 'R20', 'R23', 'R24', 'R70', 'R8']"
