total_cost,total_distance,total_fuel_consumed,route
2480517.9144832324,116.65832390453264,10.662309986371502,"['D3', 'R1', 'R7', 'R3', 'R12', 'R10', 'R70', 'R17', 'R14', 'R2', 'R11', 'R5', 'R26', 'R28', 'R13', 'R6', 'R20', 'R23', 'R8', 'R24']"
2480340.697745698,114.69274340836478,10.500854718453217,"['D3', 'R1', 'R7', 'R5', 'R2', 'R17', 'R14', 'R11', 'R26', 'R6', 'R28', 'R13', 'R20', 'R23', 'R10', 'R3', 'R12', 'R70', 'R24', 'R8']"
2481986.6894867625,132.94908481325407,12.05210072123968,"['D3', 'R7', 'R1', 'R6', 'R28', 'R13', 'R2', 'R17', 'R14', 'R11', 'R26', 'R5', 'R20', 'R3', 'R12', 'R10', 'R70', 'R23', 'R8', 'R24']"
2481244.158023844,124.71337648451737,11.63924769039131,"['D3', 'R7', 'R1', 'R17', 'R14', 'R2', 'R26', 'R5', 'R11', 'R3', 'R10', 'R12', 'R23', 'R6', 'R28', 'R13', 'R20', 'R70', 'R24', 'R8']"
2481526.403345216,127.8438702885523,11.807093770047281,"['D3', 'R1', 'R7', 'R13', 'R6', 'R28', 'R17', 'R14', 'R2', 'R26', 'R11', 'R5', 'R3', 'R12', 'R10', 'R23', 'R20', 'R70', 'R24', 'R8']"
