total_cost,total_distance,total_fuel_consumed,route
2479831.7245238624,109.04752133831623,9.946859810805936,"['D3', 'R7', 'R1', 'R6', 'R13', 'R20', 'R28', 'R11', 'R26', 'R5', 'R14', 'R17', 'R2', 'R3', 'R12', 'R10', 'R23', 'R70', 'R8', 'R24']"
2481269.2912804703,124.9921393131153,11.715443161577475,"['D3', 'R7', 'R1', 'R2', 'R17', 'R14', 'R11', 'R5', 'R26', 'R3', 'R12', 'R10', 'R23', 'R6', 'R13', 'R20', 'R28', 'R24', 'R70', 'R8']"
2479783.94842012,108.51761779192825,9.886338115813729,"['D3', 'R1', 'R7', 'R6', 'R13', 'R20', 'R23', 'R3', 'R12', 'R10', 'R5', 'R26', 'R11', 'R17', 'R14', 'R2', 'R70', 'R28', 'R24', 'R8']"
2479962.0295818024,110.49278595610444,10.275336121281924,"['D3', 'R7', 'R1', 'R3', 'R12', 'R10', 'R2', 'R17', 'R14', 'R26', 'R5', 'R11', 'R28', 'R6', 'R13', 'R20', 'R23', 'R70', 'R8', 'R24']"
2480615.24775631,117.73788549589767,10.907169820384249,"['D3', 'R1', 'R7', 'R28', 'R6', 'R13', 'R20', 'R10', 'R3', 'R12', 'R2', 'R17', 'R14', 'R11', 'R26', 'R5', 'R23', 'R70', 'R24', 'R8']"
