total_cost,total_distance,total_fuel_consumed,route
2217471.4870145326,82.86919936260628,7.27342405986355,"['D4', 'R9', 'R37', 'R33', 'R18', 'R21', 'R16', 'R32', 'R30', 'R36', 'R4', 'R27', 'R38', 'R22', 'R35', 'R15', 'R31', 'R34']"
2215731.214969678,63.567158048774516,5.540244050966286,"['D4', 'R37', 'R33', 'R9', 'R21', 'R18', 'R16', 'R15', 'R31', 'R27', 'R36', 'R30', 'R35', 'R38', 'R4', 'R32', 'R22', 'R34']"
2218130.8375068046,90.18231484920769,8.027614417471124,"['D4', 'R21', 'R16', 'R18', 'R31', 'R15', 'R4', 'R36', 'R27', 'R22', 'R32', 'R38', 'R30', 'R35', 'R37', 'R33', 'R9', 'R34']"
2216960.5066881366,77.20171570693243,6.899698595195784,"['D4', 'R33', 'R37', 'R9', 'R16', 'R21', 'R18', 'R15', 'R32', 'R4', 'R36', 'R35', 'R27', 'R30', 'R22', 'R38', 'R31', 'R34']"
2217113.0174767845,78.8932728126085,6.99344849530461,"['D4', 'R37', 'R33', 'R9', 'R21', 'R16', 'R18', 'R22', 'R27', 'R36', 'R4', 'R15', 'R31', 'R38', 'R30', 'R35', 'R32', 'R34']"
