total_cost,total_distance,total_fuel_consumed,route
2214710.0499017737,52.241014882142345,4.491528896393144,"['D4', 'R9', 'R37', 'R33', 'R18', 'R16', 'R21', 'R31', 'R15', 'R32', 'R4', 'R27', 'R36', 'R30', 'R35', 'R38', 'R22', 'R34']"
2214263.877029015,47.29233616920452,4.131106682421533,"['D4', 'R33', 'R37', 'R9', 'R21', 'R16', 'R18', 'R31', 'R15', 'R32', 'R4', 'R27', 'R36', 'R30', 'R35', 'R38', 'R22', 'R34']"
2214521.6518233432,50.151417738946115,4.404531279836415,"['D4', 'R33', 'R37', 'R9', 'R21', 'R16', 'R18', 'R31', 'R15', 'R32', 'R4', 'R27', 'R36', 'R38', 'R35', 'R30', 'R22', 'R34']"
2216817.5599941635,75.61623773473173,6.516525876505294,"['D4', 'R9', 'R37', 'R33', 'R15', 'R32', 'R4', 'R38', 'R35', 'R30', 'R36', 'R27', 'R22', 'R16', 'R18', 'R21', 'R31', 'R34']"
2215594.9409253113,62.05568905625171,5.462681046107084,"['D4', 'R37', 'R33', 'R9', 'R16', 'R18', 'R21', 'R31', 'R15', 'R22', 'R38', 'R30', 'R35', 'R27', 'R36', 'R4', 'R32', 'R34']"
