total_cost,total_distance,total_fuel_consumed,route
2215900.7583646295,65.44763048613383,5.839378236473496,"['D4', 'R37', 'R33', 'R9', 'R18', 'R16', 'R21', 'R31', 'R15', 'R4', 'R22', 'R36', 'R27', 'R30', 'R38', 'R35', 'R32', 'R34']"
2215427.845718769,60.20237043887431,5.213606153540387,"['D4', 'R37', 'R33', 'R18', 'R16', 'R21', 'R9', 'R31', 'R15', 'R32', 'R4', 'R22', 'R36', 'R27', 'R35', 'R38', 'R30', 'R34']"
2215707.620912428,63.3054670854895,5.517626664726403,"['D4', 'R37', 'R33', 'R9', 'R18', 'R21', 'R16', 'R31', 'R36', 'R27', 'R4', 'R32', 'R15', 'R38', 'R30', 'R35', 'R22', 'R34']"
2215720.3530064817,63.44668374536133,5.4793780337481195,"['D4', 'R9', 'R33', 'R37', 'R21', 'R16', 'R18', 'R31', 'R4', 'R22', 'R27', 'R36', 'R32', 'R15', 'R35', 'R30', 'R38', 'R34']"
2216331.6162818884,70.22644500763681,6.1149577863295885,"['D4', 'R37', 'R33', 'R9', 'R16', 'R18', 'R21', 'R15', 'R31', 'R22', 'R4', 'R38', 'R35', 'R30', 'R27', 'R36', 'R32', 'R34']"
