total_cost,total_distance,total_fuel_consumed,route
2216049.085905073,67.09278954162419,5.707166793266077,"['D4', 'R21', 'R18', 'R16', 'R31', 'R9', 'R33', 'R37', 'R15', 'R32', 'R36', 'R27', 'R4', 'R35', 'R30', 'R38', 'R22', 'R34']"
2215665.100181232,62.83385294179102,5.4228672088436305,"['D4', 'R33', 'R37', 'R9', 'R16', 'R18', 'R31', 'R21', 'R32', 'R27', 'R36', 'R4', 'R15', 'R22', 'R38', 'R30', 'R35', 'R34']"
2217333.0219863756,81.33342930762436,7.1229419884321,"['D4', 'R33', 'R37', 'R18', 'R16', 'R31', 'R21', 'R9', 'R22', 'R4', 'R32', 'R36', 'R27', 'R30', 'R38', 'R35', 'R15', 'R34']"
2217925.156013037,87.90102055275939,7.56083379978543,"['D4', 'R21', 'R18', 'R16', 'R31', 'R9', 'R33', 'R37', 'R27', 'R4', 'R15', 'R36', 'R22', 'R35', 'R38', 'R32', 'R30', 'R34']"
2215751.710926213,63.79448675923591,5.529316153918122,"['D4', 'R9', 'R33', 'R37', 'R18', 'R16', 'R21', 'R31', 'R32', 'R15', 'R36', 'R27', 'R4', 'R38', 'R22', 'R35', 'R30', 'R34']"
