total_cost,total_distance,total_fuel_consumed,route
2484629.8416066156,162.26532394205353,14.914161550328341,"['D1', 'R28', 'R6', 'R13', 'R5', 'R11', 'R17', 'R14', 'R2', 'R1', 'R7', 'R3', 'R12', 'R26', 'R10', 'R20', 'R23', 'R24', 'R70', 'R8']"
2481146.990108901,123.63564894522591,11.24156493520986,"['D1', 'R13', 'R28', 'R6', 'R20', 'R1', 'R26', 'R5', 'R14', 'R17', 'R2', 'R3', 'R10', 'R12', 'R11', 'R7', 'R23', 'R70', 'R8', 'R24']"
2482060.599715755,133.76885221555736,12.35259056673841,"['D1', 'R28', 'R13', 'R7', 'R1', 'R26', 'R5', 'R11', 'R14', 'R17', 'R2', 'R3', 'R10', 'R12', 'R23', 'R20', 'R6', 'R24', 'R70', 'R8']"
2482194.9031535448,135.25846443594847,12.443951493235906,"['D1', 'R13', 'R7', 'R6', 'R10', 'R3', 'R12', 'R1', 'R11', 'R17', 'R14', 'R2', 'R26', 'R5', 'R28', 'R20', 'R70', 'R23', 'R8', 'R24']"
2480378.7694531744,115.11501168117114,10.464403274355037,"['D1', 'R13', 'R28', 'R7', 'R6', 'R20', 'R1', 'R5', 'R11', 'R2', 'R17', 'R14', 'R26', 'R12', 'R3', 'R10', 'R70', 'R23', 'R24', 'R8']"
