total_cost,total_distance,total_fuel_consumed,route
2481002.656409566,122.03478715135788,11.130308385793384,"['D1', 'R13', 'R6', 'R20', 'R7', 'R1', 'R3', 'R12', 'R10', 'R23', 'R11', 'R26', 'R5', 'R17', 'R14', 'R2', 'R28', 'R24', 'R8', 'R70']"
2479652.189973653,107.0562330706898,9.799671868431703,"['D1', 'R13', 'R6', 'R7', 'R1', 'R14', 'R17', 'R2', 'R11', 'R26', 'R5', 'R28', 'R20', 'R23', 'R10', 'R3', 'R12', 'R70', 'R8', 'R24']"
2481970.672910154,132.77143866630448,12.417536010558894,"['D1', 'R13', 'R6', 'R28', 'R5', 'R26', 'R11', 'R17', 'R14', 'R2', 'R12', 'R3', 'R10', 'R23', 'R1', 'R7', 'R20', 'R8', 'R24', 'R70']"
2480816.2986194934,119.96781964833261,11.101324611604504,"['D1', 'R13', 'R6', 'R28', 'R7', 'R1', 'R23', 'R10', 'R3', 'R12', 'R17', 'R14', 'R2', 'R11', 'R26', 'R5', 'R20', 'R24', 'R8', 'R70']"
2481259.4422779754,124.88290015500473,11.35168680494416,"['D1', 'R13', 'R6', 'R1', 'R7', 'R28', 'R23', 'R3', 'R12', 'R10', 'R5', 'R26', 'R11', 'R14', 'R17', 'R2', 'R70', 'R8', 'R24', 'R20']"
