total_cost,total_distance,total_fuel_consumed,route
2480449.5390231567,115.89994479987828,10.625425691709973,"['D1', 'R6', 'R13', 'R20', 'R10', 'R12', 'R3', 'R17', 'R14', 'R2', 'R26', 'R11', 'R5', 'R1', 'R7', 'R28', 'R23', 'R70', 'R8', 'R24']"
2479342.6838306473,103.62337877825618,9.554342961377596,"['D1', 'R13', 'R20', 'R6', 'R7', 'R1', 'R5', 'R11', 'R26', 'R14', 'R17', 'R2', 'R12', 'R3', 'R10', 'R23', 'R70', 'R28', 'R24', 'R8']"
2479420.489800643,104.4863553753762,9.563709980614096,"['D1', 'R13', 'R20', 'R6', 'R7', 'R1', 'R11', 'R14', 'R17', 'R2', 'R5', 'R26', 'R3', 'R10', 'R12', 'R70', 'R23', 'R28', 'R24', 'R8']"
2479810.60180013,108.81324090650114,9.91488979492949,"['D1', 'R13', 'R20', 'R6', 'R1', 'R7', 'R10', 'R3', 'R12', 'R5', 'R11', 'R26', 'R2', 'R17', 'R14', 'R70', 'R23', 'R28', 'R24', 'R8']"
2479749.0567889772,108.1306209957585,9.883033635055801,"['D1', 'R13', 'R20', 'R28', 'R6', 'R7', 'R1', 'R5', 'R11', 'R14', 'R17', 'R2', 'R26', 'R3', 'R12', 'R10', 'R23', 'R70', 'R8', 'R24']"
