total_cost,total_distance,total_fuel_consumed,route
2216098.138494622,67.63685109385801,5.94243720268363,"['D4', 'R9', 'R37', 'R33', 'R16', 'R18', 'R21', 'R31', 'R32', 'R27', 'R36', 'R22', 'R38', 'R35', 'R30', 'R4', 'R15', 'R34']"
2214398.8828028725,48.78973827498622,4.292444118873048,"['D4', 'R37', 'R33', 'R9', 'R21', 'R16', 'R18', 'R31', 'R15', 'R32', 'R4', 'R36', 'R27', 'R22', 'R38', 'R35', 'R30', 'R34']"
2214909.6558188223,54.45492256901551,4.760215226319201,"['D4', 'R37', 'R33', 'R9', 'R21', 'R16', 'R18', 'R31', 'R32', 'R15', 'R27', 'R36', 'R4', 'R22', 'R38', 'R35', 'R30', 'R34']"
2216211.441351133,68.89353761238993,6.247517894313944,"['D4', 'R37', 'R33', 'R9', 'R18', 'R16', 'R31', 'R15', 'R32', 'R4', 'R27', 'R36', 'R30', 'R35', 'R38', 'R22', 'R21', 'R34']"
2214693.71217264,52.05980670630235,4.593994576024183,"['D4', 'R33', 'R37', 'R9', 'R21', 'R16', 'R18', 'R31', 'R15', 'R32', 'R4', 'R36', 'R27', 'R38', 'R22', 'R35', 'R30', 'R34']"
