total_cost,total_distance,total_fuel_consumed,route
2216174.7345525436,68.48640808056483,5.973125315471014,"['D4', 'R37', 'R33', 'R9', 'R16', 'R21', 'R18', 'R15', 'R4', 'R36', 'R27', 'R22', 'R32', 'R31', 'R38', 'R30', 'R35', 'R34']"
2216294.1566632777,69.8109656530369,6.111988636354788,"['D4', 'R33', 'R37', 'R18', 'R16', 'R21', 'R9', 'R31', 'R15', 'R4', 'R22', 'R36', 'R27', 'R38', 'R30', 'R32', 'R35', 'R34']"
2216419.2519124257,71.19844623365067,6.116223726039152,"['D4', 'R9', 'R33', 'R37', 'R18', 'R16', 'R21', 'R22', 'R36', 'R27', 'R4', 'R32', 'R15', 'R31', 'R38', 'R30', 'R35', 'R34']"
2214833.9955845885,53.61574517067988,4.607009390385336,"['D4', 'R9', 'R37', 'R33', 'R21', 'R18', 'R16', 'R31', 'R32', 'R15', 'R4', 'R36', 'R27', 'R30', 'R35', 'R38', 'R22', 'R34']"
2216780.178776848,75.20162795971963,6.548728977594479,"['D4', 'R37', 'R33', 'R31', 'R18', 'R16', 'R21', 'R9', 'R4', 'R36', 'R27', 'R35', 'R38', 'R30', 'R22', 'R32', 'R15', 'R34']"
