total_cost,total_distance,total_fuel_consumed,route
2215003.422921725,55.49493036518558,4.881753330561455,"['D4', 'R33', 'R37', 'R9', 'R16', 'R18', 'R21', 'R31', 'R15', 'R32', 'R27', 'R36', 'R30', 'R35', 'R38', 'R22', 'R4', 'R34']"
2214356.964544424,48.324806393344566,4.230770503716634,"['D4', 'R37', 'R33', 'R9', 'R21', 'R16', 'R18', 'R31', 'R15', 'R32', 'R4', 'R27', 'R36', 'R22', 'R38', 'R30', 'R35', 'R34']"
2216004.0048868023,66.59277824758597,5.684068809887529,"['D4', 'R21', 'R16', 'R18', 'R31', 'R9', 'R33', 'R37', 'R15', 'R32', 'R36', 'R27', 'R4', 'R38', 'R35', 'R30', 'R22', 'R34']"
2215306.9738295046,58.8617328028468,5.1337334790823554,"['D4', 'R33', 'R37', 'R9', 'R21', 'R18', 'R16', 'R31', 'R4', 'R27', 'R36', 'R15', 'R32', 'R22', 'R38', 'R35', 'R30', 'R34']"
2215288.835328438,58.66055155765457,5.203738638244663,"['D4', 'R33', 'R37', 'R9', 'R21', 'R18', 'R16', 'R31', 'R15', 'R32', 'R36', 'R27', 'R38', 'R35', 'R4', 'R22', 'R30', 'R34']"
