total_cost,total_distance,total_fuel_consumed,route
2215769.2983487644,63.98955577600297,5.482442036264225,"['D4', 'R37', 'R33', 'R21', 'R16', 'R18', 'R9', 'R31', 'R4', 'R32', 'R15', 'R27', 'R36', 'R22', 'R38', 'R35', 'R30', 'R34']"
2216226.216819905,69.05741814446671,5.871427471523082,"['D4', 'R31', 'R16', 'R18', 'R21', 'R37', 'R33', 'R9', 'R15', 'R32', 'R36', 'R4', 'R27', 'R35', 'R38', 'R30', 'R22', 'R34']"
2218450.4818877103,93.72761632331736,8.24709740146415,"['D4', 'R21', 'R16', 'R18', 'R9', 'R31', 'R4', 'R32', 'R15', 'R36', 'R30', 'R27', 'R38', 'R35', 'R22', 'R37', 'R33', 'R34']"
2218049.722747428,89.2826391684572,7.8929484922220805,"['D4', 'R21', 'R16', 'R18', 'R31', 'R4', 'R32', 'R15', 'R22', 'R36', 'R27', 'R38', 'R30', 'R35', 'R37', 'R33', 'R9', 'R34']"
2216939.7658221745,76.97167060974158,6.577203242310214,"['D4', 'R16', 'R21', 'R18', 'R33', 'R37', 'R9', 'R31', 'R4', 'R27', 'R36', 'R38', 'R32', 'R15', 'R22', 'R35', 'R30', 'R34']"
