total_cost,total_distance,total_fuel_consumed,route
2216024.1297785044,66.81599133212283,5.703230315488064,"['D4', 'R18', 'R16', 'R31', 'R21', 'R37', 'R33', 'R9', 'R15', 'R32', 'R4', 'R27', 'R36', 'R38', 'R22', 'R35', 'R30', 'R34']"
2216907.0986586795,76.60934625864343,6.910940045914867,"['D4', 'R33', 'R37', 'R16', 'R18', 'R21', 'R31', 'R15', 'R4', 'R36', 'R27', 'R30', 'R35', 'R38', 'R22', 'R32', 'R9', 'R34']"
2217510.68405031,83.30394909394306,7.151584389361948,"['D4', 'R16', 'R18', 'R21', 'R15', 'R31', 'R9', 'R33', 'R37', 'R4', 'R36', 'R27', 'R30', 'R38', 'R35', 'R22', 'R32', 'R34']"
2217592.522783273,84.21165465032504,7.298276038006348,"['D4', 'R9', 'R16', 'R21', 'R18', 'R31', 'R33', 'R37', 'R36', 'R27', 'R22', 'R4', 'R38', 'R30', 'R35', 'R32', 'R15', 'R34']"
2216719.471384719,74.52829841081486,6.311454757472344,"['D4', 'R16', 'R18', 'R21', 'R9', 'R33', 'R37', 'R15', 'R31', 'R36', 'R4', 'R32', 'R27', 'R38', 'R22', 'R30', 'R35', 'R34']"
