total_cost,total_distance,total_fuel_consumed,route
2216827.1375916717,75.72246663344949,6.622590949615741,"['D6', 'R30', 'R35', 'R4', 'R15', 'R32', 'R36', 'R27', 'R22', 'R38', 'R16', 'R18', 'R21', 'R9', 'R33', 'R37', 'R31', 'R34']"
2215629.8901554774,62.44332470582417,5.59764699411023,"['D6', 'R30', 'R35', 'R38', 'R22', 'R4', 'R27', 'R36', 'R32', 'R15', 'R18', 'R16', 'R31', 'R21', 'R9', 'R37', 'R33', 'R34']"
2216601.2511422415,73.21707123160601,6.483333798728044,"['D6', 'R30', 'R38', 'R35', 'R36', 'R27', 'R4', 'R22', 'R15', 'R32', 'R21', 'R16', 'R18', 'R31', 'R33', 'R37', 'R9', 'R34']"
2215961.346528273,66.11963762503584,5.844114645532449,"['D6', 'R30', 'R36', 'R27', 'R38', 'R35', 'R4', 'R22', 'R32', 'R15', 'R31', 'R18', 'R16', 'R21', 'R9', 'R33', 'R37', 'R34']"
2215160.346016176,57.23542608890837,5.162360465786291,"['D6', 'R30', 'R35', 'R38', 'R22', 'R27', 'R36', 'R4', 'R32', 'R15', 'R31', 'R16', 'R18', 'R21', 'R9', 'R37', 'R33', 'R34']"
