total_cost,total_distance,total_fuel_consumed,route
2217219.780479236,80.07742323908789,6.999985028306741,"['D6', 'R36', 'R27', 'R32', 'R4', 'R15', 'R22', 'R38', 'R35', 'R30', 'R21', 'R16', 'R18', 'R31', 'R9', 'R37', 'R33', 'R34']"
2216407.4179403908,71.06719099812003,6.155521602844541,"['D6', 'R27', 'R36', 'R38', 'R35', 'R30', 'R22', 'R32', 'R4', 'R33', 'R37', 'R9', 'R21', 'R18', 'R16', 'R31', 'R15', 'R34']"
2217431.826220252,82.4293059034174,7.165052433969778,"['D6', 'R30', 'R38', 'R27', 'R15', 'R4', 'R36', 'R22', 'R35', 'R31', 'R18', 'R16', 'R37', 'R33', 'R9', 'R21', 'R32', 'R34']"
2217579.291560877,84.06490196181348,7.513524445715638,"['D6', 'R35', 'R30', 'R36', 'R27', 'R4', 'R15', 'R21', 'R16', 'R18', 'R31', 'R32', 'R22', 'R38', 'R9', 'R37', 'R33', 'R34']"
2216102.5822165464,67.68613816045223,6.048613552725879,"['D6', 'R30', 'R35', 'R38', 'R27', 'R36', 'R4', 'R22', 'R32', 'R31', 'R16', 'R21', 'R18', 'R9', 'R33', 'R37', 'R15', 'R34']"
