total_cost,total_distance,total_fuel_consumed,route
2216681.600955505,74.10826259433263,6.500744889836502,"['D6', 'R35', 'R38', 'R27', 'R36', 'R32', 'R4', 'R15', 'R21', 'R31', 'R18', 'R16', 'R9', 'R33', 'R37', 'R22', 'R30', 'R34']"
2215873.271207407,65.14275962075662,5.812412386681668,"['D6', 'R30', 'R27', 'R36', 'R38', 'R35', 'R22', 'R4', 'R32', 'R15', 'R31', 'R16', 'R21', 'R18', 'R37', 'R33', 'R9', 'R34']"
2216335.365636736,70.26803057604342,6.186170159249373,"['D6', 'R38', 'R30', 'R27', 'R36', 'R4', 'R22', 'R15', 'R31', 'R16', 'R18', 'R21', 'R33', 'R37', 'R9', 'R32', 'R35', 'R34']"
2216407.587644926,71.06907325782677,6.216030601394584,"['D6', 'R38', 'R35', 'R22', 'R36', 'R27', 'R30', 'R4', 'R31', 'R18', 'R16', 'R21', 'R37', 'R33', 'R9', 'R15', 'R32', 'R34']"
2216559.6969029964,72.75617683003861,6.365633483823885,"['D6', 'R27', 'R36', 'R4', 'R32', 'R15', 'R16', 'R18', 'R21', 'R31', 'R33', 'R37', 'R9', 'R35', 'R38', 'R30', 'R22', 'R34']"
