total_cost,total_distance,total_fuel_consumed,route
2216497.3866235237,72.06506902754678,6.257277556355474,"['D6', 'R27', 'R36', 'R4', 'R22', 'R30', 'R38', 'R18', 'R16', 'R21', 'R9', 'R37', 'R33', 'R31', 'R15', 'R32', 'R35', 'R34']"
2216038.3644714425,66.9738739068607,5.971960582320969,"['D6', 'R36', 'R27', 'R35', 'R30', 'R38', 'R22', 'R4', 'R32', 'R15', 'R16', 'R18', 'R21', 'R31', 'R9', 'R33', 'R37', 'R34']"
2215573.5175037277,61.818073466367196,5.409474393450705,"['D6', 'R36', 'R27', 'R4', 'R32', 'R15', 'R18', 'R16', 'R21', 'R33', 'R37', 'R9', 'R31', 'R22', 'R38', 'R35', 'R30', 'R34']"
2217172.0813172967,79.54837308448272,6.9131802157949656,"['D6', 'R36', 'R27', 'R22', 'R4', 'R31', 'R18', 'R16', 'R21', 'R32', 'R15', 'R33', 'R37', 'R9', 'R35', 'R30', 'R38', 'R34']"
2216679.8090871084,74.0883882776011,6.538997521831584,"['D6', 'R36', 'R27', 'R4', 'R15', 'R32', 'R30', 'R35', 'R38', 'R22', 'R16', 'R18', 'R31', 'R21', 'R37', 'R33', 'R9', 'R34']"
