total_cost,total_distance,total_fuel_consumed,route
2216065.931653252,67.27963235638637,5.964465044822459,"['D6', 'R35', 'R30', 'R36', 'R27', 'R22', 'R38', 'R4', 'R15', 'R32', 'R31', 'R16', 'R18', 'R21', 'R33', 'R37', 'R9', 'R34']"
2217106.994127387,78.82646547679136,6.821816443488222,"['D6', 'R27', 'R22', 'R36', 'R30', 'R15', 'R4', 'R32', 'R16', 'R18', 'R31', 'R21', 'R9', 'R33', 'R37', 'R38', 'R35', 'R34']"
2216295.2303488343,69.8228743215878,6.173382024965878,"['D6', 'R30', 'R35', 'R22', 'R27', 'R36', 'R4', 'R32', 'R16', 'R18', 'R21', 'R9', 'R37', 'R33', 'R15', 'R31', 'R38', 'R34']"
2216166.221474351,68.39198618401619,6.044524586614879,"['D6', 'R30', 'R27', 'R36', 'R22', 'R38', 'R35', 'R15', 'R31', 'R18', 'R16', 'R21', 'R37', 'R33', 'R9', 'R32', 'R4', 'R34']"
2217511.037536702,83.30786975046745,7.39719112761288,"['D6', 'R27', 'R36', 'R22', 'R38', 'R30', 'R4', 'R18', 'R16', 'R21', 'R31', 'R15', 'R32', 'R9', 'R37', 'R33', 'R35', 'R34']"
