total_cost,total_distance,total_fuel_consumed,route
2481582.184823169,128.46256458705767,11.875268209528318,"['D2', 'R14', 'R17', 'R2', 'R11', 'R5', 'R26', 'R3', 'R12', 'R10', 'R23', 'R1', 'R7', 'R6', 'R13', 'R28', 'R24', 'R20', 'R70', 'R8']"
2480330.4895262267,114.57952003357089,10.515639163850647,"['D2', 'R14', 'R17', 'R2', 'R11', 'R26', 'R5', 'R7', 'R1', 'R6', 'R13', 'R20', 'R23', 'R10', 'R3', 'R12', 'R70', 'R28', 'R8', 'R24']"
2480901.030806094,120.90761763635952,11.113373848124665,"['D2', 'R11', 'R26', 'R5', 'R2', 'R14', 'R17', 'R12', 'R3', 'R10', 'R23', 'R20', 'R13', 'R28', 'R6', 'R7', 'R1', 'R70', 'R24', 'R8']"
2481465.368737806,127.16691146635077,11.677201835073104,"['D2', 'R17', 'R14', 'R2', 'R11', 'R5', 'R26', 'R7', 'R1', 'R28', 'R6', 'R23', 'R10', 'R3', 'R12', 'R13', 'R20', 'R70', 'R8', 'R24']"
2480350.3567567943,114.79987529718997,10.463303885158183,"['D2', 'R5', 'R26', 'R11', 'R2', 'R17', 'R14', 'R1', 'R7', 'R28', 'R6', 'R13', 'R20', 'R3', 'R12', 'R10', 'R23', 'R70', 'R8', 'R24']"
