total_cost,total_distance,total_fuel_consumed,route
2481803.5588185946,130.91791058778236,12.09110627080803,"['D2', 'R5', 'R26', 'R14', 'R17', 'R2', 'R11', 'R1', 'R7', 'R6', 'R12', 'R3', 'R10', 'R23', 'R20', 'R13', 'R28', 'R24', 'R70', 'R8']"
2482029.2152699144,133.42075499017713,12.251610308553246,"['D2', 'R5', 'R26', 'R11', 'R2', 'R14', 'R17', 'R23', 'R12', 'R3', 'R10', 'R1', 'R7', 'R28', 'R6', 'R20', 'R13', 'R24', 'R70', 'R8']"
2481343.0928147263,125.81070113938105,11.489542174239979,"['D2', 'R26', 'R5', 'R11', 'R2', 'R14', 'R17', 'R1', 'R7', 'R13', 'R6', 'R28', 'R20', 'R3', 'R12', 'R10', 'R23', 'R70', 'R24', 'R8']"
2482311.863564994,136.55571833400612,12.644514179250976,"['D2', 'R26', 'R11', 'R14', 'R17', 'R2', 'R5', 'R1', 'R7', 'R3', 'R10', 'R12', 'R23', 'R6', 'R28', 'R13', 'R20', 'R24', 'R70', 'R8']"
2482272.0469752746,136.1140968863659,12.222052592888778,"['D2', 'R3', 'R12', 'R10', 'R6', 'R7', 'R1', 'R28', 'R26', 'R5', 'R11', 'R2', 'R14', 'R17', 'R70', 'R13', 'R23', 'R20', 'R24', 'R8']"
