total_cost,total_distance,total_fuel_consumed,route
2481680.7055275994,129.5552964463157,11.843307409705437,"['D2', 'R2', 'R17', 'R14', 'R11', 'R5', 'R26', 'R6', 'R13', 'R20', 'R10', 'R12', 'R3', 'R1', 'R7', 'R28', 'R70', 'R23', 'R24', 'R8']"
2480196.2745839516,113.09088935172196,10.359353039830578,"['D2', 'R17', 'R14', 'R2', 'R26', 'R11', 'R5', 'R1', 'R7', 'R6', 'R28', 'R13', 'R20', 'R23', 'R10', 'R12', 'R3', 'R70', 'R24', 'R8']"
2481543.011908182,128.0280823888907,11.758683507043322,"['D2', 'R26', 'R5', 'R11', 'R14', 'R17', 'R2', 'R12', 'R3', 'R10', 'R7', 'R1', 'R28', 'R13', 'R6', 'R20', 'R24', 'R8', 'R23', 'R70']"
2480242.338245174,113.60179952500019,10.275377343969307,"['D2', 'R17', 'R14', 'R2', 'R26', 'R11', 'R5', 'R1', 'R7', 'R28', 'R23', 'R10', 'R3', 'R12', 'R70', 'R6', 'R13', 'R20', 'R24', 'R8']"
2481833.2219149335,131.2469156492195,11.948085159715577,"['D2', 'R26', 'R11', 'R17', 'R14', 'R2', 'R3', 'R12', 'R10', 'R70', 'R7', 'R1', 'R6', 'R13', 'R28', 'R5', 'R20', 'R23', 'R24', 'R8']"
