total_cost,total_distance,total_fuel_consumed,route
2483355.136048435,148.1270635363229,13.64537174077535,"['D2', 'R17', 'R14', 'R2', 'R26', 'R5', 'R1', 'R6', 'R7', 'R12', 'R3', 'R10', 'R23', 'R13', 'R11', 'R28', 'R20', 'R70', 'R24', 'R8']"
2481965.1076444355,132.70971211663394,11.957388077214743,"['D2', 'R11', 'R26', 'R2', 'R17', 'R14', 'R28', 'R7', 'R1', 'R5', 'R6', 'R20', 'R13', 'R10', 'R3', 'R12', 'R70', 'R23', 'R8', 'R24']"
2484172.8870071806,157.19706086047566,14.571910979414334,"['D2', 'R26', 'R2', 'R17', 'R14', 'R11', 'R12', 'R3', 'R10', 'R1', 'R13', 'R6', 'R20', 'R7', 'R5', 'R28', 'R23', 'R24', 'R70', 'R8']"
2481830.631233874,131.21818138724234,12.154453687318002,"['D2', 'R14', 'R17', 'R2', 'R11', 'R26', 'R5', 'R7', 'R1', 'R6', 'R13', 'R28', 'R10', 'R12', 'R3', 'R23', 'R20', 'R70', 'R24', 'R8']"
2481991.4647280285,133.0020488911799,12.17184725343331,"['D2', 'R11', 'R26', 'R17', 'R14', 'R2', 'R5', 'R3', 'R12', 'R10', 'R20', 'R6', 'R28', 'R7', 'R1', 'R13', 'R23', 'R70', 'R24', 'R8']"
