total_cost,total_distance,total_fuel_consumed,route
2483584.1117701423,150.66672327131673,14.044544316093805,"['D2', 'R14', 'R17', 'R2', 'R26', 'R5', 'R11', 'R3', 'R10', 'R12', 'R1', 'R6', 'R28', 'R7', 'R23', 'R13', 'R20', 'R8', 'R70', 'R24']"
2482344.5447060294,136.91819771549854,12.460621680303706,"['D2', 'R1', 'R5', 'R11', 'R14', 'R17', 'R2', 'R26', 'R10', 'R12', 'R3', 'R23', 'R20', 'R13', 'R6', 'R7', 'R28', 'R24', 'R70', 'R8']"
2481824.1776359575,131.14660199598086,12.065263556530313,"['D2', 'R2', 'R17', 'R14', 'R26', 'R11', 'R5', 'R7', 'R1', 'R6', 'R28', 'R13', 'R3', 'R12', 'R10', 'R20', 'R23', 'R70', 'R24', 'R8']"
2480209.9844566467,113.2429509388569,10.456308462639958,"['D2', 'R2', 'R17', 'R14', 'R26', 'R5', 'R11', 'R3', 'R12', 'R10', 'R1', 'R7', 'R28', 'R13', 'R6', 'R20', 'R23', 'R70', 'R8', 'R24']"
2482927.2559499294,143.38127717312918,13.377077093550593,"['D2', 'R2', 'R17', 'R14', 'R26', 'R5', 'R11', 'R1', 'R12', 'R3', 'R10', 'R7', 'R28', 'R6', 'R13', 'R20', 'R23', 'R8', 'R70', 'R24']"
