total_cost,total_distance,total_fuel_consumed,route
2480199.9516213234,113.13167281858554,10.353025990928293,"['D2', 'R17', 'R14', 'R2', 'R11', 'R5', 'R26', 'R1', 'R7', 'R28', 'R6', 'R13', 'R20', 'R12', 'R3', 'R10', 'R23', 'R70', 'R8', 'R24']"
2481298.931147869,125.32088673324314,11.494382993462239,"['D2', 'R14', 'R17', 'R2', 'R12', 'R3', 'R10', 'R6', 'R13', 'R20', 'R1', 'R7', 'R28', 'R5', 'R11', 'R26', 'R70', 'R23', 'R24', 'R8']"
2481691.8925245386,129.67937582673954,12.018146562048685,"['D2', 'R17', 'R14', 'R2', 'R26', 'R5', 'R11', 'R3', 'R12', 'R10', 'R23', 'R13', 'R6', 'R28', 'R7', 'R1', 'R20', 'R70', 'R24', 'R8']"
2481065.100134097,122.72737504544425,11.103057038478628,"['D2', 'R5', 'R26', 'R11', 'R2', 'R17', 'R14', 'R7', 'R1', 'R3', 'R12', 'R10', 'R23', 'R70', 'R20', 'R6', 'R13', 'R28', 'R8', 'R24']"
2482228.21513424,135.62794070807692,12.589396775447376,"['D2', 'R5', 'R26', 'R11', 'R2', 'R17', 'R14', 'R12', 'R3', 'R10', 'R23', 'R6', 'R13', 'R20', 'R7', 'R1', 'R28', 'R8', 'R70', 'R24']"
