total_cost,total_distance,total_fuel_consumed,route
2480329.771563606,114.57155682793186,10.370566175843233,"['D2', 'R11', 'R17', 'R14', 'R2', 'R26', 'R5', 'R1', 'R7', 'R6', 'R20', 'R13', 'R23', 'R12', 'R3', 'R10', 'R70', 'R28', 'R24', 'R8']"
2479538.1760989223,105.79166036959141,9.65810653295167,"['D2', 'R14', 'R17', 'R2', 'R11', 'R26', 'R5', 'R1', 'R7', 'R6', 'R28', 'R13', 'R20', 'R23', 'R10', 'R3', 'R12', 'R70', 'R8', 'R24']"
2481625.9507462517,128.94798964343528,11.780483426659938,"['D2', 'R26', 'R5', 'R11', 'R17', 'R14', 'R2', 'R7', 'R1', 'R13', 'R6', 'R28', 'R3', 'R12', 'R10', 'R23', 'R20', 'R24', 'R8', 'R70']"
2481376.5367302103,126.18164075211334,11.647766081213572,"['D2', 'R14', 'R17', 'R2', 'R5', 'R26', 'R11', 'R10', 'R3', 'R12', 'R23', 'R20', 'R13', 'R6', 'R7', 'R1', 'R28', 'R70', 'R24', 'R8']"
2480643.8216158445,118.05480940377984,10.89834288374763,"['D2', 'R2', 'R17', 'R14', 'R11', 'R5', 'R26', 'R3', 'R12', 'R10', 'R1', 'R7', 'R6', 'R20', 'R13', 'R28', 'R23', 'R70', 'R8', 'R24']"
