total_cost,total_distance,total_fuel_consumed,route
2481284.3290211624,125.15892880615542,11.49730316632613,"['D2', 'R2', 'R14', 'R17', 'R11', 'R5', 'R26', 'R7', 'R28', 'R6', 'R13', 'R1', 'R12', 'R3', 'R10', 'R23', 'R20', 'R70', 'R8', 'R24']"
2481466.3783118203,127.1781090485891,11.748581303675339,"['D2', 'R14', 'R17', 'R2', 'R11', 'R26', 'R5', 'R12', 'R3', 'R10', 'R6', 'R13', 'R28', 'R7', 'R1', 'R23', 'R20', 'R70', 'R8', 'R24']"
2480329.532770213,114.56890827654493,10.236170893258537,"['D2', 'R11', 'R26', 'R5', 'R28', 'R1', 'R7', 'R14', 'R17', 'R2', 'R12', 'R3', 'R10', 'R70', 'R23', 'R6', 'R13', 'R20', 'R24', 'R8']"
2480661.0921905427,118.24636413645831,10.78588351287786,"['D2', 'R12', 'R3', 'R10', 'R2', 'R14', 'R17', 'R26', 'R5', 'R11', 'R1', 'R7', 'R6', 'R28', 'R13', 'R20', 'R23', 'R70', 'R8', 'R24']"
2482541.9902641685,139.10814401251886,12.966745412933708,"['D2', 'R2', 'R14', 'R17', 'R11', 'R5', 'R26', 'R3', 'R12', 'R10', 'R1', 'R7', 'R28', 'R20', 'R6', 'R23', 'R13', 'R24', 'R70', 'R8']"
