total_cost,total_distance,total_fuel_consumed,route
2482039.6116142245,133.53606493150556,12.009528841090033,"['D2', 'R1', 'R5', 'R11', 'R17', 'R14', 'R2', 'R23', 'R10', 'R12', 'R3', 'R7', 'R6', 'R20', 'R13', 'R28', 'R26', 'R70', 'R8', 'R24']"
2481192.0287442994,124.135190154162,11.367772250668322,"['D2', 'R14', 'R17', 'R2', 'R26', 'R11', 'R5', 'R7', 'R1', 'R28', 'R6', 'R3', 'R12', 'R10', 'R70', 'R23', 'R13', 'R20', 'R8', 'R24']"
2482664.199300586,140.46361247322338,12.879513937910824,"['D2', 'R26', 'R11', 'R14', 'R17', 'R2', 'R5', 'R28', 'R7', 'R1', 'R10', 'R12', 'R3', 'R23', 'R6', 'R70', 'R13', 'R20', 'R8', 'R24']"
2484525.991139753,161.11347759264743,14.212531812179037,"['D2', 'R28', 'R1', 'R14', 'R17', 'R2', 'R26', 'R12', 'R3', 'R23', 'R6', 'R7', 'R11', 'R5', 'R8', 'R13', 'R20', 'R10', 'R70', 'R24']"
2482109.1380930436,134.30721043748812,12.256426144962596,"['D2', 'R5', 'R11', 'R14', 'R17', 'R2', 'R26', 'R1', 'R3', 'R12', 'R10', 'R13', 'R6', 'R7', 'R20', 'R28', 'R23', 'R70', 'R8', 'R24']"
