total_cost,total_distance,total_fuel_consumed,route
2481470.5148362406,127.22398886691312,11.70597435872826,"['D2', 'R2', 'R17', 'R14', 'R26', 'R11', 'R5', 'R3', 'R12', 'R10', 'R1', 'R6', 'R7', 'R28', 'R13', 'R23', 'R70', 'R20', 'R24', 'R8']"
2482118.452450979,134.41051964262505,12.227110697442466,"['D2', 'R17', 'R14', 'R2', 'R3', 'R12', 'R1', 'R6', 'R7', 'R28', 'R13', 'R23', 'R10', 'R11', 'R5', 'R26', 'R70', 'R20', 'R24', 'R8']"
2481707.2455450157,129.84966221179639,11.911963255283789,"['D2', 'R17', 'R14', 'R2', 'R5', 'R11', 'R26', 'R7', 'R1', 'R6', 'R3', 'R12', 'R10', 'R28', 'R13', 'R20', 'R23', 'R70', 'R24', 'R8']"
2482070.587685406,133.87963271302735,12.13024789104497,"['D2', 'R17', 'R14', 'R2', 'R11', 'R26', 'R5', 'R23', 'R6', 'R10', 'R12', 'R3', 'R1', 'R28', 'R7', 'R13', 'R20', 'R24', 'R8', 'R70']"
2482645.2546221553,140.25348959799766,12.873061486468364,"['D2', 'R26', 'R14', 'R17', 'R2', 'R3', 'R12', 'R1', 'R7', 'R6', 'R13', 'R28', 'R20', 'R10', 'R11', 'R5', 'R23', 'R70', 'R24', 'R8']"
