total_cost,total_distance,total_fuel_consumed,route
2481590.481751648,128.55458908216193,11.835851917589544,"['D2', 'R14', 'R17', 'R2', 'R11', 'R26', 'R5', 'R7', 'R1', 'R6', 'R13', 'R28', 'R23', 'R10', 'R12', 'R3', 'R70', 'R20', 'R8', 'R24']"
2482643.3993430533,140.23291196820273,12.666879933424228,"['D2', 'R14', 'R17', 'R2', 'R10', 'R12', 'R3', 'R5', 'R11', 'R1', 'R7', 'R6', 'R13', 'R28', 'R26', 'R24', 'R8', 'R20', 'R23', 'R70']"
2480404.093583171,115.39589156134456,10.554638872687084,"['D2', 'R2', 'R14', 'R17', 'R11', 'R5', 'R26', 'R1', 'R7', 'R6', 'R13', 'R28', 'R20', 'R23', 'R10', 'R3', 'R12', 'R70', 'R24', 'R8']"
2481650.809028288,129.22370262076169,11.89253673508941,"['D2', 'R14', 'R17', 'R2', 'R26', 'R5', 'R11', 'R12', 'R3', 'R10', 'R13', 'R28', 'R6', 'R20', 'R7', 'R1', 'R23', 'R70', 'R24', 'R8']"
2483182.740218394,146.21495362016424,13.55758877208267,"['D2', 'R14', 'R17', 'R2', 'R26', 'R11', 'R5', 'R3', 'R10', 'R12', 'R23', 'R28', 'R1', 'R7', 'R6', 'R13', 'R20', 'R8', 'R70', 'R24']"
