total_cost,total_distance,total_fuel_consumed,route
2481000.4657032853,122.01048916687154,11.10097854648212,"['D2', 'R17', 'R14', 'R2', 'R26', 'R11', 'R5', 'R7', 'R1', 'R6', 'R13', 'R23', 'R3', 'R12', 'R10', 'R70', 'R28', 'R20', 'R24', 'R8']"
2482337.558913146,136.8407155406666,12.703054697276091,"['D2', 'R17', 'R14', 'R2', 'R5', 'R26', 'R11', 'R1', 'R7', 'R28', 'R13', 'R6', 'R23', 'R10', 'R3', 'R12', 'R20', 'R24', 'R70', 'R8']"
2481568.226720389,128.3077497824945,11.718022255194965,"['D2', 'R5', 'R26', 'R2', 'R17', 'R14', 'R11', 'R1', 'R7', 'R6', 'R13', 'R3', 'R12', 'R10', 'R28', 'R20', 'R23', 'R70', 'R8', 'R24']"
2482585.1960135414,139.58735596208132,12.979470334728443,"['D2', 'R17', 'R14', 'R2', 'R3', 'R12', 'R10', 'R1', 'R5', 'R26', 'R11', 'R7', 'R28', 'R13', 'R6', 'R23', 'R20', 'R24', 'R70', 'R8']"
2481289.5519346665,125.21685819284599,11.53903631068482,"['D2', 'R26', 'R11', 'R17', 'R14', 'R2', 'R3', 'R12', 'R10', 'R23', 'R6', 'R7', 'R1', 'R28', 'R13', 'R20', 'R5', 'R70', 'R8', 'R24']"
