total_cost,total_distance,total_fuel_consumed,route
2481172.0593876033,123.9137021695139,11.307170642276349,"['D2', 'R11', 'R17', 'R14', 'R2', 'R10', 'R3', 'R12', 'R5', 'R26', 'R28', 'R7', 'R1', 'R6', 'R20', 'R13', 'R23', 'R70', 'R8', 'R24']"
2481800.4409613647,130.8833292076822,12.079062078410868,"['D2', 'R5', 'R26', 'R17', 'R14', 'R2', 'R11', 'R3', 'R10', 'R12', 'R23', 'R1', 'R7', 'R6', 'R20', 'R13', 'R28', 'R24', 'R70', 'R8']"
2482181.6051101517,135.1109706094967,12.123977485918923,"['D2', 'R26', 'R5', 'R11', 'R6', 'R20', 'R13', 'R1', 'R2', 'R17', 'R14', 'R12', 'R3', 'R10', 'R70', 'R28', 'R7', 'R23', 'R24', 'R8']"
2482294.110765734,136.35881505916595,12.40964083007948,"['D2', 'R12', 'R3', 'R10', 'R7', 'R1', 'R26', 'R5', 'R11', 'R17', 'R2', 'R14', 'R13', 'R6', 'R28', 'R20', 'R23', 'R70', 'R24', 'R8']"
2481640.752366988,129.11216023722375,11.95090713665906,"['D2', 'R17', 'R14', 'R2', 'R11', 'R5', 'R26', 'R1', 'R7', 'R10', 'R3', 'R12', 'R23', 'R6', 'R28', 'R13', 'R20', 'R70', 'R24', 'R8']"
