total_cost,total_distance,total_fuel_consumed,route
2484195.132758885,157.44379723697003,14.185347287407932,"['D2', 'R28', 'R11', 'R26', 'R2', 'R17', 'R14', 'R23', 'R12', 'R3', 'R10', 'R7', 'R1', 'R6', 'R13', 'R20', 'R5', 'R24', 'R70', 'R8']"
2483239.2405019375,146.84162047401622,13.29818404657918,"['D2', 'R6', 'R7', 'R1', 'R26', 'R17', 'R2', 'R14', 'R5', 'R11', 'R10', 'R12', 'R3', 'R23', 'R13', 'R20', 'R28', 'R24', 'R70', 'R8']"
2482918.4709646627,143.28383944834536,13.05033292125415,"['D2', 'R7', 'R11', 'R2', 'R14', 'R17', 'R26', 'R5', 'R1', 'R3', 'R10', 'R12', 'R23', 'R20', 'R6', 'R28', 'R13', 'R24', 'R70', 'R8']"
2484051.716118897,155.85310690879075,14.475627110380945,"['D2', 'R11', 'R26', 'R14', 'R17', 'R2', 'R12', 'R3', 'R10', 'R1', 'R6', 'R28', 'R5', 'R7', 'R20', 'R13', 'R23', 'R8', 'R70', 'R24']"
2483163.2164386855,145.99840770503252,13.261886122116675,"['D2', 'R12', 'R3', 'R1', 'R11', 'R2', 'R14', 'R17', 'R26', 'R5', 'R7', 'R6', 'R28', 'R10', 'R20', 'R13', 'R70', 'R23', 'R24', 'R8']"
