total_cost,total_distance,total_fuel_consumed,route
2479991.6003440153,110.82076690345659,10.160925716612258,"['D2', 'R17', 'R14', 'R2', 'R11', 'R26', 'R5', 'R1', 'R7', 'R28', 'R13', 'R20', 'R6', 'R3', 'R12', 'R10', 'R23', 'R70', 'R8', 'R24']"
2480693.7926304736,118.60905756958502,10.931057180460229,"['D2', 'R2', 'R17', 'R14', 'R11', 'R26', 'R5', 'R1', 'R7', 'R28', 'R3', 'R12', 'R10', 'R23', 'R20', 'R13', 'R6', 'R70', 'R8', 'R24']"
2481199.812865797,124.22152690547475,11.252345230858971,"['D2', 'R3', 'R12', 'R10', 'R23', 'R2', 'R17', 'R14', 'R11', 'R26', 'R5', 'R1', 'R7', 'R28', 'R6', 'R13', 'R20', 'R24', 'R8', 'R70']"
2481780.3361204946,130.66033851480725,11.946572236794204,"['D2', 'R5', 'R26', 'R11', 'R14', 'R17', 'R2', 'R12', 'R3', 'R10', 'R23', 'R1', 'R7', 'R13', 'R6', 'R28', 'R8', 'R24', 'R20', 'R70']"
2481043.555629404,122.48841647519993,11.260712854925426,"['D2', 'R2', 'R17', 'R14', 'R11', 'R5', 'R26', 'R28', 'R7', 'R1', 'R10', 'R3', 'R12', 'R23', 'R6', 'R13', 'R20', 'R24', 'R8', 'R70']"
