total_cost,total_distance,total_fuel_consumed,route
2481760.575386687,130.44116444862115,11.81496388976977,"['D2', 'R26', 'R2', 'R17', 'R14', 'R11', 'R3', 'R10', 'R12', 'R20', 'R6', 'R1', 'R28', 'R7', 'R5', 'R70', 'R23', 'R13', 'R24', 'R8']"
2481968.676365015,132.7492941993703,11.623737974051354,"['D2', 'R6', 'R7', 'R11', 'R14', 'R2', 'R17', 'R5', 'R26', 'R23', 'R20', 'R13', 'R28', 'R1', 'R12', 'R3', 'R10', 'R70', 'R8', 'R24']"
2484180.899536413,157.28593097175727,14.33247720827677,"['D2', 'R11', 'R17', 'R14', 'R2', 'R6', 'R7', 'R12', 'R3', 'R10', 'R23', 'R13', 'R1', 'R5', 'R26', 'R20', 'R28', 'R24', 'R70', 'R8']"
2482889.255909408,142.9598037866858,13.249459773517106,"['D2', 'R26', 'R5', 'R11', 'R17', 'R14', 'R2', 'R3', 'R10', 'R12', 'R23', 'R6', 'R7', 'R1', 'R28', 'R13', 'R24', 'R20', 'R8', 'R70']"
2483089.5863595004,145.18174755435487,13.465884352071015,"['D2', 'R17', 'R14', 'R2', 'R5', 'R26', 'R11', 'R1', 'R10', 'R12', 'R3', 'R7', 'R28', 'R6', 'R13', 'R23', 'R20', 'R8', 'R24', 'R70']"
