total_cost,total_distance,total_fuel_consumed,route
2481887.9827859965,131.8542899955275,11.962336291130784,"['D2', 'R1', 'R23', 'R10', 'R3', 'R12', 'R14', 'R17', 'R2', 'R11', 'R26', 'R5', 'R28', 'R7', 'R6', 'R13', 'R20', 'R70', 'R24', 'R8']"
2481921.188954752,132.22259266584106,12.15485176957282,"['D2', 'R14', 'R17', 'R2', 'R11', 'R12', 'R3', 'R10', 'R7', 'R5', 'R26', 'R1', 'R13', 'R6', 'R28', 'R20', 'R23', 'R70', 'R24', 'R8']"
2482393.761763422,137.464083445231,12.653321977919125,"['D2', 'R17', 'R14', 'R2', 'R10', 'R3', 'R12', 'R6', 'R7', 'R1', 'R5', 'R26', 'R11', 'R23', 'R20', 'R13', 'R28', 'R70', 'R24', 'R8']"
2481636.551632663,129.0655682416067,11.951263709516835,"['D2', 'R17', 'R14', 'R2', 'R11', 'R26', 'R5', 'R12', 'R3', 'R10', 'R23', 'R1', 'R7', 'R13', 'R28', 'R6', 'R20', 'R70', 'R24', 'R8']"
2482035.0333640166,133.4852857588373,12.04641151321365,"['D2', 'R17', 'R14', 'R2', 'R26', 'R11', 'R1', 'R7', 'R13', 'R20', 'R28', 'R6', 'R70', 'R10', 'R12', 'R3', 'R5', 'R23', 'R24', 'R8']"
