total_cost,total_distance,total_fuel_consumed,route
2479655.092259889,107.08842346816338,9.779398673591327,"['D2', 'R14', 'R17', 'R2', 'R26', 'R5', 'R11', 'R1', 'R7', 'R28', 'R6', 'R13', 'R20', 'R23', 'R3', 'R12', 'R10', 'R70', 'R8', 'R24']"
2480931.527792801,121.24587170365179,11.063449724877437,"['D2', 'R14', 'R17', 'R2', 'R11', 'R5', 'R26', 'R7', 'R1', 'R6', 'R13', 'R20', 'R28', 'R23', 'R12', 'R3', 'R10', 'R70', 'R24', 'R8']"
2480637.299554162,117.98247065397649,10.895024722370588,"['D2', 'R2', 'R17', 'R14', 'R11', 'R26', 'R5', 'R3', 'R12', 'R10', 'R23', 'R1', 'R7', 'R28', 'R6', 'R13', 'R20', 'R70', 'R8', 'R24']"
2480542.104367722,116.92662342194137,10.65232613206481,"['D2', 'R26', 'R5', 'R11', 'R14', 'R17', 'R2', 'R12', 'R3', 'R10', 'R70', 'R1', 'R7', 'R6', 'R13', 'R20', 'R23', 'R28', 'R8', 'R24']"
2480192.213764476,113.04584920669781,10.364981509622073,"['D2', 'R14', 'R17', 'R2', 'R11', 'R5', 'R26', 'R1', 'R7', 'R6', 'R28', 'R13', 'R20', 'R23', 'R10', 'R12', 'R3', 'R70', 'R24', 'R8']"
