total_cost,total_distance,total_fuel_consumed,route
2481453.4140456854,127.03431727689818,11.699692679054163,"['D2', 'R5', 'R26', 'R11', 'R2', 'R14', 'R17', 'R3', 'R12', 'R10', 'R1', 'R7', 'R20', 'R13', 'R6', 'R28', 'R24', 'R23', 'R70', 'R8']"
2480803.8699976397,119.82996891792232,11.009584194907623,"['D2', 'R2', 'R14', 'R17', 'R11', 'R5', 'R26', 'R28', 'R7', 'R1', 'R3', 'R12', 'R10', 'R6', 'R20', 'R13', 'R23', 'R70', 'R8', 'R24']"
2480776.787379869,119.52958495861562,10.995877688177993,"['D2', 'R2', 'R14', 'R17', 'R11', 'R5', 'R26', 'R1', 'R7', 'R28', 'R13', 'R6', 'R20', 'R3', 'R12', 'R10', 'R23', 'R70', 'R24', 'R8']"
2480251.760820458,113.70630901129661,10.41792280992881,"['D2', 'R2', 'R14', 'R17', 'R26', 'R11', 'R5', 'R1', 'R7', 'R28', 'R13', 'R6', 'R23', 'R10', 'R3', 'R12', 'R70', 'R20', 'R24', 'R8']"
2480857.93204894,120.42959237954942,10.676605364964821,"['D2', 'R7', 'R1', 'R26', 'R11', 'R2', 'R17', 'R14', 'R10', 'R3', 'R12', 'R70', 'R23', 'R6', 'R20', 'R13', 'R28', 'R5', 'R8', 'R24']"
