total_cost,total_distance,total_fuel_consumed,route
2482839.3475898462,142.40625099651731,13.015343076736288,"['D1', 'R28', 'R7', 'R6', 'R13', 'R26', 'R5', 'R17', 'R14', 'R2', 'R11', 'R1', 'R3', 'R12', 'R10', 'R70', 'R23', 'R24', 'R20', 'R8']"
2482857.5628269305,142.60828335104796,13.2368830167071,"['D1', 'R20', 'R1', 'R3', 'R10', 'R12', 'R14', 'R17', 'R2', 'R5', 'R11', 'R26', 'R7', 'R28', 'R13', 'R6', 'R23', 'R24', 'R70', 'R8']"
2482634.834560724,140.13791660075688,12.711123464343716,"['D1', 'R1', 'R28', 'R13', 'R10', 'R3', 'R12', 'R14', 'R17', 'R2', 'R11', 'R5', 'R26', 'R20', 'R7', 'R6', 'R23', 'R70', 'R24', 'R8']"
2480078.3551580003,111.7829986468567,10.06435211763685,"['D1', 'R6', 'R13', 'R20', 'R2', 'R17', 'R14', 'R11', 'R26', 'R5', 'R7', 'R1', 'R3', 'R12', 'R10', 'R70', 'R23', 'R28', 'R24', 'R8']"
2480753.9323044275,119.27609033304925,10.886244102869066,"['D1', 'R6', 'R13', 'R28', 'R1', 'R26', 'R5', 'R11', 'R2', 'R14', 'R17', 'R3', 'R10', 'R12', 'R7', 'R70', 'R23', 'R20', 'R24', 'R8']"
