total_cost,total_distance,total_fuel_consumed,route
2480429.961422987,115.68280194084932,10.522039187194869,"['D1', 'R20', 'R13', 'R28', 'R6', 'R10', 'R3', 'R12', 'R23', 'R1', 'R7', 'R5', 'R26', 'R11', 'R14', 'R17', 'R2', 'R70', 'R24', 'R8']"
2483116.091958597,145.47573157272515,13.479966461554092,"['D1', 'R20', 'R13', 'R7', 'R1', 'R6', 'R12', 'R3', 'R10', 'R17', 'R14', 'R2', 'R11', 'R26', 'R5', 'R23', 'R28', 'R8', 'R70', 'R24']"
2480518.863178047,116.66884625162929,10.691925166078825,"['D1', 'R20', 'R13', 'R28', 'R6', 'R3', 'R12', 'R2', 'R17', 'R14', 'R26', 'R11', 'R5', 'R1', 'R7', 'R23', 'R10', 'R70', 'R24', 'R8']"
2482125.0068649715,134.4832172246211,12.348335129972327,"['D1', 'R6', 'R13', 'R1', 'R7', 'R26', 'R5', 'R2', 'R14', 'R17', 'R11', 'R12', 'R3', 'R10', 'R70', 'R20', 'R28', 'R23', 'R8', 'R24']"
2480390.2523256736,115.24237273373899,10.424065844202673,"['D1', 'R20', 'R13', 'R6', 'R28', 'R11', 'R2', 'R14', 'R17', 'R26', 'R5', 'R70', 'R12', 'R3', 'R10', 'R1', 'R7', 'R23', 'R24', 'R8']"
