total_cost,total_distance,total_fuel_consumed,route
2481499.502008398,127.54549698756244,11.757569466817468,"['D1', 'R6', 'R1', 'R5', 'R11', 'R14', 'R17', 'R2', 'R26', 'R12', 'R3', 'R10', 'R23', 'R13', 'R28', 'R7', 'R20', 'R24', 'R8', 'R70']"
2480365.3371897596,114.96602916770138,10.601454034757946,"['D1', 'R6', 'R13', 'R28', 'R7', 'R1', 'R5', 'R11', 'R26', 'R2', 'R17', 'R14', 'R10', 'R12', 'R3', 'R23', 'R70', 'R20', 'R24', 'R8']"
2480362.877559583,114.93874844258326,10.632805032781109,"['D1', 'R13', 'R20', 'R6', 'R7', 'R1', 'R12', 'R3', 'R10', 'R2', 'R17', 'R14', 'R26', 'R5', 'R11', 'R28', 'R23', 'R70', 'R8', 'R24']"
2480261.789595348,113.81754209570227,10.344272801027754,"['D1', 'R13', 'R6', 'R7', 'R1', 'R28', 'R20', 'R23', 'R3', 'R12', 'R10', 'R17', 'R14', 'R2', 'R11', 'R26', 'R5', 'R70', 'R8', 'R24']"
2480012.7039739084,111.05483555799253,10.186176962231986,"['D1', 'R13', 'R20', 'R6', 'R7', 'R1', 'R26', 'R14', 'R17', 'R2', 'R11', 'R5', 'R28', 'R3', 'R12', 'R10', 'R23', 'R70', 'R8', 'R24']"
