total_cost,total_distance,total_fuel_consumed,route
2480561.315456086,117.1397011544604,10.664131235060973,"['D2', 'R10', 'R12', 'R3', 'R17', 'R14', 'R2', 'R26', 'R11', 'R5', 'R1', 'R7', 'R28', 'R6', 'R13', 'R20', 'R23', 'R70', 'R8', 'R24']"
2480815.162430402,119.955217728507,10.881917668859431,"['D2', 'R26', 'R11', 'R2', 'R17', 'R14', 'R5', 'R1', 'R6', 'R28', 'R7', 'R13', 'R20', 'R3', 'R12', 'R10', 'R23', 'R70', 'R8', 'R24']"
2481157.763470032,123.75514052831014,11.32885720264543,"['D2', 'R26', 'R11', 'R14', 'R17', 'R2', 'R5', 'R28', 'R13', 'R6', 'R7', 'R1', 'R12', 'R3', 'R10', 'R23', 'R20', 'R24', 'R8', 'R70']"
2481990.6069955067,132.9925354426265,12.18630735967469,"['D2', 'R26', 'R11', 'R14', 'R17', 'R2', 'R10', 'R3', 'R12', 'R23', 'R13', 'R6', 'R1', 'R7', 'R5', 'R28', 'R20', 'R24', 'R8', 'R70']"
2481032.231271343,122.36281356857347,11.198689715280317,"['D2', 'R11', 'R17', 'R14', 'R2', 'R26', 'R5', 'R28', 'R7', 'R1', 'R6', 'R13', 'R20', 'R10', 'R12', 'R3', 'R23', 'R70', 'R24', 'R8']"
