total_cost,total_distance,total_fuel_consumed,route
2480596.1514354195,117.52608069454485,10.723267076980639,"['D2', 'R14', 'R17', 'R2', 'R11', 'R26', 'R5', 'R1', 'R7', 'R13', 'R6', 'R20', 'R28', 'R12', 'R3', 'R10', 'R23', 'R70', 'R8', 'R24']"
2481398.720975014,126.42769493139103,11.571770722498446,"['D2', 'R2', 'R14', 'R17', 'R11', 'R1', 'R7', 'R28', 'R13', 'R6', 'R20', 'R10', 'R3', 'R12', 'R26', 'R5', 'R70', 'R23', 'R24', 'R8']"
2482366.407238751,137.16068365962042,12.102894865659,"['D2', 'R12', 'R3', 'R10', 'R17', 'R14', 'R2', 'R5', 'R11', 'R26', 'R70', 'R13', 'R23', 'R7', 'R1', 'R28', 'R6', 'R20', 'R24', 'R8']"
2481373.0037495424,126.14245507478296,11.721495569809257,"['D2', 'R17', 'R14', 'R2', 'R11', 'R26', 'R5', 'R7', 'R1', 'R10', 'R3', 'R12', 'R23', 'R20', 'R13', 'R6', 'R28', 'R24', 'R70', 'R8']"
2480149.0119659957,112.56668107803578,10.14674004155027,"['D2', 'R5', 'R11', 'R26', 'R14', 'R17', 'R2', 'R12', 'R3', 'R10', 'R70', 'R23', 'R1', 'R7', 'R6', 'R13', 'R28', 'R20', 'R24', 'R8']"
