total_cost,total_distance,total_fuel_consumed,route
2482062.7299240204,133.79247919277861,12.266655613714985,"['D2', 'R11', 'R17', 'R14', 'R2', 'R5', 'R26', 'R1', 'R3', 'R10', 'R12', 'R7', 'R28', 'R6', 'R13', 'R23', 'R20', 'R70', 'R8', 'R24']"
2481645.016302283,129.15945321964455,11.8337578395901,"['D2', 'R5', 'R11', 'R17', 'R14', 'R2', 'R26', 'R1', 'R7', 'R28', 'R6', 'R13', 'R23', 'R10', 'R12', 'R3', 'R70', 'R20', 'R8', 'R24']"
2482462.421219971,138.2256124664066,12.569384278986385,"['D2', 'R3', 'R12', 'R10', 'R23', 'R17', 'R14', 'R2', 'R26', 'R11', 'R5', 'R7', 'R1', 'R13', 'R28', 'R6', 'R20', 'R70', 'R24', 'R8']"
2481996.051520435,133.05292280873178,12.296078184955102,"['D2', 'R2', 'R17', 'R14', 'R11', 'R5', 'R26', 'R10', 'R12', 'R3', 'R1', 'R28', 'R7', 'R23', 'R6', 'R13', 'R20', 'R70', 'R24', 'R8']"
2483369.424205272,148.28553910017104,13.608227636820054,"['D2', 'R5', 'R26', 'R14', 'R17', 'R2', 'R11', 'R12', 'R3', 'R10', 'R70', 'R1', 'R28', 'R6', 'R7', 'R13', 'R23', 'R24', 'R20', 'R8']"
