total_cost,total_distance,total_fuel_consumed,route
2481721.6235950724,130.00913481668502,12.001898593303896,"['D2', 'R17', 'R14', 'R2', 'R11', 'R5', 'R26', 'R3', 'R12', 'R10', 'R23', 'R13', 'R20', 'R6', 'R7', 'R1', 'R28', 'R8', 'R24', 'R70']"
2479663.054379761,107.17673446940746,9.777278704066727,"['D2', 'R2', 'R14', 'R17', 'R11', 'R5', 'R26', 'R1', 'R7', 'R6', 'R13', 'R20', 'R23', 'R10', 'R3', 'R12', 'R70', 'R28', 'R24', 'R8']"
2480376.111895849,115.08553566824767,10.377963119955645,"['D2', 'R17', 'R14', 'R2', 'R11', 'R5', 'R26', 'R28', 'R13', 'R20', 'R1', 'R7', 'R6', 'R23', 'R10', 'R12', 'R3', 'R70', 'R8', 'R24']"
2480476.932146397,116.20377269739126,10.733645985884282,"['D2', 'R14', 'R17', 'R2', 'R11', 'R26', 'R5', 'R1', 'R7', 'R28', 'R6', 'R13', 'R20', 'R3', 'R12', 'R10', 'R23', 'R70', 'R24', 'R8']"
2479910.792477532,109.92449509241595,10.094369258337313,"['D2', 'R2', 'R17', 'R14', 'R11', 'R5', 'R26', 'R1', 'R7', 'R28', 'R6', 'R13', 'R20', 'R23', 'R10', 'R3', 'R12', 'R70', 'R24', 'R8']"
