total_cost,total_distance,total_fuel_consumed,route
2482938.931285603,143.510772910416,12.374046655380306,"['D2', 'R8', 'R26', 'R2', 'R14', 'R17', 'R11', 'R6', 'R7', 'R5', 'R3', 'R12', 'R23', 'R1', 'R13', 'R28', 'R10', 'R70', 'R20', 'R24']"
2482204.4903905448,135.3648002500514,12.533228257405181,"['D2', 'R14', 'R17', 'R2', 'R26', 'R5', 'R11', 'R7', 'R1', 'R6', 'R28', 'R10', 'R3', 'R12', 'R23', 'R20', 'R13', 'R24', 'R70', 'R8']"
2483304.7394583775,147.56809514615202,13.243007307696796,"['D2', 'R28', 'R1', 'R17', 'R14', 'R2', 'R5', 'R11', 'R26', 'R7', 'R10', 'R3', 'R12', 'R6', 'R20', 'R13', 'R24', 'R23', 'R70', 'R8']"
2481436.6256611734,126.8481107051245,11.556233844969404,"['D2', 'R14', 'R17', 'R2', 'R3', 'R11', 'R26', 'R5', 'R7', 'R1', 'R10', 'R12', 'R28', 'R13', 'R6', 'R20', 'R23', 'R70', 'R8', 'R24']"
2483116.179132914,145.47669845734438,13.341280348765203,"['D2', 'R14', 'R17', 'R2', 'R3', 'R12', 'R1', 'R10', 'R7', 'R5', 'R11', 'R26', 'R28', 'R13', 'R6', 'R23', 'R20', 'R70', 'R24', 'R8']"
