total_cost,total_distance,total_fuel_consumed,route
2216451.6653057854,71.5579559204235,6.220039059067277,"['D6', 'R38', 'R36', 'R27', 'R30', 'R35', 'R4', 'R15', 'R32', 'R16', 'R21', 'R18', 'R9', 'R33', 'R37', 'R31', 'R22', 'R34']"
2216306.692478179,69.95000530367423,6.161392262714836,"['D6', 'R30', 'R22', 'R36', 'R27', 'R4', 'R15', 'R32', 'R31', 'R16', 'R21', 'R18', 'R9', 'R33', 'R37', 'R35', 'R38', 'R34']"
2216820.701246822,75.6510786027257,6.629756486224647,"['D6', 'R35', 'R30', 'R27', 'R38', 'R36', 'R22', 'R32', 'R4', 'R15', 'R21', 'R16', 'R31', 'R18', 'R33', 'R37', 'R9', 'R34']"
2217323.0485056713,81.22280951277207,7.118323059368484,"['D6', 'R36', 'R27', 'R22', 'R35', 'R38', 'R4', 'R15', 'R32', 'R30', 'R31', 'R21', 'R18', 'R16', 'R33', 'R37', 'R9', 'R34']"
2216669.292008637,73.9717392262342,6.4388114881083,"['D6', 'R35', 'R27', 'R36', 'R38', 'R22', 'R32', 'R16', 'R18', 'R31', 'R21', 'R9', 'R33', 'R37', 'R15', 'R4', 'R30', 'R34']"
