total_cost,total_distance,total_fuel_consumed,route
2217183.911597357,79.679587370863,6.965278816342138,"['D6', 'R36', 'R32', 'R4', 'R27', 'R38', 'R22', 'R35', 'R30', 'R18', 'R16', 'R31', 'R21', 'R33', 'R37', 'R9', 'R15', 'R34']"
2216167.915305879,68.41077313530334,6.022048332839934,"['D6', 'R30', 'R22', 'R27', 'R36', 'R4', 'R38', 'R35', 'R32', 'R15', 'R31', 'R16', 'R18', 'R21', 'R9', 'R37', 'R33', 'R34']"
2216545.1353198346,72.5946685873409,6.407336306396791,"['D6', 'R27', 'R36', 'R22', 'R38', 'R30', 'R35', 'R32', 'R4', 'R31', 'R16', 'R18', 'R21', 'R37', 'R33', 'R9', 'R15', 'R34']"
2217491.8491160884,83.09504343487998,7.253150505451698,"['D6', 'R30', 'R36', 'R32', 'R27', 'R4', 'R38', 'R22', 'R35', 'R15', 'R16', 'R21', 'R18', 'R31', 'R37', 'R33', 'R9', 'R34']"
2217362.0785174775,81.65570671558899,7.120373040157306,"['D6', 'R27', 'R32', 'R36', 'R38', 'R35', 'R30', 'R4', 'R22', 'R18', 'R16', 'R21', 'R31', 'R33', 'R37', 'R9', 'R15', 'R34']"
