total_cost,total_distance,total_fuel_consumed,route
2216759.6831535804,74.9743029456587,6.618125908870825,"['D6', 'R27', 'R36', 'R32', 'R4', 'R22', 'R38', 'R30', 'R35', 'R15', 'R18', 'R16', 'R21', 'R31', 'R9', 'R37', 'R33', 'R34']"
2216266.829937043,69.50787419080854,6.012743009882571,"['D6', 'R27', 'R36', 'R4', 'R22', 'R16', 'R18', 'R21', 'R37', 'R33', 'R9', 'R31', 'R15', 'R32', 'R35', 'R38', 'R30', 'R34']"
2216604.251227742,73.25034635916064,6.493056479721389,"['D6', 'R27', 'R36', 'R4', 'R22', 'R38', 'R35', 'R30', 'R15', 'R32', 'R21', 'R16', 'R18', 'R31', 'R33', 'R37', 'R9', 'R34']"
2216377.721119487,70.73781188428713,6.266606352628024,"['D6', 'R35', 'R30', 'R36', 'R27', 'R4', 'R22', 'R38', 'R32', 'R15', 'R16', 'R18', 'R21', 'R31', 'R9', 'R33', 'R37', 'R34']"
2216734.8608548893,74.69898907375014,6.592388695691237,"['D6', 'R36', 'R27', 'R4', 'R35', 'R30', 'R38', 'R22', 'R15', 'R18', 'R16', 'R31', 'R21', 'R37', 'R33', 'R9', 'R32', 'R34']"
