total_cost,total_distance,total_fuel_consumed,route
2215160.346016176,57.23542608890837,5.162360465786291,"['D6', 'R30', 'R35', 'R38', 'R22', 'R27', 'R36', 'R4', 'R32', 'R15', 'R31', 'R16', 'R18', 'R21', 'R9', 'R37', 'R33', 'R34']"
2215279.7699021944,58.560003351753664,5.253650842681224,"['D6', 'R30', 'R35', 'R38', 'R27', 'R36', 'R4', 'R32', 'R15', 'R31', 'R16', 'R18', 'R21', 'R9', 'R37', 'R33', 'R22', 'R34']"
2215958.6340537705,66.08955250410926,5.923875800187431,"['D6', 'R30', 'R35', 'R38', 'R22', 'R4', 'R36', 'R27', 'R32', 'R15', 'R21', 'R16', 'R18', 'R31', 'R37', 'R33', 'R9', 'R34']"
2215928.5947725084,65.75637502781852,5.816575710185464,"['D6', 'R27', 'R36', 'R4', 'R32', 'R15', 'R31', 'R16', 'R18', 'R21', 'R9', 'R37', 'R33', 'R30', 'R38', 'R35', 'R22', 'R34']"
2215594.2392347334,62.04790633023042,5.529118886131847,"['D6', 'R30', 'R27', 'R36', 'R38', 'R35', 'R22', 'R4', 'R32', 'R15', 'R31', 'R18', 'R16', 'R21', 'R9', 'R37', 'R33', 'R34']"
