total_cost,total_distance,total_fuel_consumed,route
2216694.571471461,74.25212368523837,6.397072649159753,"['D6', 'R4', 'R27', 'R36', 'R22', 'R38', 'R30', 'R35', 'R15', 'R32', 'R33', 'R37', 'R9', 'R21', 'R16', 'R18', 'R31', 'R34']"
2216128.711923702,67.97595301355688,5.97809073049301,"['D6', 'R36', 'R27', 'R22', 'R4', 'R15', 'R32', 'R31', 'R18', 'R16', 'R21', 'R33', 'R37', 'R9', 'R38', 'R35', 'R30', 'R34']"
2216956.7441369668,77.15998377292439,6.858394702520277,"['D6', 'R30', 'R38', 'R35', 'R27', 'R36', 'R22', 'R32', 'R4', 'R31', 'R18', 'R16', 'R21', 'R15', 'R9', 'R33', 'R37', 'R34']"
2215747.3843900356,63.74649944582508,5.676377489913737,"['D6', 'R36', 'R27', 'R22', 'R38', 'R35', 'R30', 'R4', 'R15', 'R32', 'R31', 'R18', 'R16', 'R21', 'R9', 'R33', 'R37', 'R34']"
2216251.175032602,69.33423949204045,6.2133898161539385,"['D6', 'R30', 'R36', 'R27', 'R38', 'R22', 'R4', 'R32', 'R15', 'R16', 'R18', 'R31', 'R21', 'R37', 'R33', 'R9', 'R35', 'R34']"
