total_cost,total_distance,total_fuel_consumed,route
2216744.318322019,74.80388555922113,6.534501480419745,"['D6', 'R35', 'R30', 'R32', 'R4', 'R27', 'R36', 'R38', 'R22', 'R31', 'R15', 'R18', 'R16', 'R21', 'R9', 'R37', 'R33', 'R34']"
2216613.8345691087,73.35663896526705,6.366473880880731,"['D6', 'R27', 'R30', 'R36', 'R35', 'R22', 'R38', 'R4', 'R32', 'R18', 'R16', 'R9', 'R37', 'R33', 'R21', 'R31', 'R15', 'R34']"
2216577.8951827087,72.95802110369063,6.429269548443204,"['D6', 'R35', 'R30', 'R36', 'R27', 'R22', 'R4', 'R31', 'R15', 'R32', 'R18', 'R16', 'R21', 'R37', 'R33', 'R9', 'R38', 'R34']"
2216463.596117401,71.69028524180219,6.253633949438592,"['D6', 'R32', 'R4', 'R36', 'R27', 'R38', 'R22', 'R15', 'R18', 'R31', 'R16', 'R21', 'R9', 'R37', 'R33', 'R30', 'R35', 'R34']"
2218699.508578887,96.48966924232082,8.47175625723481,"['D6', 'R27', 'R22', 'R18', 'R16', 'R15', 'R32', 'R4', 'R36', 'R38', 'R30', 'R35', 'R33', 'R37', 'R21', 'R31', 'R9', 'R34']"
