total_cost,total_distance,total_fuel_consumed,route
2217032.667039681,78.00207453062309,6.2936467972247305,"['D6', 'R27', 'R36', 'R22', 'R38', 'R32', 'R15', 'R34', 'R30', 'R35', 'R4', 'R18', 'R31', 'R16', 'R21', 'R9', 'R37', 'R33']"
2216119.502615306,67.87380895415048,5.5481709429406,"['D6', 'R27', 'R4', 'R36', 'R30', 'R35', 'R38', 'R22', 'R34', 'R18', 'R15', 'R32', 'R31', 'R16', 'R21', 'R9', 'R33', 'R37']"
2216348.655523413,70.41543393315439,6.159407145904893,"['D6', 'R36', 'R27', 'R22', 'R4', 'R32', 'R18', 'R15', 'R16', 'R31', 'R21', 'R37', 'R33', 'R9', 'R38', 'R30', 'R35', 'R34']"
2216661.7963221,73.8886016204532,6.475224388659042,"['D6', 'R18', 'R15', 'R32', 'R4', 'R36', 'R27', 'R30', 'R35', 'R38', 'R22', 'R31', 'R16', 'R21', 'R37', 'R33', 'R9', 'R34']"
2216482.7760513364,71.90301742830829,6.441623111158578,"['D6', 'R30', 'R35', 'R38', 'R22', 'R27', 'R4', 'R36', 'R32', 'R31', 'R16', 'R21', 'R18', 'R15', 'R9', 'R37', 'R33', 'R34']"
