total_cost,total_distance,total_fuel_consumed,route
2216826.019272803,75.7100629192894,6.705037725371888,"['D6', 'R38', 'R30', 'R27', 'R36', 'R22', 'R4', 'R18', 'R15', 'R32', 'R31', 'R21', 'R16', 'R33', 'R37', 'R9', 'R35', 'R34']"
2215691.7671839534,63.12962715121175,5.555420384611865,"['D6', 'R27', 'R36', 'R4', 'R32', 'R15', 'R18', 'R31', 'R21', 'R16', 'R33', 'R37', 'R9', 'R22', 'R38', 'R35', 'R30', 'R34']"
2216161.8565333835,68.34357290798012,6.107601162401567,"['D6', 'R35', 'R30', 'R36', 'R27', 'R38', 'R22', 'R4', 'R15', 'R18', 'R31', 'R21', 'R16', 'R9', 'R33', 'R37', 'R32', 'R34']"
2217149.7870339546,79.30109842452086,6.927299504761846,"['D6', 'R36', 'R27', 'R32', 'R30', 'R22', 'R38', 'R35', 'R4', 'R15', 'R31', 'R18', 'R21', 'R16', 'R33', 'R37', 'R9', 'R34']"
2216577.3461603983,72.95193168143827,6.425402025299564,"['D6', 'R38', 'R35', 'R27', 'R36', 'R30', 'R22', 'R32', 'R15', 'R31', 'R18', 'R16', 'R21', 'R33', 'R37', 'R9', 'R4', 'R34']"
