total_cost,total_distance,total_fuel_consumed,route
2216745.281727951,74.81457107310412,6.647562006648641,"['D4', 'R37', 'R33', 'R9', 'R18', 'R16', 'R21', 'R31', 'R32', 'R30', 'R22', 'R27', 'R36', 'R4', 'R35', 'R38', 'R15', 'R34']"
2216695.6007103953,74.2635393788319,6.462119724373562,"['D4', 'R37', 'R33', 'R18', 'R16', 'R21', 'R9', 'R31', 'R4', 'R32', 'R27', 'R36', 'R35', 'R30', 'R22', 'R15', 'R38', 'R34']"
2216300.405578155,69.88027482425818,6.032987717310887,"['D4', 'R37', 'R33', 'R21', 'R18', 'R16', 'R31', 'R9', 'R32', 'R15', 'R27', 'R36', 'R30', 'R38', 'R22', 'R4', 'R35', 'R34']"
2217153.0277110524,79.33704204805679,6.910062291080143,"['D4', 'R16', 'R18', 'R21', 'R9', 'R37', 'R33', 'R31', 'R32', 'R27', 'R36', 'R4', 'R22', 'R35', 'R38', 'R15', 'R30', 'R34']"
2216897.4630961474,76.50247444706227,6.655671226051578,"['D4', 'R9', 'R37', 'R33', 'R16', 'R21', 'R18', 'R32', 'R27', 'R36', 'R4', 'R38', 'R30', 'R35', 'R15', 'R31', 'R22', 'R34']"
