total_cost,total_distance,total_fuel_consumed,route
2216764.9777902714,75.03302784240613,6.622573226394948,"['D4', 'R33', 'R37', 'R21', 'R16', 'R18', 'R9', 'R31', 'R15', 'R4', 'R36', 'R27', 'R30', 'R38', 'R22', 'R34', 'R35', 'R32']"
2215629.994961536,62.444487151022,5.519857410600775,"['D4', 'R33', 'R37', 'R9', 'R16', 'R18', 'R21', 'R31', 'R4', 'R36', 'R27', 'R30', 'R35', 'R38', 'R22', 'R32', 'R15', 'R34']"
2217523.516876962,83.4462830186583,7.413867332517281,"['D4', 'R9', 'R33', 'R37', 'R18', 'R16', 'R21', 'R15', 'R4', 'R36', 'R27', 'R22', 'R32', 'R38', 'R30', 'R35', 'R31', 'R34']"
2214467.4705576203,49.55047202329702,4.35320871169106,"['D4', 'R33', 'R37', 'R9', 'R21', 'R16', 'R18', 'R31', 'R15', 'R32', 'R4', 'R36', 'R27', 'R38', 'R35', 'R30', 'R22', 'R34']"
2215313.233758802,58.93116413932722,5.110724056506605,"['D4', 'R37', 'R33', 'R9', 'R18', 'R16', 'R21', 'R31', 'R4', 'R36', 'R27', 'R32', 'R15', 'R22', 'R38', 'R30', 'R35', 'R34']"
