total_cost,total_distance,total_fuel_consumed,route
2218401.114097751,93.18005875943834,7.989822172557424,"['D4', 'R18', 'R21', 'R16', 'R15', 'R31', 'R27', 'R36', 'R30', 'R32', 'R4', 'R22', 'R35', 'R38', 'R34', 'R37', 'R33', 'R9']"
2219131.1345893727,101.27700298772203,9.01992994376992,"['D4', 'R33', 'R37', 'R16', 'R18', 'R21', 'R9', 'R4', 'R38', 'R36', 'R27', 'R22', 'R30', 'R35', 'R32', 'R31', 'R34', 'R15']"
2219099.9542599143,100.93116969736614,8.802327275524092,"['D4', 'R18', 'R21', 'R16', 'R31', 'R36', 'R32', 'R4', 'R15', 'R38', 'R27', 'R22', 'R35', 'R30', 'R33', 'R37', 'R9', 'R34']"
2216986.6247206917,77.49140107244601,6.687773983696319,"['D4', 'R33', 'R37', 'R21', 'R16', 'R18', 'R9', 'R15', 'R31', 'R36', 'R27', 'R38', 'R4', 'R32', 'R30', 'R22', 'R35', 'R34']"
2217835.036251562,86.9014668540593,7.527902828315884,"['D4', 'R18', 'R21', 'R16', 'R31', 'R32', 'R30', 'R36', 'R27', 'R38', 'R4', 'R15', 'R37', 'R33', 'R9', 'R22', 'R35', 'R34']"
