total_cost,total_distance,total_fuel_consumed,route
2216086.0213130927,67.50245467050833,5.917097364933288,"['D4', 'R9', 'R37', 'R33', 'R18', 'R16', 'R21', 'R31', 'R32', 'R15', 'R36', 'R27', 'R22', 'R30', 'R38', 'R35', 'R4', 'R34']"
2214263.877029015,47.29233616920452,4.131106682421533,"['D4', 'R33', 'R37', 'R9', 'R21', 'R16', 'R18', 'R31', 'R15', 'R32', 'R4', 'R27', 'R36', 'R30', 'R35', 'R38', 'R22', 'R34']"
2217128.4699933114,79.06466274746552,7.084770146823288,"['D4', 'R21', 'R16', 'R18', 'R31', 'R15', 'R32', 'R4', 'R27', 'R36', 'R22', 'R38', 'R35', 'R30', 'R37', 'R33', 'R9', 'R34']"
2214885.17882783,54.18343864052462,4.7618533656231765,"['D4', 'R37', 'R33', 'R9', 'R21', 'R18', 'R16', 'R31', 'R15', 'R32', 'R27', 'R36', 'R4', 'R38', 'R30', 'R35', 'R22', 'R34']"
2215585.3278694353,61.94906687483815,5.34746967591832,"['D4', 'R9', 'R37', 'R33', 'R21', 'R16', 'R18', 'R31', 'R27', 'R36', 'R4', 'R15', 'R32', 'R22', 'R38', 'R35', 'R30', 'R34']"
