total_cost,total_distance,total_fuel_consumed,route
2216630.5860201027,73.54243589289146,6.347374230953106,"['D4', 'R37', 'R33', 'R36', 'R27', 'R30', 'R35', 'R38', 'R22', 'R4', 'R32', 'R15', 'R31', 'R18', 'R16', 'R21', 'R9', 'R34']"
2215212.8014850216,57.81723031301796,4.987693159565227,"['D4', 'R33', 'R37', 'R9', 'R31', 'R16', 'R18', 'R21', 'R32', 'R15', 'R4', 'R36', 'R27', 'R22', 'R38', 'R35', 'R30', 'R34']"
2214595.608174813,50.9716967037847,4.481257859828929,"['D4', 'R37', 'R33', 'R9', 'R21', 'R18', 'R16', 'R31', 'R15', 'R32', 'R36', 'R27', 'R4', 'R22', 'R38', 'R35', 'R30', 'R34']"
2214858.0870160325,53.88295270666417,4.682575730145912,"['D4', 'R9', 'R33', 'R37', 'R21', 'R16', 'R18', 'R31', 'R15', 'R32', 'R36', 'R27', 'R4', 'R22', 'R38', 'R35', 'R30', 'R34']"
2215802.6081634103,64.35900802363001,5.673280341122918,"['D4', 'R33', 'R37', 'R9', 'R18', 'R16', 'R21', 'R31', 'R32', 'R15', 'R22', 'R36', 'R27', 'R38', 'R30', 'R35', 'R4', 'R34']"
