total_cost,total_distance,total_fuel_consumed,route
2217155.877538125,79.36865060032245,6.961629366564884,"['D5', 'R22', 'R27', 'R36', 'R4', 'R32', 'R15', 'R31', 'R21', 'R16', 'R18', 'R30', 'R35', 'R38', 'R34', 'R9', 'R33', 'R37']"
2216087.6688667904,67.5207283361898,5.954492202035168,"['D5', 'R38', 'R35', 'R30', 'R36', 'R27', 'R4', 'R32', 'R15', 'R31', 'R18', 'R21', 'R16', 'R9', 'R37', 'R33', 'R22', 'R34']"
2216008.916232428,66.64725191247307,5.815098198139934,"['D5', 'R38', 'R22', 'R36', 'R27', 'R4', 'R32', 'R15', 'R18', 'R31', 'R37', 'R33', 'R9', 'R21', 'R16', 'R30', 'R35', 'R34']"
2215976.098017932,66.28325219534008,5.751363219003863,"['D5', 'R4', 'R36', 'R27', 'R32', 'R15', 'R18', 'R16', 'R31', 'R21', 'R33', 'R37', 'R9', 'R22', 'R30', 'R35', 'R38', 'R34']"
2215662.0169167463,62.799655243418215,5.431724198876273,"['D5', 'R36', 'R27', 'R4', 'R32', 'R15', 'R31', 'R16', 'R21', 'R33', 'R37', 'R9', 'R18', 'R22', 'R30', 'R35', 'R38', 'R34']"
