total_cost,total_distance,total_fuel_consumed,route
2216019.8856236017,66.76891774181291,5.966967044847084,"['D5', 'R4', 'R36', 'R27', 'R30', 'R35', 'R38', 'R22', 'R15', 'R18', 'R31', 'R16', 'R21', 'R37', 'R33', 'R9', 'R32', 'R34']"
2216011.267098163,66.67332628841054,5.965242249168497,"['D5', 'R4', 'R27', 'R36', 'R30', 'R35', 'R38', 'R22', 'R15', 'R18', 'R31', 'R16', 'R21', 'R9', 'R33', 'R37', 'R32', 'R34']"
2216058.4288184876,67.19641546681076,5.928339424690762,"['D5', 'R4', 'R27', 'R36', 'R30', 'R22', 'R38', 'R35', 'R32', 'R15', 'R18', 'R31', 'R16', 'R21', 'R9', 'R37', 'R33', 'R34']"
2216332.6178078894,70.23755332619481,6.135018509579646,"['D5', 'R15', 'R18', 'R16', 'R21', 'R9', 'R33', 'R37', 'R31', 'R4', 'R36', 'R27', 'R22', 'R38', 'R35', 'R30', 'R32', 'R34']"
2216228.362085008,69.08121212298524,6.094943190179862,"['D5', 'R15', 'R32', 'R4', 'R27', 'R36', 'R22', 'R38', 'R35', 'R30', 'R18', 'R31', 'R16', 'R21', 'R9', 'R37', 'R33', 'R34']"
