total_cost,total_distance,total_fuel_consumed,route
2216666.2629499934,73.93814274615434,6.387585048026493,"['D5', 'R36', 'R27', 'R30', 'R4', 'R32', 'R18', 'R15', 'R16', 'R33', 'R37', 'R9', 'R21', 'R31', 'R38', 'R22', 'R35', 'R34']"
2217605.300295178,84.35337505743144,7.1354503859880305,"['D5', 'R4', 'R32', 'R9', 'R16', 'R31', 'R18', 'R15', 'R21', 'R33', 'R37', 'R36', 'R22', 'R38', 'R35', 'R27', 'R30', 'R34']"
2217273.137093042,80.66922241616793,6.891881992891287,"['D5', 'R22', 'R35', 'R32', 'R15', 'R27', 'R36', 'R30', 'R4', 'R31', 'R16', 'R21', 'R9', 'R33', 'R37', 'R18', 'R38', 'R34']"
2217520.0040783477,83.4073211884174,7.344402546433743,"['D5', 'R22', 'R38', 'R27', 'R36', 'R32', 'R18', 'R15', 'R4', 'R30', 'R35', 'R21', 'R16', 'R31', 'R9', 'R33', 'R37', 'R34']"
2216059.16885545,67.20462350765688,5.813459647780276,"['D5', 'R30', 'R27', 'R36', 'R4', 'R15', 'R32', 'R18', 'R31', 'R16', 'R21', 'R9', 'R33', 'R37', 'R22', 'R38', 'R35', 'R34']"
