total_cost,total_distance,total_fuel_consumed,route
2217494.595879176,83.12550886398093,7.358751740498503,"['D5', 'R18', 'R15', 'R32', 'R4', 'R36', 'R27', 'R22', 'R38', 'R30', 'R16', 'R21', 'R31', 'R9', 'R33', 'R37', 'R35', 'R34']"
2217344.7335744146,81.46332713415056,7.100332553095093,"['D5', 'R32', 'R4', 'R18', 'R15', 'R36', 'R27', 'R35', 'R30', 'R38', 'R22', 'R21', 'R16', 'R31', 'R9', 'R33', 'R37', 'R34']"
2217705.7567579276,85.46757717311077,7.445300339488489,"['D5', 'R27', 'R22', 'R36', 'R4', 'R35', 'R30', 'R38', 'R18', 'R15', 'R21', 'R31', 'R16', 'R9', 'R37', 'R33', 'R32', 'R34']"
2216624.13788675,73.47091711125375,6.477864135925276,"['D5', 'R22', 'R27', 'R4', 'R36', 'R30', 'R38', 'R35', 'R15', 'R18', 'R31', 'R16', 'R21', 'R37', 'R33', 'R9', 'R32', 'R34']"
2217798.7326674634,86.49880953264942,7.648136521613565,"['D5', 'R27', 'R36', 'R31', 'R21', 'R16', 'R18', 'R15', 'R32', 'R4', 'R22', 'R35', 'R30', 'R38', 'R9', 'R37', 'R33', 'R34']"
