total_cost,total_distance,total_fuel_consumed,route
2216701.7753188424,74.33202438822622,6.37515925241773,"['D5', 'R22', 'R27', 'R36', 'R4', 'R15', 'R32', 'R9', 'R21', 'R16', 'R33', 'R37', 'R31', 'R18', 'R35', 'R30', 'R38', 'R34']"
2217102.5884252232,78.77760010229883,6.616261297925095,"['D5', 'R27', 'R36', 'R4', 'R18', 'R15', 'R32', 'R22', 'R38', 'R35', 'R30', 'R34', 'R33', 'R37', 'R9', 'R21', 'R16', 'R31']"
2216416.9167944877,71.17254652271212,6.283808872869906,"['D5', 'R22', 'R36', 'R27', 'R38', 'R30', 'R35', 'R4', 'R15', 'R32', 'R18', 'R16', 'R31', 'R21', 'R9', 'R37', 'R33', 'R34']"
2216684.63412418,74.14190466037994,6.540945733608989,"['D5', 'R4', 'R36', 'R27', 'R22', 'R35', 'R30', 'R38', 'R15', 'R32', 'R18', 'R16', 'R31', 'R21', 'R33', 'R37', 'R9', 'R34']"
2217586.210209249,84.14163941048253,7.269293362443156,"['D5', 'R32', 'R4', 'R22', 'R27', 'R36', 'R38', 'R30', 'R35', 'R33', 'R37', 'R9', 'R31', 'R18', 'R21', 'R16', 'R15', 'R34']"
