Cluster,Warehouse Cost,Distribution Cost,Outlet Cost,Total Cost
Cluster1,0.0,inf,inf,inf
Cluster2,132367.92783569248,262352.59116045944,2215269.726857416,2609990.245853568
