total_cost,total_distance,total_fuel_consumed,route
2479973.692789463,110.6221471768321,10.159621660465117,"['D1', 'R20', 'R13', 'R28', 'R7', 'R1', 'R26', 'R14', 'R17', 'R2', 'R11', 'R5', 'R3', 'R12', 'R10', 'R23', 'R70', 'R6', 'R24', 'R8']"
2481525.754770232,127.83667668846729,11.538264140398717,"['D1', 'R13', 'R1', 'R7', 'R6', 'R20', 'R23', 'R11', 'R17', 'R14', 'R2', 'R26', 'R5', 'R10', 'R12', 'R3', 'R28', 'R24', 'R8', 'R70']"
2480147.847807541,112.55376893901149,10.35513891087984,"['D1', 'R20', 'R13', 'R28', 'R1', 'R7', 'R11', 'R5', 'R26', 'R14', 'R17', 'R2', 'R3', 'R12', 'R10', 'R6', 'R23', 'R70', 'R8', 'R24']"
2480873.0993103934,120.59781843826502,10.96656403979985,"['D1', 'R13', 'R7', 'R6', 'R20', 'R23', 'R10', 'R12', 'R3', 'R26', 'R5', 'R11', 'R2', 'R17', 'R14', 'R28', 'R1', 'R70', 'R8', 'R24']"
2480941.586043692,121.3574317179772,11.233867154703576,"['D1', 'R20', 'R13', 'R6', 'R7', 'R1', 'R3', 'R12', 'R10', 'R11', 'R17', 'R14', 'R2', 'R26', 'R5', 'R23', 'R70', 'R28', 'R8', 'R24']"
