total_cost,total_distance,total_fuel_consumed,route
2480386.6028887825,115.20189539465736,10.612958599805994,"['D1', 'R20', 'R13', 'R28', 'R7', 'R5', 'R26', 'R11', 'R2', 'R17', 'R14', 'R12', 'R3', 'R1', 'R6', 'R23', 'R10', 'R70', 'R24', 'R8']"
2481916.0116762603,132.1651694350107,12.105507968359504,"['D1', 'R6', 'R13', 'R7', 'R1', 'R10', 'R3', 'R12', 'R11', 'R5', 'R17', 'R14', 'R2', 'R70', 'R26', 'R28', 'R20', 'R23', 'R8', 'R24']"
2482196.735809604,135.27879114467785,12.278506204089682,"['D1', 'R20', 'R7', 'R13', 'R1', 'R26', 'R11', 'R14', 'R17', 'R2', 'R5', 'R3', 'R12', 'R10', 'R6', 'R28', 'R23', 'R70', 'R24', 'R8']"
2483002.595913182,144.21690232012776,13.233167902747763,"['D1', 'R20', 'R6', 'R13', 'R1', 'R3', 'R12', 'R10', 'R7', 'R11', 'R2', 'R14', 'R17', 'R26', 'R5', 'R24', 'R28', 'R23', 'R8', 'R70']"
2482175.7533522015,135.0460664618683,12.51343107494942,"['D1', 'R6', 'R1', 'R7', 'R14', 'R17', 'R2', 'R11', 'R5', 'R26', 'R10', 'R12', 'R3', 'R23', 'R13', 'R28', 'R20', 'R70', 'R24', 'R8']"
