total_cost,total_distance,total_fuel_consumed,route
2480150.7816203935,112.58630901057879,10.48639563506478,"['D1', 'R13', 'R6', 'R28', 'R1', 'R7', 'R5', 'R26', 'R11', 'R17', 'R14', 'R2', 'R12', 'R3', 'R10', 'R23', 'R20', 'R70', 'R8', 'R24']"
2480068.0237772292,111.66840924167786,10.396141001494986,"['D1', 'R13', 'R6', 'R7', 'R1', 'R11', 'R26', 'R5', 'R17', 'R14', 'R2', 'R12', 'R3', 'R10', 'R23', 'R20', 'R28', 'R24', 'R8', 'R70']"
2479868.790052714,109.45862968848442,10.091002361946384,"['D1', 'R13', 'R20', 'R6', 'R1', 'R7', 'R28', 'R26', 'R5', 'R11', 'R17', 'R14', 'R2', 'R12', 'R3', 'R10', 'R23', 'R70', 'R24', 'R8']"
2481845.9708648464,131.3883192640473,12.244910798809844,"['D1', 'R13', 'R6', 'R7', 'R1', 'R28', 'R11', 'R26', 'R5', 'R17', 'R14', 'R2', 'R12', 'R3', 'R10', 'R23', 'R20', 'R8', 'R24', 'R70']"
2480457.763835999,115.99116943211558,10.736090420439329,"['D1', 'R13', 'R6', 'R1', 'R7', 'R28', 'R11', 'R26', 'R5', 'R14', 'R17', 'R2', 'R12', 'R3', 'R10', 'R23', 'R20', 'R24', 'R8', 'R70']"
