total_cost,total_distance,total_fuel_consumed,route
2480784.1160208015,119.61086979593722,10.904428955311152,"['D1', 'R13', 'R20', 'R7', 'R1', 'R28', 'R6', 'R12', 'R3', 'R10', 'R17', 'R14', 'R2', 'R11', 'R5', 'R26', 'R70', 'R23', 'R24', 'R8']"
2482928.337481149,143.39327286101746,13.334114845630413,"['D1', 'R13', 'R6', 'R11', 'R14', 'R17', 'R2', 'R26', 'R5', 'R7', 'R1', 'R10', 'R3', 'R12', 'R23', 'R28', 'R20', 'R8', 'R24', 'R70']"
2481149.591253829,123.66449926607767,11.106233787083767,"['D1', 'R6', 'R13', 'R20', 'R1', 'R7', 'R2', 'R17', 'R14', 'R11', 'R5', 'R26', 'R28', 'R70', 'R10', 'R3', 'R12', 'R23', 'R24', 'R8']"
2481726.525888691,130.06350808220157,12.110347463102443,"['D1', 'R13', 'R20', 'R6', 'R7', 'R1', 'R12', 'R10', 'R3', 'R2', 'R14', 'R17', 'R11', 'R5', 'R26', 'R28', 'R24', 'R70', 'R23', 'R8']"
2479770.191589322,108.36503537402234,9.8938086022869,"['D1', 'R13', 'R6', 'R28', 'R26', 'R11', 'R14', 'R17', 'R2', 'R5', 'R7', 'R1', 'R12', 'R3', 'R10', 'R70', 'R23', 'R20', 'R24', 'R8']"
