total_cost,total_distance,total_fuel_consumed,route
2481169.890923478,123.88965088152466,11.211193908424208,"['D1', 'R28', 'R6', 'R13', 'R20', 'R1', 'R26', 'R2', 'R17', 'R14', 'R5', 'R11', 'R3', 'R12', 'R10', 'R7', 'R23', 'R70', 'R8', 'R24']"
2480095.0477767824,111.96814304328875,10.194031786136954,"['D1', 'R6', 'R13', 'R20', 'R28', 'R7', 'R1', 'R11', 'R26', 'R17', 'R14', 'R2', 'R10', 'R12', 'R3', 'R23', 'R70', 'R5', 'R8', 'R24']"
2480888.180240912,120.76508696664162,11.088995828477588,"['D1', 'R20', 'R13', 'R28', 'R7', 'R6', 'R1', 'R11', 'R26', 'R17', 'R14', 'R2', 'R10', 'R3', 'R12', 'R5', 'R70', 'R23', 'R24', 'R8']"
2483941.5672763633,154.63140279905735,14.230712200098672,"['D1', 'R1', 'R7', 'R6', 'R13', 'R20', 'R5', 'R11', 'R14', 'R17', 'R2', 'R26', 'R12', 'R3', 'R10', 'R28', 'R23', 'R24', 'R70', 'R8']"
2480805.183499859,119.84453748734572,10.939839142793451,"['D1', 'R6', 'R1', 'R7', 'R28', 'R13', 'R20', 'R5', 'R26', 'R11', 'R14', 'R17', 'R2', 'R10', 'R3', 'R12', 'R23', 'R70', 'R24', 'R8']"
