total_cost,total_distance,total_fuel_consumed,route
2217395.323268965,82.02443732215373,7.2624827045816644,"['D5', 'R27', 'R36', 'R4', 'R22', 'R30', 'R35', 'R38', 'R15', 'R18', 'R31', 'R21', 'R16', 'R32', 'R9', 'R33', 'R37', 'R34']"
2216531.8880517203,72.44773792946529,6.321323111229223,"['D5', 'R27', 'R36', 'R30', 'R38', 'R22', 'R32', 'R4', 'R18', 'R16', 'R21', 'R33', 'R37', 'R9', 'R31', 'R15', 'R35', 'R34']"
2216380.30132271,70.76642993245383,6.16352178520571,"['D5', 'R22', 'R27', 'R36', 'R35', 'R38', 'R30', 'R32', 'R4', 'R15', 'R18', 'R33', 'R37', 'R9', 'R21', 'R16', 'R31', 'R34']"
2218183.0951558226,90.76192497584877,7.806057989624672,"['D5', 'R18', 'R16', 'R15', 'R31', 'R21', 'R33', 'R37', 'R9', 'R35', 'R38', 'R27', 'R36', 'R22', 'R4', 'R30', 'R32', 'R34']"
2216321.4562348826,70.11375593259446,6.110768445656436,"['D5', 'R4', 'R36', 'R27', 'R32', 'R15', 'R18', 'R16', 'R31', 'R21', 'R33', 'R37', 'R9', 'R38', 'R22', 'R30', 'R35', 'R34']"
