total_cost,total_distance,total_fuel_consumed,route
2216253.605495979,69.36119671671867,6.114540032362276,"['D5', 'R22', 'R27', 'R36', 'R4', 'R32', 'R15', 'R18', 'R16', 'R21', 'R31', 'R9', 'R33', 'R37', 'R30', 'R38', 'R35', 'R34']"
2215561.6157627814,61.686066579208656,5.368908171633579,"['D5', 'R4', 'R32', 'R15', 'R18', 'R31', 'R16', 'R21', 'R9', 'R33', 'R37', 'R36', 'R27', 'R22', 'R38', 'R35', 'R30', 'R34']"
2215752.858470418,63.807214623098545,5.66151195486127,"['D5', 'R22', 'R27', 'R36', 'R4', 'R32', 'R15', 'R18', 'R31', 'R16', 'R21', 'R9', 'R33', 'R37', 'R38', 'R35', 'R30', 'R34']"
2216459.1046842537,71.64046899128256,6.3579743034100895,"['D5', 'R4', 'R22', 'R36', 'R27', 'R30', 'R35', 'R38', 'R32', 'R15', 'R18', 'R16', 'R21', 'R31', 'R37', 'R33', 'R9', 'R34']"
2216434.978524158,71.37287626616755,6.2844291394442555,"['D5', 'R15', 'R18', 'R32', 'R4', 'R36', 'R27', 'R35', 'R30', 'R38', 'R22', 'R31', 'R16', 'R21', 'R9', 'R33', 'R37', 'R34']"
