total_cost,total_distance,total_fuel_consumed,route
2216764.8520909343,75.03163366165111,6.620194932458439,"['D5', 'R22', 'R4', 'R36', 'R27', 'R38', 'R30', 'R35', 'R32', 'R18', 'R15', 'R21', 'R16', 'R31', 'R9', 'R37', 'R33', 'R34']"
2217042.9961772985,78.11663905610901,6.81744765090694,"['D5', 'R36', 'R27', 'R4', 'R32', 'R38', 'R30', 'R35', 'R22', 'R18', 'R15', 'R16', 'R31', 'R21', 'R9', 'R37', 'R33', 'R34']"
2216741.6686808434,74.77449734742301,6.460471067945637,"['D5', 'R36', 'R27', 'R4', 'R15', 'R32', 'R31', 'R18', 'R21', 'R16', 'R37', 'R33', 'R9', 'R38', 'R22', 'R30', 'R35', 'R34']"
2216579.4217186947,72.97495251436622,6.484638841372902,"['D5', 'R22', 'R27', 'R36', 'R30', 'R35', 'R38', 'R4', 'R32', 'R16', 'R31', 'R18', 'R15', 'R21', 'R37', 'R33', 'R9', 'R34']"
2216301.232553519,69.88944713308685,6.223208882710107,"['D5', 'R4', 'R27', 'R36', 'R30', 'R35', 'R38', 'R22', 'R18', 'R15', 'R32', 'R31', 'R21', 'R16', 'R33', 'R37', 'R9', 'R34']"
