total_cost,total_distance,total_fuel_consumed,route
2217000.649366556,77.64695393252121,6.781069230830646,"['D5', 'R4', 'R27', 'R36', 'R15', 'R32', 'R22', 'R35', 'R30', 'R38', 'R18', 'R31', 'R16', 'R33', 'R37', 'R9', 'R21', 'R34']"
2215950.49764253,65.99930836878865,5.744943415326108,"['D5', 'R27', 'R36', 'R4', 'R15', 'R32', 'R18', 'R31', 'R16', 'R21', 'R33', 'R37', 'R9', 'R22', 'R38', 'R35', 'R30', 'R34']"
2216055.385738312,67.16266346840543,5.926335268133061,"['D5', 'R36', 'R27', 'R38', 'R30', 'R35', 'R22', 'R4', 'R32', 'R15', 'R31', 'R16', 'R21', 'R9', 'R37', 'R33', 'R18', 'R34']"
2215606.3723690836,62.18247969258384,5.354729480739279,"['D5', 'R32', 'R15', 'R18', 'R31', 'R16', 'R9', 'R37', 'R33', 'R21', 'R4', 'R27', 'R36', 'R22', 'R38', 'R35', 'R30', 'R34']"
2216198.4927518796,68.749919608252,6.080295885849441,"['D5', 'R4', 'R22', 'R38', 'R30', 'R35', 'R36', 'R27', 'R32', 'R15', 'R31', 'R18', 'R21', 'R16', 'R9', 'R37', 'R33', 'R34']"
