total_cost,total_distance,total_fuel_consumed,route
2216975.9594574296,77.37310844531915,6.802245314807298,"['D5', 'R31', 'R18', 'R15', 'R4', 'R22', 'R27', 'R36', 'R38', 'R35', 'R30', 'R32', 'R21', 'R16', 'R9', 'R37', 'R33', 'R34']"
2216373.154363026,70.68716019328376,6.149512335729834,"['D5', 'R36', 'R27', 'R4', 'R32', 'R18', 'R15', 'R31', 'R21', 'R16', 'R9', 'R33', 'R37', 'R38', 'R35', 'R30', 'R22', 'R34']"
2216940.474647726,76.97953247256066,6.746578513041998,"['D5', 'R22', 'R38', 'R36', 'R27', 'R4', 'R35', 'R30', 'R15', 'R32', 'R31', 'R18', 'R21', 'R16', 'R9', 'R37', 'R33', 'R34']"
2216216.3725533634,68.9482315146814,6.044151524889823,"['D5', 'R38', 'R36', 'R27', 'R30', 'R35', 'R22', 'R4', 'R15', 'R32', 'R18', 'R31', 'R16', 'R21', 'R9', 'R37', 'R33', 'R34']"
2217164.523841441,79.46455014908383,6.925598171007722,"['D5', 'R22', 'R36', 'R27', 'R4', 'R32', 'R21', 'R31', 'R18', 'R15', 'R16', 'R9', 'R33', 'R37', 'R35', 'R38', 'R30', 'R34']"
