total_cost,total_distance,total_fuel_consumed,route
2481472.999516703,127.25154743459522,11.759894999821837,"['D3', 'R7', 'R28', 'R6', 'R1', 'R3', 'R12', 'R14', 'R17', 'R2', 'R5', 'R26', 'R11', 'R10', 'R13', 'R20', 'R23', 'R70', 'R24', 'R8']"
2484019.951601318,155.50079415835748,14.269777137643395,"['D3', 'R26', 'R7', 'R12', 'R3', 'R10', 'R11', 'R2', 'R14', 'R17', 'R1', 'R28', 'R6', 'R13', 'R23', 'R20', 'R5', 'R8', 'R70', 'R24']"
2483557.2159119816,150.3684107362594,13.766631572619637,"['D3', 'R28', 'R7', 'R26', 'R14', 'R17', 'R2', 'R13', 'R6', 'R1', 'R3', 'R12', 'R11', 'R5', 'R10', 'R23', 'R20', 'R24', 'R70', 'R8']"
2481392.517776861,126.35889282232647,11.585455100759079,"['D3', 'R7', 'R20', 'R10', 'R12', 'R3', 'R2', 'R17', 'R14', 'R11', 'R26', 'R5', 'R1', 'R6', 'R28', 'R13', 'R23', 'R70', 'R24', 'R8']"
2482603.9525788547,139.7953924007865,12.960283448404471,"['D3', 'R1', 'R7', 'R28', 'R11', 'R2', 'R14', 'R17', 'R26', 'R5', 'R6', 'R12', 'R10', 'R3', 'R23', 'R13', 'R20', 'R24', 'R70', 'R8']"
