total_cost,total_distance,total_fuel_consumed,route
2481453.446660651,127.03467902230402,11.643676656178002,"['D3', 'R6', 'R7', 'R1', 'R11', 'R2', 'R14', 'R17', 'R26', 'R5', 'R12', 'R3', 'R10', 'R70', 'R13', 'R28', 'R20', 'R23', 'R24', 'R8']"
2480966.5541755506,121.63436308285733,11.192964688216271,"['D3', 'R7', 'R1', 'R2', 'R17', 'R14', 'R26', 'R11', 'R5', 'R3', 'R12', 'R10', 'R70', 'R28', 'R6', 'R13', 'R20', 'R23', 'R8', 'R24']"
2481154.2301102094,123.71595064563178,11.225880131522919,"['D3', 'R7', 'R1', 'R6', 'R28', 'R20', 'R13', 'R12', 'R3', 'R10', 'R5', 'R26', 'R17', 'R14', 'R2', 'R11', 'R23', 'R70', 'R8', 'R24']"
2480801.3126989775,119.8016049132406,10.963319771723826,"['D3', 'R1', 'R7', 'R11', 'R17', 'R14', 'R2', 'R5', 'R26', 'R12', 'R3', 'R10', 'R70', 'R6', 'R13', 'R28', 'R23', 'R20', 'R24', 'R8']"
2482418.9883137494,137.74388103094333,12.629020958504357,"['D3', 'R14', 'R17', 'R2', 'R26', 'R11', 'R5', 'R10', 'R12', 'R3', 'R6', 'R13', 'R23', 'R28', 'R7', 'R1', 'R20', 'R70', 'R8', 'R24']"
