total_cost,total_distance,total_fuel_consumed,route
2481536.9624667284,127.96098565581781,11.906746026911954,"['D3', 'R7', 'R1', 'R26', 'R11', 'R17', 'R14', 'R2', 'R12', 'R3', 'R10', 'R23', 'R5', 'R28', 'R20', 'R13', 'R6', 'R70', 'R24', 'R8']"
2480841.45749087,120.24686658019226,11.250882346649576,"['D3', 'R5', 'R26', 'R11', 'R17', 'R14', 'R2', 'R3', 'R12', 'R10', 'R23', 'R1', 'R28', 'R7', 'R6', 'R13', 'R20', 'R70', 'R24', 'R8']"
2480038.875449353,111.345113679604,10.114619286451353,"['D3', 'R7', 'R1', 'R28', 'R6', 'R20', 'R13', 'R26', 'R11', 'R5', 'R14', 'R17', 'R2', 'R12', 'R3', 'R10', 'R23', 'R70', 'R8', 'R24']"
2480445.954693665,115.86018959255995,10.705067583878698,"['D3', 'R28', 'R7', 'R1', 'R17', 'R14', 'R2', 'R11', 'R26', 'R5', 'R12', 'R3', 'R10', 'R23', 'R6', 'R20', 'R13', 'R24', 'R8', 'R70']"
2480823.040727241,120.04259901553942,11.143863098958658,"['D3', 'R10', 'R3', 'R12', 'R17', 'R14', 'R2', 'R11', 'R5', 'R26', 'R1', 'R7', 'R28', 'R6', 'R13', 'R20', 'R70', 'R23', 'R24', 'R8']"
