total_cost,total_distance,total_fuel_consumed,route
2481061.6629195134,122.6892515474021,11.170908026178447,"['D3', 'R1', 'R7', 'R6', 'R28', 'R13', 'R20', 'R14', 'R17', 'R2', 'R5', 'R11', 'R26', 'R3', 'R10', 'R12', 'R70', 'R23', 'R8', 'R24']"
2482608.7264424413,139.84834119832922,12.965722898364064,"['D3', 'R1', 'R7', 'R13', 'R6', 'R28', 'R12', 'R3', 'R10', 'R17', 'R14', 'R2', 'R11', 'R26', 'R5', 'R23', 'R20', 'R24', 'R70', 'R8']"
2480376.259614008,115.08717406841714,10.577854589407634,"['D3', 'R1', 'R7', 'R5', 'R26', 'R14', 'R17', 'R2', 'R11', 'R28', 'R13', 'R6', 'R20', 'R10', 'R12', 'R3', 'R23', 'R70', 'R8', 'R24']"
2479687.236269894,107.44494531826413,9.866806839980978,"['D3', 'R1', 'R7', 'R6', 'R20', 'R13', 'R28', 'R5', 'R26', 'R11', 'R14', 'R17', 'R2', 'R10', 'R12', 'R3', 'R23', 'R70', 'R8', 'R24']"
2480359.2931797304,114.89899267669126,10.48733587464574,"['D3', 'R28', 'R13', 'R6', 'R7', 'R1', 'R26', 'R5', 'R11', 'R14', 'R17', 'R2', 'R70', 'R3', 'R12', 'R10', 'R20', 'R23', 'R24', 'R8']"
