total_cost,total_distance,total_fuel_consumed,route
2480097.6370304134,111.99686147308958,10.231009737671492,"['D3', 'R7', 'R28', 'R1', 'R6', 'R13', 'R20', 'R23', 'R10', 'R3', 'R12', 'R2', 'R17', 'R14', 'R11', 'R26', 'R5', 'R24', 'R8', 'R70']"
2479909.9208962005,109.91482804126674,9.948072281069068,"['D3', 'R1', 'R7', 'R28', 'R6', 'R13', 'R20', 'R23', 'R17', 'R14', 'R2', 'R26', 'R11', 'R5', 'R3', 'R12', 'R10', 'R70', 'R8', 'R24']"
2479422.172401446,104.50501776227021,9.371940926432154,"['D3', 'R7', 'R1', 'R11', 'R26', 'R5', 'R2', 'R17', 'R14', 'R70', 'R23', 'R10', 'R3', 'R12', 'R13', 'R20', 'R6', 'R28', 'R24', 'R8']"
2480168.2403396154,112.77995052812355,10.321076461655542,"['D3', 'R1', 'R7', 'R6', 'R13', 'R20', 'R28', 'R5', 'R11', 'R14', 'R17', 'R2', 'R26', 'R10', 'R3', 'R12', 'R23', 'R70', 'R8', 'R24']"
2480917.9604271976,121.09539071869756,11.364463167659617,"['D3', 'R7', 'R1', 'R5', 'R11', 'R26', 'R2', 'R17', 'R14', 'R3', 'R12', 'R10', 'R23', 'R6', 'R13', 'R20', 'R28', 'R70', 'R24', 'R8']"
