total_cost,total_distance,total_fuel_consumed,route
2214797.702938328,53.213209165126564,4.618903362807512,"['D4', 'R9', 'R37', 'R33', 'R21', 'R16', 'R18', 'R31', 'R15', 'R32', 'R4', 'R27', 'R36', 'R38', 'R35', 'R30', 'R22', 'R34']"
2214735.108669196,52.5189515216919,4.524928020518975,"['D4', 'R37', 'R33', 'R9', 'R31', 'R16', 'R21', 'R18', 'R15', 'R32', 'R4', 'R27', 'R36', 'R30', 'R35', 'R38', 'R22', 'R34']"
2214657.2174017793,51.65502885735592,4.51374157039268,"['D4', 'R33', 'R37', 'R9', 'R18', 'R16', 'R21', 'R31', 'R15', 'R32', 'R4', 'R36', 'R27', 'R38', 'R35', 'R30', 'R22', 'R34']"
2214424.860767983,49.07787009741355,4.314054718647402,"['D4', 'R37', 'R33', 'R9', 'R21', 'R18', 'R16', 'R31', 'R15', 'R32', 'R4', 'R36', 'R27', 'R22', 'R38', 'R35', 'R30', 'R34']"
2214484.844140124,49.74316925603327,4.352675605999362,"['D4', 'R33', 'R37', 'R9', 'R21', 'R16', 'R18', 'R31', 'R15', 'R32', 'R4', 'R27', 'R36', 'R35', 'R30', 'R38', 'R22', 'R34']"
