total_cost,total_distance,total_fuel_consumed,route
2217193.217555512,79.78280341074304,7.154973264240288,"['D4', 'R33', 'R37', 'R18', 'R21', 'R16', 'R31', 'R4', 'R27', 'R36', 'R22', 'R38', 'R30', 'R35', 'R32', 'R15', 'R9', 'R34']"
2217442.998767928,82.55322502138982,7.387523816629349,"['D4', 'R21', 'R18', 'R16', 'R31', 'R15', 'R32', 'R36', 'R27', 'R4', 'R22', 'R38', 'R30', 'R35', 'R37', 'R33', 'R9', 'R34']"
2217060.725660884,78.31328372763717,6.69068782251148,"['D4', 'R16', 'R18', 'R21', 'R33', 'R37', 'R9', 'R32', 'R15', 'R31', 'R36', 'R27', 'R4', 'R38', 'R35', 'R22', 'R30', 'R34']"
2216528.050012322,72.40516872584526,6.160792398953507,"['D4', 'R16', 'R18', 'R21', 'R31', 'R9', 'R37', 'R33', 'R15', 'R32', 'R27', 'R4', 'R36', 'R22', 'R35', 'R38', 'R30', 'R34']"
2217727.2161829937,85.70559209176675,7.514555258601631,"['D4', 'R33', 'R37', 'R21', 'R16', 'R18', 'R9', 'R32', 'R36', 'R4', 'R30', 'R27', 'R38', 'R22', 'R35', 'R15', 'R31', 'R34']"
