total_cost,total_distance,total_fuel_consumed,route
2215439.8052830626,60.33501866750778,5.177719968623318,"['D4', 'R9', 'R33', 'R37', 'R21', 'R18', 'R16', 'R31', 'R32', 'R4', 'R15', 'R22', 'R27', 'R36', 'R38', 'R30', 'R35', 'R34']"
2215293.7063108953,58.71457753876763,5.072627039482697,"['D4', 'R9', 'R33', 'R37', 'R21', 'R18', 'R16', 'R31', 'R15', 'R4', 'R32', 'R22', 'R27', 'R36', 'R38', 'R35', 'R30', 'R34']"
2217279.2336248965,80.73684144738783,7.011489387373858,"['D4', 'R21', 'R18', 'R16', 'R31', 'R9', 'R37', 'R33', 'R4', 'R36', 'R27', 'R38', 'R22', 'R30', 'R35', 'R15', 'R32', 'R34']"
2217752.546332976,85.9865387419713,7.611993691651856,"['D4', 'R9', 'R16', 'R21', 'R18', 'R15', 'R31', 'R32', 'R27', 'R36', 'R4', 'R30', 'R35', 'R38', 'R22', 'R33', 'R37', 'R34']"
2216157.8312069555,68.29892643029558,5.7533408569725255,"['D4', 'R31', 'R18', 'R16', 'R21', 'R9', 'R37', 'R33', 'R32', 'R4', 'R15', 'R36', 'R27', 'R30', 'R35', 'R38', 'R22', 'R34']"
