total_cost,total_distance,total_fuel_consumed,route
2215835.144835454,64.71988504274837,5.580923505054694,"['D4', 'R33', 'R37', 'R16', 'R18', 'R21', 'R9', 'R31', 'R32', 'R15', 'R36', 'R27', 'R22', 'R4', 'R38', 'R35', 'R30', 'R34']"
2214854.426806412,53.842355883015586,4.682721895659549,"['D4', 'R33', 'R37', 'R9', 'R21', 'R16', 'R18', 'R31', 'R32', 'R15', 'R36', 'R27', 'R4', 'R22', 'R30', 'R35', 'R38', 'R34']"
2217142.9180742516,79.22491209240856,7.1776344338165465,"['D4', 'R33', 'R37', 'R21', 'R16', 'R18', 'R31', 'R32', 'R15', 'R4', 'R27', 'R36', 'R30', 'R38', 'R35', 'R22', 'R9', 'R34']"
2216936.0263154767,76.93019427103646,6.808968664834049,"['D4', 'R9', 'R33', 'R37', 'R31', 'R18', 'R16', 'R21', 'R15', 'R4', 'R22', 'R36', 'R27', 'R30', 'R38', 'R35', 'R34', 'R32']"
2217717.612672238,85.59907577904495,7.73342341878849,"['D4', 'R33', 'R37', 'R16', 'R18', 'R21', 'R31', 'R32', 'R15', 'R36', 'R27', 'R4', 'R22', 'R38', 'R30', 'R35', 'R9', 'R34']"
