total_cost,total_distance,total_fuel_consumed,route
2217689.1425222247,85.2833021542293,7.593368660549633,"['D4', 'R37', 'R33', 'R21', 'R16', 'R18', 'R31', 'R38', 'R36', 'R4', 'R22', 'R27', 'R35', 'R30', 'R32', 'R15', 'R9', 'R34']"
2216421.184312306,71.21987924030516,6.24299696118193,"['D4', 'R37', 'R33', 'R18', 'R16', 'R21', 'R9', 'R31', 'R4', 'R36', 'R27', 'R22', 'R35', 'R38', 'R30', 'R32', 'R15', 'R34']"
2215450.9269544613,60.45837349668841,5.244211035576722,"['D4', 'R37', 'R33', 'R9', 'R18', 'R16', 'R21', 'R31', 'R36', 'R27', 'R4', 'R32', 'R15', 'R30', 'R35', 'R38', 'R22', 'R34']"
2216537.819076033,72.51352125147595,6.337208670146062,"['D4', 'R37', 'R33', 'R9', 'R16', 'R18', 'R21', 'R15', 'R22', 'R27', 'R36', 'R4', 'R32', 'R31', 'R35', 'R38', 'R30', 'R34']"
2215690.5788797443,63.1164472021285,5.452153235921212,"['D4', 'R37', 'R33', 'R16', 'R18', 'R21', 'R9', 'R31', 'R15', 'R4', 'R32', 'R36', 'R27', 'R38', 'R22', 'R35', 'R30', 'R34']"
