total_cost,total_distance,total_fuel_consumed,route
392999.40345739294,33.267562748368796,10.087190930653872,"['W4', 'D4', 'D6', 'D5']"
393152.27781681414,34.96315236040563,18.051351408805015,"['W4', 'D6', 'D5', 'D4']"
393152.27781681414,34.96315236040563,18.051351408805015,"['W4', 'D6', 'D5', 'D4']"
393152.27781681414,34.96315236040563,18.051351408805015,"['W4', 'D6', 'D5', 'D4']"
393152.27781681414,34.96315236040563,18.051351408805015,"['W4', 'D6', 'D5', 'D4']"
