total_cost,total_distance,total_fuel_consumed,route
2481797.4237564746,130.8498642022428,11.987955605972532,"['D3', 'R6', 'R7', 'R28', 'R17', 'R2', 'R14', 'R26', 'R5', 'R11', 'R10', 'R3', 'R12', 'R1', 'R20', 'R13', 'R23', 'R70', 'R24', 'R8']"
2480720.5371877453,118.90569196700885,10.955548291017037,"['D3', 'R5', 'R11', 'R26', 'R17', 'R14', 'R2', 'R1', 'R7', 'R6', 'R28', 'R13', 'R20', 'R3', 'R12', 'R10', 'R70', 'R23', 'R8', 'R24']"
2480559.5738337943,117.1203841370273,10.703712258047743,"['D3', 'R17', 'R14', 'R2', 'R5', 'R11', 'R26', 'R1', 'R7', 'R28', 'R6', 'R20', 'R13', 'R23', 'R12', 'R3', 'R10', 'R70', 'R24', 'R8']"
2480546.710957844,116.97771692373186,10.450580956337754,"['D3', 'R7', 'R1', 'R11', 'R26', 'R5', 'R28', 'R6', 'R13', 'R20', 'R70', 'R2', 'R17', 'R14', 'R12', 'R3', 'R10', 'R23', 'R24', 'R8']"
2482338.053924981,136.84620591150173,12.829183197729396,"['D3', 'R5', 'R11', 'R26', 'R2', 'R17', 'R14', 'R3', 'R12', 'R10', 'R1', 'R6', 'R7', 'R28', 'R13', 'R23', 'R20', 'R24', 'R70', 'R8']"
