total_cost,total_distance,total_fuel_consumed,route
2480869.7864695685,120.56107441846626,11.03867291683123,"['D3', 'R1', 'R7', 'R28', 'R6', 'R13', 'R20', 'R11', 'R17', 'R14', 'R2', 'R3', 'R12', 'R10', 'R23', 'R5', 'R26', 'R70', 'R8', 'R24']"
2479535.8953487366,105.76636367276632,9.698361571384803,"['D3', 'R7', 'R1', 'R5', 'R26', 'R11', 'R2', 'R14', 'R17', 'R28', 'R6', 'R13', 'R20', 'R23', 'R10', 'R12', 'R3', 'R70', 'R8', 'R24']"
2480596.7789954506,117.53304120952922,10.686459483041356,"['D3', 'R1', 'R7', 'R28', 'R13', 'R6', 'R20', 'R14', 'R17', 'R2', 'R11', 'R5', 'R26', 'R10', 'R3', 'R12', 'R23', 'R70', 'R8', 'R24']"
2479489.9096904397,105.25631866060067,9.647040792126454,"['D3', 'R1', 'R7', 'R6', 'R13', 'R20', 'R28', 'R5', 'R26', 'R11', 'R17', 'R14', 'R2', 'R12', 'R3', 'R10', 'R23', 'R70', 'R8', 'R24']"
2479732.5823033983,107.94789600042657,9.850947105584304,"['D3', 'R7', 'R1', 'R17', 'R14', 'R2', 'R26', 'R5', 'R11', 'R12', 'R3', 'R10', 'R23', 'R70', 'R6', 'R13', 'R20', 'R28', 'R24', 'R8']"
