total_cost,total_distance,total_fuel_consumed,route
2483468.923791383,149.3891281209284,13.64328608354053,"['D3', 'R7', 'R6', 'R10', 'R12', 'R3', 'R28', 'R1', 'R13', 'R5', 'R14', 'R17', 'R2', 'R11', 'R26', 'R23', 'R20', 'R70', 'R24', 'R8']"
2481765.619897517,130.49711510111825,12.00677646941916,"['D3', 'R1', 'R7', 'R6', 'R28', 'R13', 'R10', 'R12', 'R3', 'R26', 'R11', 'R2', 'R17', 'R14', 'R5', 'R20', 'R23', 'R70', 'R24', 'R8']"
2482117.8671792853,134.40402816421536,12.357804374217888,"['D3', 'R1', 'R28', 'R7', 'R26', 'R11', 'R17', 'R14', 'R2', 'R5', 'R13', 'R6', 'R12', 'R3', 'R10', 'R23', 'R20', 'R70', 'R24', 'R8']"
2481470.434950568,127.22310282351592,11.539454249582898,"['D3', 'R14', 'R17', 'R2', 'R11', 'R3', 'R10', 'R12', 'R70', 'R1', 'R7', 'R5', 'R26', 'R28', 'R13', 'R6', 'R20', 'R23', 'R8', 'R24']"
2485552.455823477,172.4984008815068,15.692416232513207,"['D3', 'R3', 'R11', 'R14', 'R17', 'R2', 'R7', 'R5', 'R28', 'R1', 'R6', 'R23', 'R12', 'R10', 'R26', 'R13', 'R24', 'R20', 'R8', 'R70']"
