total_cost,total_distance,total_fuel_consumed,route
2481453.3301333203,127.03338657187919,11.871016161721334,"['D3', 'R7', 'R1', 'R17', 'R2', 'R14', 'R11', 'R5', 'R26', 'R3', 'R12', 'R10', 'R23', 'R13', 'R6', 'R28', 'R20', 'R70', 'R24', 'R8']"
2481080.284407412,122.89578978940072,11.373077351914803,"['D3', 'R28', 'R7', 'R1', 'R11', 'R14', 'R17', 'R2', 'R5', 'R26', 'R3', 'R12', 'R10', 'R23', 'R20', 'R6', 'R70', 'R13', 'R24', 'R8']"
2483191.806417835,146.3155104018952,13.41549323421265,"['D3', 'R1', 'R28', 'R7', 'R13', 'R6', 'R20', 'R11', 'R26', 'R14', 'R17', 'R2', 'R5', 'R12', 'R10', 'R3', 'R23', 'R24', 'R70', 'R8']"
2482204.9701385763,135.37012132405016,12.399035846894666,"['D3', 'R6', 'R1', 'R3', 'R12', 'R10', 'R7', 'R2', 'R17', 'R14', 'R11', 'R5', 'R26', 'R28', 'R20', 'R13', 'R70', 'R23', 'R24', 'R8']"
2481355.5889170826,125.94930032257093,11.535558006558928,"['D3', 'R11', 'R14', 'R17', 'R2', 'R5', 'R26', 'R7', 'R1', 'R10', 'R3', 'R12', 'R70', 'R28', 'R13', 'R6', 'R20', 'R23', 'R8', 'R24']"
