total_cost,total_distance,total_fuel_consumed,route
2481312.033100413,125.46620563901604,11.597059543607044,"['D3', 'R1', 'R7', 'R5', 'R11', 'R26', 'R17', 'R14', 'R2', 'R10', 'R3', 'R12', 'R70', 'R20', 'R6', 'R13', 'R28', 'R23', 'R8', 'R24']"
2480176.145655956,112.86763149907028,10.380416074923085,"['D3', 'R1', 'R7', 'R28', 'R6', 'R13', 'R20', 'R5', 'R26', 'R11', 'R14', 'R17', 'R2', 'R3', 'R12', 'R10', 'R23', 'R70', 'R24', 'R8']"
2480424.909325475,115.62676714147425,10.644581486133523,"['D3', 'R1', 'R7', 'R28', 'R6', 'R13', 'R20', 'R10', 'R3', 'R12', 'R11', 'R26', 'R5', 'R14', 'R17', 'R2', 'R70', 'R23', 'R8', 'R24']"
2481930.878986064,132.330068612067,12.120063260701336,"['D3', 'R1', 'R7', 'R13', 'R6', 'R28', 'R12', 'R3', 'R10', 'R26', 'R5', 'R14', 'R17', 'R2', 'R11', 'R23', 'R20', 'R24', 'R8', 'R70']"
2481235.335719481,124.61552483896465,11.458539003457101,"['D3', 'R1', 'R7', 'R28', 'R6', 'R5', 'R14', 'R17', 'R2', 'R11', 'R26', 'R12', 'R3', 'R10', 'R70', 'R20', 'R13', 'R23', 'R24', 'R8']"
