total_cost,total_distance,total_fuel_consumed,route
2481816.7957416098,131.06472650410464,12.054481417103231,"['D3', 'R11', 'R14', 'R17', 'R2', 'R12', 'R10', 'R3', 'R23', 'R7', 'R1', 'R6', 'R28', 'R13', 'R5', 'R26', 'R70', 'R20', 'R24', 'R8']"
2482466.479118816,138.27062021756703,12.790637274422082,"['D3', 'R11', 'R14', 'R17', 'R2', 'R5', 'R26', 'R28', 'R7', 'R3', 'R12', 'R10', 'R1', 'R23', 'R20', 'R6', 'R13', 'R24', 'R70', 'R8']"
2484734.33874012,163.42434272537733,15.0072056030949,"['D3', 'R26', 'R28', 'R1', 'R7', 'R12', 'R3', 'R17', 'R14', 'R2', 'R11', 'R5', 'R10', 'R13', 'R6', 'R23', 'R20', 'R8', 'R70', 'R24']"
2481532.609034322,127.9127000257571,11.81735613266286,"['D3', 'R5', 'R26', 'R2', 'R17', 'R14', 'R11', 'R1', 'R6', 'R13', 'R3', 'R12', 'R10', 'R7', 'R28', 'R20', 'R23', 'R70', 'R24', 'R8']"
2481431.8944158745,126.7956346037535,11.714622680898858,"['D3', 'R7', 'R28', 'R1', 'R3', 'R12', 'R11', 'R5', 'R26', 'R2', 'R17', 'R14', 'R10', 'R6', 'R20', 'R13', 'R23', 'R70', 'R24', 'R8']"
