total_cost,total_distance,total_fuel_consumed,route
2480226.2876705653,113.42377629287313,10.595121055783357,"['D3', 'R7', 'R1', 'R5', 'R26', 'R11', 'R14', 'R17', 'R2', 'R3', 'R12', 'R10', 'R6', 'R20', 'R13', 'R28', 'R23', 'R70', 'R8', 'R24']"
2480121.8646159237,112.26557914734192,10.292644506225745,"['D3', 'R1', 'R7', 'R6', 'R13', 'R20', 'R23', 'R12', 'R3', 'R10', 'R17', 'R14', 'R2', 'R11', 'R26', 'R5', 'R28', 'R24', 'R8', 'R70']"
2479741.555595509,108.04742231043662,9.873645457194426,"['D3', 'R7', 'R1', 'R26', 'R11', 'R14', 'R17', 'R2', 'R5', 'R28', 'R13', 'R6', 'R20', 'R23', 'R10', 'R12', 'R3', 'R70', 'R8', 'R24']"
2480177.991876292,112.88810865452791,10.39213723415901,"['D3', 'R7', 'R1', 'R5', 'R26', 'R11', 'R17', 'R14', 'R2', 'R70', 'R12', 'R3', 'R10', 'R20', 'R13', 'R6', 'R28', 'R23', 'R24', 'R8']"
2480275.1120611792,113.96530680101606,10.682734415764747,"['D3', 'R7', 'R1', 'R5', 'R26', 'R11', 'R17', 'R14', 'R2', 'R12', 'R3', 'R10', 'R23', 'R6', 'R13', 'R20', 'R28', 'R70', 'R8', 'R24']"
