total_cost,total_distance,total_fuel_consumed,route
2481277.6962589608,125.08536223337491,11.625083420243437,"['D3', 'R1', 'R6', 'R7', 'R5', 'R11', 'R26', 'R14', 'R17', 'R2', 'R10', 'R3', 'R12', 'R23', 'R20', 'R13', 'R28', 'R70', 'R24', 'R8']"
2481449.159795371,126.98713171440674,11.611358391967316,"['D3', 'R28', 'R7', 'R26', 'R14', 'R17', 'R2', 'R5', 'R11', 'R10', 'R12', 'R1', 'R6', 'R13', 'R20', 'R3', 'R70', 'R23', 'R24', 'R8']"
2480879.054321253,120.66386780449376,11.227625010951025,"['D3', 'R26', 'R11', 'R5', 'R17', 'R14', 'R2', 'R12', 'R10', 'R3', 'R1', 'R7', 'R6', 'R20', 'R13', 'R28', 'R23', 'R70', 'R24', 'R8']"
2480006.1471066284,110.98211076562386,10.167647763941527,"['D3', 'R1', 'R7', 'R6', 'R20', 'R13', 'R28', 'R5', 'R11', 'R17', 'R14', 'R2', 'R26', 'R12', 'R10', 'R3', 'R23', 'R70', 'R8', 'R24']"
2481886.0312797646,131.83264507281154,12.377557565423139,"['D3', 'R7', 'R1', 'R26', 'R5', 'R11', 'R17', 'R14', 'R2', 'R12', 'R10', 'R3', 'R23', 'R13', 'R6', 'R28', 'R20', 'R24', 'R70', 'R8']"
