total_cost,total_distance,total_fuel_consumed,route
2481167.178920226,123.85957098742826,11.535031991550115,"['D3', 'R7', 'R1', 'R12', 'R3', 'R10', 'R2', 'R17', 'R14', 'R11', 'R5', 'R26', 'R13', 'R6', 'R28', 'R20', 'R23', 'R70', 'R24', 'R8']"
2482160.0796331805,134.87222308319096,12.607336664458241,"['D3', 'R7', 'R1', 'R11', 'R2', 'R14', 'R17', 'R12', 'R3', 'R10', 'R23', 'R6', 'R26', 'R5', 'R28', 'R13', 'R20', 'R24', 'R70', 'R8']"
2481723.9421377783,130.0348506852137,11.954549205161614,"['D3', 'R7', 'R1', 'R11', 'R26', 'R5', 'R2', 'R17', 'R14', 'R13', 'R6', 'R28', 'R10', 'R12', 'R3', 'R23', 'R20', 'R70', 'R8', 'R24']"
2481515.272290383,127.7204113840196,11.75696884612337,"['D3', 'R28', 'R1', 'R7', 'R11', 'R2', 'R14', 'R17', 'R26', 'R5', 'R12', 'R3', 'R23', 'R10', 'R20', 'R6', 'R13', 'R70', 'R8', 'R24']"
2481003.473560444,122.04385049294798,11.337377574773976,"['D3', 'R7', 'R1', 'R28', 'R26', 'R11', 'R5', 'R17', 'R14', 'R2', 'R12', 'R3', 'R10', 'R23', 'R6', 'R13', 'R20', 'R70', 'R24', 'R8']"
