total_cost,total_distance,total_fuel_consumed,route
2217354.4498078157,81.57109369804425,7.155829126996135,"['D6', 'R30', 'R27', 'R4', 'R38', 'R22', 'R36', 'R35', 'R32', 'R31', 'R18', 'R16', 'R9', 'R21', 'R37', 'R33', 'R15', 'R34']"
2217678.0325151705,85.16007669887502,7.445457080855279,"['D6', 'R22', 'R27', 'R36', 'R15', 'R32', 'R4', 'R35', 'R30', 'R38', 'R16', 'R18', 'R31', 'R9', 'R21', 'R33', 'R37', 'R34']"
2217805.08695212,86.56928740150994,7.605712426935728,"['D6', 'R38', 'R27', 'R36', 'R22', 'R4', 'R35', 'R30', 'R18', 'R16', 'R21', 'R31', 'R15', 'R32', 'R37', 'R33', 'R9', 'R34']"
2217281.7400244055,80.76464090955368,7.099491126190539,"['D6', 'R27', 'R36', 'R32', 'R4', 'R38', 'R30', 'R35', 'R22', 'R21', 'R16', 'R18', 'R31', 'R15', 'R9', 'R33', 'R37', 'R34']"
2216585.694833305,73.0445300943312,6.399687493365111,"['D6', 'R22', 'R35', 'R30', 'R27', 'R36', 'R4', 'R15', 'R32', 'R18', 'R16', 'R31', 'R21', 'R33', 'R37', 'R9', 'R38', 'R34']"
