total_cost,total_distance,total_fuel_consumed,route
2216717.919851773,74.51108974903777,6.556015621331904,"['D6', 'R36', 'R27', 'R22', 'R35', 'R30', 'R38', 'R15', 'R32', 'R4', 'R16', 'R18', 'R31', 'R21', 'R9', 'R37', 'R33', 'R34']"
2217245.572808899,80.36349610579816,7.1695677358232786,"['D6', 'R36', 'R27', 'R30', 'R35', 'R38', 'R22', 'R32', 'R4', 'R16', 'R18', 'R31', 'R21', 'R15', 'R33', 'R37', 'R9', 'R34']"
2216507.720322183,72.17968414133286,6.36750946511517,"['D6', 'R27', 'R36', 'R4', 'R22', 'R30', 'R35', 'R38', 'R15', 'R32', 'R18', 'R16', 'R31', 'R21', 'R9', 'R37', 'R33', 'R34']"
2216355.249384713,70.48856904073659,6.198343212008911,"['D6', 'R30', 'R22', 'R27', 'R36', 'R4', 'R15', 'R32', 'R16', 'R18', 'R31', 'R21', 'R33', 'R37', 'R9', 'R38', 'R35', 'R34']"
2216336.6254084073,70.28200319883457,6.155232634830602,"['D6', 'R38', 'R27', 'R30', 'R35', 'R22', 'R36', 'R4', 'R31', 'R18', 'R16', 'R21', 'R9', 'R37', 'R33', 'R15', 'R32', 'R34']"
