total_cost,total_distance,total_fuel_consumed,route
2215590.3108029845,62.0043345495188,5.529598640189518,"['D6', 'R30', 'R36', 'R27', 'R22', 'R38', 'R35', 'R4', 'R32', 'R15', 'R31', 'R18', 'R16', 'R21', 'R9', 'R33', 'R37', 'R34']"
2215778.343811557,64.08988255941344,5.6700338101763395,"['D6', 'R30', 'R27', 'R36', 'R38', 'R35', 'R4', 'R32', 'R15', 'R31', 'R18', 'R16', 'R21', 'R9', 'R37', 'R33', 'R22', 'R34']"
2216385.162472774,70.8203468586301,6.307177188351857,"['D6', 'R30', 'R35', 'R38', 'R22', 'R4', 'R32', 'R15', 'R31', 'R18', 'R16', 'R21', 'R9', 'R33', 'R37', 'R34', 'R27', 'R36']"
2215749.8246800886,63.77356566202815,5.627132574955817,"['D6', 'R27', 'R36', 'R4', 'R32', 'R15', 'R31', 'R16', 'R18', 'R21', 'R9', 'R33', 'R37', 'R38', 'R35', 'R30', 'R22', 'R34']"
2215285.7825415577,58.626691898379576,5.258427394163561,"['D6', 'R30', 'R35', 'R38', 'R22', 'R4', 'R27', 'R36', 'R32', 'R15', 'R31', 'R18', 'R16', 'R21', 'R9', 'R33', 'R37', 'R34']"
