total_cost,total_distance,total_fuel_consumed,route
2216450.8617243697,71.54904308307414,6.3358146715034565,"['D6', 'R36', 'R27', 'R4', 'R22', 'R38', 'R35', 'R30', 'R31', 'R16', 'R18', 'R21', 'R33', 'R37', 'R9', 'R32', 'R15', 'R34']"
2216124.886627918,67.93352515437053,6.036095548108021,"['D6', 'R27', 'R36', 'R4', 'R22', 'R38', 'R35', 'R30', 'R32', 'R31', 'R16', 'R18', 'R21', 'R33', 'R37', 'R9', 'R15', 'R34']"
2216450.8617243697,71.54904308307414,6.3358146715034565,"['D6', 'R36', 'R27', 'R4', 'R22', 'R38', 'R35', 'R30', 'R31', 'R16', 'R18', 'R21', 'R33', 'R37', 'R9', 'R32', 'R15', 'R34']"
2216059.0316287726,67.20310147263314,5.878400543688614,"['D6', 'R30', 'R36', 'R27', 'R4', 'R31', 'R16', 'R18', 'R21', 'R37', 'R33', 'R9', 'R32', 'R15', 'R35', 'R38', 'R22', 'R34']"
2216563.5225881007,72.79860900733384,6.425577084712952,"['D6', 'R30', 'R36', 'R27', 'R22', 'R4', 'R15', 'R32', 'R16', 'R18', 'R21', 'R31', 'R37', 'R33', 'R9', 'R35', 'R38', 'R34']"
