total_cost,total_distance,total_fuel_consumed,route
2214249.5190722523,47.13308642693753,4.12075802054603,"['D4', 'R37', 'R33', 'R9', 'R21', 'R16', 'R18', 'R31', 'R15', 'R32', 'R4', 'R27', 'R36', 'R30', 'R35', 'R38', 'R22', 'R34']"
2214471.026761497,49.58991527836086,4.357700620732098,"['D4', 'R33', 'R37', 'R9', 'R21', 'R16', 'R18', 'R31', 'R15', 'R32', 'R4', 'R27', 'R36', 'R22', 'R38', 'R35', 'R30', 'R34']"
2214258.971969508,47.237932226132145,4.128474662998033,"['D4', 'R33', 'R37', 'R9', 'R21', 'R16', 'R18', 'R31', 'R15', 'R32', 'R4', 'R36', 'R27', 'R30', 'R35', 'R38', 'R22', 'R34']"
2214398.8828028725,48.78973827498622,4.292444118873048,"['D4', 'R37', 'R33', 'R9', 'R21', 'R16', 'R18', 'R31', 'R15', 'R32', 'R4', 'R36', 'R27', 'R22', 'R38', 'R35', 'R30', 'R34']"
2214912.838349689,54.49022126983944,4.71451263930738,"['D4', 'R9', 'R33', 'R37', 'R18', 'R16', 'R21', 'R31', 'R15', 'R32', 'R4', 'R27', 'R36', 'R22', 'R38', 'R35', 'R30', 'R34']"
