total_cost,total_distance,total_fuel_consumed,route
2215880.794363894,65.22620190654243,5.640791295290116,"['D4', 'R9', 'R33', 'R37', 'R16', 'R18', 'R21', 'R31', 'R32', 'R30', 'R35', 'R38', 'R36', 'R27', 'R4', 'R15', 'R22', 'R34']"
2215287.767827374,58.64871148373753,5.140005883045736,"['D4', 'R33', 'R37', 'R9', 'R16', 'R18', 'R21', 'R31', 'R32', 'R15', 'R36', 'R27', 'R30', 'R35', 'R38', 'R22', 'R4', 'R34']"
2215346.8704286353,59.30424166631753,5.069107715632458,"['D4', 'R37', 'R33', 'R18', 'R16', 'R21', 'R9', 'R31', 'R32', 'R15', 'R4', 'R22', 'R38', 'R27', 'R36', 'R30', 'R35', 'R34']"
2216057.743926727,67.18881906308032,5.824506001198731,"['D4', 'R33', 'R37', 'R9', 'R16', 'R31', 'R18', 'R21', 'R27', 'R36', 'R4', 'R32', 'R15', 'R22', 'R35', 'R38', 'R30', 'R34']"
2215563.663587703,61.708779810371894,5.350194529476369,"['D4', 'R33', 'R37', 'R9', 'R18', 'R16', 'R31', 'R21', 'R15', 'R27', 'R36', 'R4', 'R32', 'R22', 'R38', 'R35', 'R30', 'R34']"
