total_cost,total_distance,total_fuel_consumed,route
2215105.832360518,56.63079370583572,4.918609051660166,"['D4', 'R37', 'R33', 'R9', 'R18', 'R16', 'R21', 'R31', 'R32', 'R15', 'R4', 'R22', 'R38', 'R30', 'R27', 'R36', 'R35', 'R34']"
2215841.509175389,64.79047443865615,5.722982388001185,"['D4', 'R37', 'R33', 'R9', 'R16', 'R18', 'R21', 'R31', 'R4', 'R27', 'R36', 'R35', 'R30', 'R38', 'R22', 'R32', 'R15', 'R34']"
2215166.4095559213,57.302679191673434,5.048363238118693,"['D4', 'R37', 'R33', 'R9', 'R18', 'R16', 'R21', 'R31', 'R15', 'R32', 'R27', 'R36', 'R30', 'R38', 'R22', 'R4', 'R35', 'R34']"
2216991.782720904,77.54861048030267,6.611877888862146,"['D4', 'R21', 'R18', 'R16', 'R31', 'R9', 'R37', 'R33', 'R30', 'R36', 'R27', 'R22', 'R4', 'R32', 'R15', 'R38', 'R35', 'R34']"
2216330.738609914,70.21671040277356,6.227640590641789,"['D4', 'R9', 'R37', 'R33', 'R21', 'R18', 'R16', 'R31', 'R32', 'R36', 'R27', 'R4', 'R22', 'R35', 'R30', 'R38', 'R15', 'R34']"
