total_cost,total_distance,total_fuel_consumed,route
2216303.8508374323,69.91848754916293,6.112473964950861,"['D4', 'R9', 'R37', 'R33', 'R16', 'R18', 'R21', 'R31', 'R15', 'R32', 'R36', 'R27', 'R4', 'R22', 'R30', 'R34', 'R35', 'R38']"
2216726.9993701465,74.61179425628208,6.493540373756952,"['D4', 'R21', 'R9', 'R37', 'R33', 'R16', 'R18', 'R31', 'R4', 'R27', 'R36', 'R38', 'R22', 'R30', 'R35', 'R32', 'R15', 'R34']"
2216966.5501773222,77.26874642105665,6.5368856009645,"['D4', 'R31', 'R21', 'R18', 'R16', 'R9', 'R33', 'R37', 'R32', 'R27', 'R36', 'R4', 'R22', 'R15', 'R30', 'R35', 'R38', 'R34']"
2216578.438966653,72.96405242516707,6.401473202919368,"['D4', 'R9', 'R33', 'R37', 'R16', 'R18', 'R21', 'R31', 'R36', 'R27', 'R4', 'R32', 'R30', 'R35', 'R38', 'R22', 'R15', 'R34']"
2215977.147583066,66.29489333480898,5.595694378195006,"['D4', 'R16', 'R18', 'R21', 'R9', 'R37', 'R33', 'R31', 'R4', 'R15', 'R32', 'R27', 'R36', 'R22', 'R30', 'R35', 'R38', 'R34']"
