total_cost,total_distance,total_fuel_consumed,route
2218509.9531998676,94.38723602337554,8.323137133221058,"['D4', 'R21', 'R18', 'R16', 'R31', 'R36', 'R27', 'R38', 'R4', 'R15', 'R32', 'R22', 'R35', 'R30', 'R37', 'R33', 'R9', 'R34']"
2217271.148094748,80.64716165426282,6.948329746899585,"['D4', 'R18', 'R9', 'R33', 'R37', 'R21', 'R16', 'R31', 'R22', 'R27', 'R38', 'R4', 'R36', 'R35', 'R30', 'R32', 'R15', 'R34']"
2217088.475297108,78.62106585079067,6.759567634749413,"['D4', 'R33', 'R37', 'R18', 'R16', 'R21', 'R9', 'R31', 'R27', 'R35', 'R22', 'R32', 'R4', 'R15', 'R36', 'R38', 'R30', 'R34']"
2216981.6025330652,77.43569801536644,6.71091209688889,"['D4', 'R33', 'R37', 'R21', 'R16', 'R9', 'R31', 'R18', 'R32', 'R22', 'R27', 'R38', 'R35', 'R36', 'R4', 'R15', 'R30', 'R34']"
2216896.7943435158,76.49505704875125,6.640410265805892,"['D4', 'R18', 'R16', 'R21', 'R9', 'R33', 'R37', 'R31', 'R15', 'R27', 'R36', 'R4', 'R38', 'R30', 'R22', 'R32', 'R35', 'R34']"
