total_cost,total_distance,total_fuel_consumed,route
2479814.7463233573,108.85920944273985,10.01106649314992,"['D2', 'R17', 'R14', 'R2', 'R11', 'R26', 'R5', 'R1', 'R7', 'R28', 'R6', 'R13', 'R20', 'R23', 'R10', 'R3', 'R12', 'R70', 'R24', 'R8']"
2480414.3577090553,115.50973501614425,10.570080458987883,"['D2', 'R17', 'R14', 'R2', 'R26', 'R5', 'R11', 'R1', 'R7', 'R6', 'R28', 'R13', 'R20', 'R10', 'R12', 'R3', 'R23', 'R70', 'R8', 'R24']"
2482877.2917619217,142.8271047240653,13.227745036419108,"['D2', 'R14', 'R17', 'R2', 'R26', 'R5', 'R11', 'R1', 'R7', 'R28', 'R6', 'R13', 'R20', 'R10', 'R3', 'R12', 'R8', 'R23', 'R70', 'R24']"
2480092.1782905096,111.93631644310152,10.306194655789298,"['D2', 'R11', 'R5', 'R26', 'R14', 'R17', 'R2', 'R3', 'R12', 'R10', 'R1', 'R7', 'R28', 'R6', 'R13', 'R20', 'R23', 'R70', 'R8', 'R24']"
2480385.747259048,115.19240526894637,10.579436800259069,"['D2', 'R17', 'R14', 'R2', 'R10', 'R12', 'R3', 'R11', 'R26', 'R5', 'R7', 'R1', 'R28', 'R6', 'R13', 'R20', 'R23', 'R70', 'R8', 'R24']"
