total_cost,total_distance,total_fuel_consumed,route
2480668.267379028,118.32594697236263,10.804809607531395,"['D2', 'R2', 'R17', 'R14', 'R11', 'R26', 'R5', 'R1', 'R28', 'R7', 'R13', 'R6', 'R20', 'R10', 'R3', 'R12', 'R23', 'R70', 'R8', 'R24']"
2480516.763647713,116.64555953541827,10.724209705419039,"['D2', 'R26', 'R5', 'R11', 'R17', 'R14', 'R2', 'R3', 'R12', 'R10', 'R23', 'R6', 'R13', 'R20', 'R7', 'R1', 'R28', 'R24', 'R8', 'R70']"
2481645.8139903652,129.16830069172048,11.985461466501464,"['D2', 'R14', 'R17', 'R2', 'R11', 'R5', 'R26', 'R3', 'R12', 'R10', 'R23', 'R6', 'R13', 'R28', 'R7', 'R1', 'R20', 'R70', 'R24', 'R8']"
2481974.1516608954,132.81002285820242,12.000097847807233,"['D2', 'R12', 'R3', 'R10', 'R23', 'R1', 'R7', 'R6', 'R5', 'R26', 'R11', 'R2', 'R17', 'R14', 'R28', 'R13', 'R20', 'R24', 'R8', 'R70']"
2480321.715702268,114.48220610323311,10.437654707269273,"['D2', 'R26', 'R17', 'R14', 'R2', 'R11', 'R5', 'R7', 'R1', 'R6', 'R28', 'R13', 'R20', 'R23', 'R10', 'R3', 'R12', 'R70', 'R24', 'R8']"
