total_cost,total_distance,total_fuel_consumed,route
2482547.916458727,139.17387376582602,12.424054487423591,"['D2', 'R6', 'R28', 'R7', 'R1', 'R12', 'R3', 'R10', 'R70', 'R2', 'R14', 'R17', 'R11', 'R5', 'R26', 'R13', 'R23', 'R20', 'R8', 'R24']"
2483220.382198287,146.63245561542942,13.663743958056443,"['D2', 'R2', 'R14', 'R17', 'R11', 'R5', 'R26', 'R1', 'R3', 'R12', 'R10', 'R7', 'R13', 'R6', 'R28', 'R20', 'R23', 'R24', 'R70', 'R8']"
2482281.5510385493,136.2195101879945,12.528781729016051,"['D2', 'R17', 'R14', 'R11', 'R2', 'R5', 'R26', 'R1', 'R3', 'R12', 'R10', 'R23', 'R7', 'R6', 'R13', 'R28', 'R20', 'R70', 'R24', 'R8']"
2484827.798131888,164.4609375763951,15.076500610468102,"['D2', 'R3', 'R12', 'R2', 'R17', 'R14', 'R26', 'R1', 'R7', 'R28', 'R11', 'R5', 'R13', 'R6', 'R10', 'R23', 'R20', 'R8', 'R70', 'R24']"
2481986.6110749985,132.94821511755475,12.267591197203075,"['D2', 'R14', 'R17', 'R2', 'R11', 'R5', 'R26', 'R1', 'R3', 'R12', 'R10', 'R7', 'R28', 'R13', 'R6', 'R20', 'R24', 'R23', 'R70', 'R8']"
