total_cost,total_distance,total_fuel_consumed,route
2482226.866621726,135.6129838257148,12.360950429825687,"['D2', 'R11', 'R26', 'R14', 'R17', 'R2', 'R5', 'R28', 'R23', 'R10', 'R3', 'R12', 'R1', 'R7', 'R13', 'R6', 'R20', 'R70', 'R24', 'R8']"
2480760.567351035,119.34968224306768,10.840782996621611,"['D2', 'R11', 'R26', 'R14', 'R17', 'R2', 'R5', 'R1', 'R7', 'R28', 'R20', 'R13', 'R6', 'R23', 'R3', 'R10', 'R12', 'R70', 'R24', 'R8']"
2480427.18927142,115.65205491814352,10.46553475871822,"['D2', 'R17', 'R14', 'R2', 'R26', 'R11', 'R5', 'R6', 'R7', 'R1', 'R12', 'R3', 'R10', 'R70', 'R23', 'R20', 'R13', 'R28', 'R8', 'R24']"
2479748.8273040038,108.12807568771134,9.703284033063529,"['D2', 'R2', 'R14', 'R17', 'R11', 'R26', 'R5', 'R12', 'R3', 'R10', 'R70', 'R23', 'R20', 'R6', 'R7', 'R1', 'R13', 'R28', 'R24', 'R8']"
2480720.2405560375,118.90240190814112,10.914767628912607,"['D2', 'R11', 'R26', 'R5', 'R2', 'R14', 'R17', 'R12', 'R3', 'R10', 'R23', 'R20', 'R13', 'R6', 'R7', 'R1', 'R28', 'R70', 'R8', 'R24']"
