total_cost,total_distance,total_fuel_consumed,route
2483556.3519394435,150.35882807723723,14.005121201581353,"['D2', 'R26', 'R11', 'R5', 'R2', 'R17', 'R14', 'R10', 'R12', 'R3', 'R1', 'R7', 'R6', 'R20', 'R28', 'R13', 'R23', 'R8', 'R70', 'R24']"
2482987.6453667213,144.05107993258275,13.3732739602566,"['D2', 'R5', 'R26', 'R11', 'R14', 'R17', 'R2', 'R3', 'R12', 'R10', 'R6', 'R7', 'R1', 'R23', 'R13', 'R28', 'R20', 'R24', 'R70', 'R8']"
2482052.074734429,133.67429829668723,11.942204443616033,"['D2', 'R28', 'R1', 'R5', 'R11', 'R17', 'R14', 'R2', 'R26', 'R12', 'R3', 'R10', 'R70', 'R7', 'R6', 'R13', 'R20', 'R23', 'R8', 'R24']"
2482305.084182098,136.48052553347438,12.634206283875994,"['D2', 'R26', 'R11', 'R14', 'R17', 'R2', 'R12', 'R3', 'R10', 'R23', 'R13', 'R6', 'R20', 'R28', 'R1', 'R7', 'R5', 'R24', 'R70', 'R8']"
2481484.324474506,127.37715699319364,11.733266779959402,"['D2', 'R5', 'R26', 'R11', 'R14', 'R17', 'R2', 'R12', 'R3', 'R10', 'R7', 'R1', 'R28', 'R13', 'R23', 'R20', 'R6', 'R70', 'R8', 'R24']"
