total_cost,total_distance,total_fuel_consumed,route
3266385.5812409474,181.73892237075745,15.484371172691374,"['M1', 'R6', 'D1', 'R20', 'R25', 'R13', 'W2', 'R1', 'D3', 'R7', 'R28', 'R5', 'R11', 'R17', 'R14', 'R2', 'R26', 'R12', 'R3', 'R10', 'R23', 'R70', 'R8', 'D2', 'W1', 'R24']"
3267515.959258946,194.27638929621287,-9.493854685638427,"['M1', 'R1', 'R7', 'D3', 'R5', 'R26', 'R11', 'R14', 'R17', 'R2', 'R10', 'R12', 'R3', 'R23', 'R13', 'D1', 'W2', 'R25', 'R6', 'R20', 'R28', 'R70', 'D2', 'R24', 'R8', 'W1']"
3263565.2739903172,150.45778605054412,1.447931049772861,"['M1', 'R70', 'R3', 'R12', 'R10', 'R7', 'R1', 'R6', 'D1', 'R13', 'W2', 'R25', 'R20', 'R2', 'R14', 'R17', 'R11', 'R26', 'R5', 'D3', 'R28', 'R23', 'W1', 'D2', 'R8', 'R24']"
3267299.1407615114,191.8715701143704,0.6687495216788872,"['M1', 'R20', 'R13', 'W2', 'R25', 'D1', 'R6', 'R1', 'R7', 'D3', 'R2', 'R14', 'R17', 'R26', 'R11', 'R5', 'R3', 'R12', 'R10', 'R23', 'R70', 'R28', 'D2', 'R8', 'W1', 'R24']"
3264227.911781813,157.8073622650097,-3.2297028931622402,"['M1', 'R23', 'R20', 'D1', 'R13', 'R25', 'W2', 'R28', 'R7', 'R1', 'D3', 'R11', 'R14', 'R17', 'R2', 'R26', 'R5', 'R6', 'R3', 'R10', 'R12', 'R70', 'D2', 'R8', 'R24', 'W1']"
