total_cost,total_distance,total_fuel_consumed,route
3263377.834864175,148.3788250241283,0.8999121270036938,"['M1', 'R10', 'R12', 'R3', 'R26', 'R17', 'R14', 'R2', 'R11', 'R5', 'R1', 'D3', 'R7', 'R28', 'R6', 'R23', 'D1', 'R13', 'R25', 'W2', 'R20', 'W1', 'R70', 'D2', 'R8', 'R24']"
3266826.8352355077,186.63304387209217,3.3933620419050166,"['M1', 'R3', 'R12', 'R10', 'R11', 'R14', 'R17', 'R2', 'R5', 'R26', 'R6', 'W2', 'R13', 'D1', 'R25', 'R20', 'R1', 'D3', 'R7', 'R28', 'R24', 'R23', 'R70', 'W1', 'R8', 'D2']"
3264635.0372764627,162.3229511586372,-2.053441565126868,"['M1', 'R23', 'R10', 'R3', 'R12', 'R11', 'R5', 'R26', 'R2', 'R17', 'R14', 'D2', 'R70', 'R7', 'R1', 'D3', 'R28', 'W2', 'R13', 'R25', 'D1', 'R6', 'R20', 'W1', 'R8', 'R24']"
3264129.2606331366,156.71318359734474,0.724691754163578,"['M1', 'R23', 'R10', 'R14', 'R17', 'R2', 'R26', 'R11', 'R5', 'D3', 'R1', 'R7', 'R6', 'W2', 'R13', 'R25', 'D1', 'R28', 'R20', 'W1', 'R12', 'R3', 'R70', 'D2', 'R24', 'R8']"
3266951.453649144,188.01523568261024,-0.8282483922649787,"['M1', 'R3', 'R12', 'R10', 'R1', 'R7', 'D3', 'R13', 'R25', 'W2', 'D1', 'R6', 'W1', 'R23', 'R14', 'R17', 'R2', 'R11', 'R26', 'R5', 'D2', 'R8', 'R20', 'R28', 'R70', 'R24']"
