total_cost,total_distance,total_fuel_consumed,route
2482784.670036621,141.7998007611029,12.862250604836726,"['D1', 'R28', 'R7', 'R13', 'R11', 'R26', 'R17', 'R14', 'R2', 'R5', 'R1', 'R6', 'R10', 'R12', 'R3', 'R23', 'R20', 'R70', 'R24', 'R8']"
2483265.4050530386,147.13182179501544,13.52476975034143,"['D1', 'R6', 'R13', 'R7', 'R1', 'R28', 'R26', 'R17', 'R14', 'R2', 'R11', 'R12', 'R3', 'R20', 'R23', 'R10', 'R5', 'R8', 'R70', 'R24']"
2481853.9715038133,131.477057495712,12.045314944979728,"['D1', 'R13', 'R11', 'R26', 'R14', 'R17', 'R2', 'R5', 'R7', 'R1', 'R3', 'R12', 'R10', 'R20', 'R28', 'R6', 'R23', 'R70', 'R24', 'R8']"
2482058.2454930744,133.7427406064142,12.199091915773616,"['D1', 'R20', 'R13', 'R7', 'R5', 'R11', 'R26', 'R14', 'R17', 'R2', 'R6', 'R3', 'R12', 'R10', 'R70', 'R1', 'R28', 'R23', 'R8', 'R24']"
2480874.505178489,120.61341147392471,10.777743072639625,"['D1', 'R7', 'R6', 'R14', 'R17', 'R2', 'R11', 'R26', 'R5', 'R1', 'R12', 'R3', 'R23', 'R10', 'R70', 'R20', 'R13', 'R28', 'R24', 'R8']"
