total_cost,total_distance,total_fuel_consumed,route
2479401.7929955153,104.2789817603779,9.560328126712502,"['D1', 'R13', 'R20', 'R6', 'R28', 'R1', 'R7', 'R11', 'R26', 'R5', 'R17', 'R14', 'R2', 'R12', 'R3', 'R10', 'R23', 'R70', 'R8', 'R24']"
2480105.9617440985,112.08919414484271,10.384167053003605,"['D1', 'R20', 'R13', 'R6', 'R1', 'R7', 'R5', 'R26', 'R11', 'R2', 'R14', 'R17', 'R3', 'R12', 'R10', 'R23', 'R28', 'R24', 'R8', 'R70']"
2479601.328013337,106.49210307605634,9.772691396805618,"['D1', 'R20', 'R13', 'R6', 'R1', 'R7', 'R28', 'R5', 'R11', 'R14', 'R17', 'R2', 'R26', 'R12', 'R3', 'R10', 'R23', 'R70', 'R8', 'R24']"
2479252.0682069906,102.61832527718809,9.474229379076874,"['D1', 'R13', 'R20', 'R6', 'R7', 'R1', 'R5', 'R26', 'R11', 'R17', 'R14', 'R2', 'R12', 'R3', 'R10', 'R23', 'R70', 'R28', 'R24', 'R8']"
2479365.4185894975,103.87553892521244,9.53992709963254,"['D1', 'R13', 'R6', 'R1', 'R7', 'R28', 'R5', 'R11', 'R26', 'R2', 'R17', 'R14', 'R12', 'R3', 'R10', 'R70', 'R23', 'R20', 'R24', 'R8']"
