total_cost,total_distance,total_fuel_consumed,route
2482336.2015939974,136.82566098045302,12.376379343683153,"['D1', 'R28', 'R20', 'R6', 'R23', 'R3', 'R12', 'R10', 'R1', 'R7', 'R11', 'R17', 'R14', 'R2', 'R26', 'R5', 'R70', 'R13', 'R8', 'R24']"
2480616.923314361,117.7564697688617,10.574958620503935,"['D1', 'R20', 'R6', 'R28', 'R1', 'R7', 'R3', 'R12', 'R10', 'R5', 'R26', 'R11', 'R17', 'R14', 'R2', 'R8', 'R24', 'R13', 'R23', 'R70']"
2481168.846821149,123.87807033217769,11.337885126411992,"['D1', 'R13', 'R6', 'R1', 'R7', 'R28', 'R20', 'R3', 'R12', 'R10', 'R2', 'R17', 'R14', 'R11', 'R5', 'R26', 'R70', 'R23', 'R8', 'R24']"
2481676.9751044437,129.51392085674374,12.008857784588322,"['D1', 'R13', 'R1', 'R5', 'R26', 'R11', 'R14', 'R17', 'R2', 'R10', 'R3', 'R12', 'R23', 'R6', 'R20', 'R7', 'R28', 'R70', 'R24', 'R8']"
2481473.18885968,127.25364751198305,11.493997692393227,"['D1', 'R20', 'R6', 'R28', 'R7', 'R13', 'R12', 'R3', 'R2', 'R14', 'R17', 'R11', 'R5', 'R26', 'R70', 'R10', 'R1', 'R23', 'R24', 'R8']"
