total_cost,total_distance,total_fuel_consumed,route
2480873.0402936,120.59716385980934,10.911092435132987,"['D1', 'R13', 'R28', 'R6', 'R20', 'R26', 'R11', 'R5', 'R14', 'R17', 'R2', 'R3', 'R12', 'R10', 'R1', 'R7', 'R23', 'R70', 'R8', 'R24']"
2481561.9315890423,128.2379280062435,11.600578715764918,"['D1', 'R6', 'R13', 'R20', 'R12', 'R3', 'R7', 'R1', 'R28', 'R26', 'R11', 'R5', 'R14', 'R17', 'R2', 'R10', 'R70', 'R23', 'R8', 'R24']"
2481233.709285407,124.59748541933138,11.465885272860723,"['D1', 'R6', 'R13', 'R20', 'R7', 'R1', 'R12', 'R3', 'R10', 'R11', 'R14', 'R17', 'R2', 'R26', 'R5', 'R28', 'R23', 'R70', 'R24', 'R8']"
2480115.8091995735,112.19841614433912,10.237504666678989,"['D1', 'R20', 'R13', 'R28', 'R7', 'R1', 'R6', 'R2', 'R17', 'R14', 'R26', 'R5', 'R11', 'R12', 'R3', 'R10', 'R70', 'R23', 'R24', 'R8']"
2480730.076843118,119.01150003458037,11.027180667695099,"['D1', 'R6', 'R13', 'R20', 'R23', 'R10', 'R3', 'R12', 'R2', 'R14', 'R17', 'R11', 'R5', 'R26', 'R1', 'R7', 'R28', 'R24', 'R70', 'R8']"
