total_cost,total_distance,total_fuel_consumed,route
2480352.4064982487,114.82260978536627,10.666963626108654,"['D1', 'R13', 'R28', 'R7', 'R1', 'R26', 'R5', 'R11', 'R17', 'R14', 'R2', 'R3', 'R12', 'R10', 'R23', 'R6', 'R20', 'R24', 'R8', 'R70']"
2480953.852505744,121.49348387028138,11.279524153098812,"['D1', 'R13', 'R6', 'R7', 'R1', 'R3', 'R12', 'R10', 'R17', 'R14', 'R2', 'R11', 'R5', 'R26', 'R23', 'R20', 'R28', 'R24', 'R8', 'R70']"
2481666.6305571846,129.3991854168644,12.17716065527586,"['D1', 'R13', 'R6', 'R7', 'R1', 'R11', 'R26', 'R5', 'R17', 'R14', 'R2', 'R12', 'R3', 'R10', 'R23', 'R20', 'R28', 'R8', 'R70', 'R24']"
2480126.357114455,112.31540721445423,10.209722807674012,"['D1', 'R13', 'R6', 'R7', 'R1', 'R26', 'R5', 'R28', 'R11', 'R2', 'R17', 'R14', 'R10', 'R12', 'R3', 'R70', 'R23', 'R20', 'R24', 'R8']"
2480847.369598045,120.31244008479538,11.046065488154612,"['D1', 'R13', 'R6', 'R28', 'R1', 'R7', 'R12', 'R3', 'R10', 'R23', 'R17', 'R14', 'R2', 'R11', 'R26', 'R5', 'R70', 'R20', 'R24', 'R8']"
