total_cost,total_distance,total_fuel_consumed,route
2215757.3901591375,63.85747736399342,5.675565583629606,"['D5', 'R22', 'R38', 'R27', 'R36', 'R4', 'R32', 'R15', 'R31', 'R18', 'R16', 'R21', 'R9', 'R33', 'R37', 'R30', 'R35', 'R34']"
2215625.151705236,62.390768691621105,5.475573402085797,"['D5', 'R4', 'R27', 'R36', 'R32', 'R15', 'R31', 'R18', 'R16', 'R21', 'R9', 'R33', 'R37', 'R22', 'R38', 'R35', 'R30', 'R34']"
2216001.5842247354,66.56592973309057,5.893666665625007,"['D5', 'R4', 'R27', 'R36', 'R30', 'R35', 'R38', 'R22', 'R31', 'R16', 'R18', 'R21', 'R37', 'R33', 'R9', 'R15', 'R32', 'R34']"
2216043.476153718,67.03056958427047,5.825274533247604,"['D5', 'R27', 'R36', 'R4', 'R15', 'R32', 'R31', 'R18', 'R16', 'R21', 'R9', 'R33', 'R37', 'R30', 'R35', 'R38', 'R22', 'R34']"
2215968.7282549446,66.20151125714797,5.888211719236827,"['D5', 'R4', 'R36', 'R27', 'R30', 'R35', 'R38', 'R22', 'R15', 'R32', 'R31', 'R18', 'R21', 'R16', 'R9', 'R37', 'R33', 'R34']"
