total_cost,total_distance,total_fuel_consumed,route
2217413.029424777,82.22082325617806,7.145948147211897,"['D5', 'R27', 'R36', 'R4', 'R38', 'R22', 'R15', 'R32', 'R30', 'R35', 'R31', 'R18', 'R16', 'R21', 'R33', 'R37', 'R9', 'R34']"
2217036.631694658,78.04604807740128,6.7582593494023815,"['D5', 'R32', 'R4', 'R22', 'R27', 'R36', 'R38', 'R30', 'R15', 'R21', 'R18', 'R37', 'R33', 'R9', 'R16', 'R31', 'R35', 'R34']"
2217580.5995765924,84.07940967826585,7.26872838457564,"['D5', 'R36', 'R30', 'R38', 'R32', 'R4', 'R27', 'R22', 'R35', 'R15', 'R16', 'R31', 'R18', 'R21', 'R37', 'R33', 'R9', 'R34']"
2216566.82000547,72.83518195951743,6.418635564593545,"['D5', 'R32', 'R4', 'R36', 'R27', 'R22', 'R38', 'R35', 'R30', 'R15', 'R21', 'R18', 'R16', 'R31', 'R9', 'R37', 'R33', 'R34']"
2216882.952470529,76.34153139450966,6.634187606975866,"['D5', 'R32', 'R4', 'R27', 'R36', 'R38', 'R22', 'R15', 'R21', 'R18', 'R31', 'R16', 'R37', 'R33', 'R9', 'R30', 'R35', 'R34']"
