total_cost,total_distance,total_fuel_consumed,route
2217597.528366934,84.26717354630154,7.461732281928173,"['D5', 'R27', 'R36', 'R31', 'R21', 'R16', 'R18', 'R15', 'R32', 'R4', 'R22', 'R38', 'R35', 'R30', 'R9', 'R37', 'R33', 'R34']"
2216343.6387072806,70.35979045342276,5.804180026189406,"['D5', 'R15', 'R32', 'R4', 'R27', 'R36', 'R22', 'R30', 'R38', 'R35', 'R34', 'R31', 'R16', 'R18', 'R21', 'R9', 'R37', 'R33']"
2216575.9946469157,72.93694151414164,6.374872764114144,"['D5', 'R15', 'R32', 'R27', 'R38', 'R35', 'R30', 'R36', 'R22', 'R4', 'R18', 'R16', 'R21', 'R9', 'R37', 'R33', 'R31', 'R34']"
2216799.003235684,75.41041743216232,6.525323553309843,"['D5', 'R30', 'R27', 'R4', 'R22', 'R36', 'R32', 'R15', 'R18', 'R16', 'R31', 'R21', 'R9', 'R37', 'R33', 'R38', 'R35', 'R34']"
2217343.5621235203,81.45033411180304,7.182824807448265,"['D5', 'R31', 'R16', 'R18', 'R21', 'R15', 'R32', 'R4', 'R36', 'R27', 'R38', 'R35', 'R30', 'R9', 'R37', 'R33', 'R22', 'R34']"
