total_cost,total_distance,total_fuel_consumed,route
2216677.178133173,74.05920733332474,6.203291729138398,"['D5', 'R22', 'R31', 'R21', 'R16', 'R9', 'R18', 'R33', 'R37', 'R32', 'R15', 'R4', 'R27', 'R36', 'R38', 'R30', 'R35', 'R34']"
2216599.9397506476,73.20252607195961,6.416224070996519,"['D5', 'R38', 'R30', 'R36', 'R27', 'R35', 'R22', 'R4', 'R32', 'R15', 'R18', 'R16', 'R21', 'R31', 'R9', 'R33', 'R37', 'R34']"
2215981.970075566,66.34838149473784,5.905479235364497,"['D5', 'R36', 'R27', 'R30', 'R35', 'R38', 'R22', 'R4', 'R32', 'R15', 'R16', 'R18', 'R31', 'R21', 'R33', 'R37', 'R9', 'R34']"
2218027.55888463,89.03681105401834,7.888039325747415,"['D5', 'R38', 'R27', 'R36', 'R4', 'R32', 'R18', 'R16', 'R21', 'R31', 'R15', 'R22', 'R35', 'R30', 'R9', 'R37', 'R33', 'R34']"
2218506.8662709515,94.3529976813667,8.303729744420494,"['D5', 'R36', 'R27', 'R22', 'R38', 'R33', 'R37', 'R9', 'R21', 'R18', 'R31', 'R15', 'R4', 'R32', 'R30', 'R35', 'R16', 'R34']"
