total_cost,total_distance,total_fuel_consumed,route
2216895.845250287,76.48453028269012,6.75777911473066,"['D5', 'R4', 'R36', 'R27', 'R22', 'R38', 'R35', 'R30', 'R18', 'R16', 'R21', 'R31', 'R33', 'R37', 'R9', 'R32', 'R15', 'R34']"
2216721.9659212586,74.55596629612452,6.53845943939934,"['D5', 'R4', 'R27', 'R36', 'R38', 'R35', 'R30', 'R15', 'R32', 'R22', 'R31', 'R16', 'R18', 'R21', 'R9', 'R37', 'R33', 'R34']"
2216510.7759714006,72.21357554792277,6.417475180928406,"['D5', 'R4', 'R27', 'R36', 'R22', 'R38', 'R35', 'R32', 'R15', 'R31', 'R16', 'R18', 'R21', 'R9', 'R37', 'R33', 'R30', 'R34']"
2217105.8332964545,78.81359024461631,6.9085187522260165,"['D5', 'R22', 'R38', 'R27', 'R36', 'R4', 'R32', 'R15', 'R30', 'R35', 'R16', 'R18', 'R21', 'R9', 'R33', 'R37', 'R31', 'R34']"
2216407.0850645876,71.06349894174417,6.292275170291184,"['D5', 'R4', 'R36', 'R27', 'R22', 'R38', 'R35', 'R30', 'R31', 'R18', 'R16', 'R21', 'R33', 'R37', 'R9', 'R32', 'R15', 'R34']"
