total_cost,total_distance,total_fuel_consumed,route
2216262.626462831,69.46125180602598,6.112322188991602,"['D5', 'R4', 'R36', 'R27', 'R38', 'R22', 'R15', 'R32', 'R31', 'R18', 'R16', 'R21', 'R9', 'R37', 'R33', 'R30', 'R35', 'R34']"
2218344.895121901,92.55651199979033,8.002699681421301,"['D5', 'R15', 'R4', 'R36', 'R16', 'R31', 'R18', 'R21', 'R9', 'R37', 'R33', 'R30', 'R22', 'R27', 'R35', 'R38', 'R32', 'R34']"
2217467.0699250344,82.82020768672052,7.3053095379457265,"['D5', 'R4', 'R36', 'R27', 'R22', 'R35', 'R38', 'R30', 'R21', 'R16', 'R18', 'R31', 'R15', 'R32', 'R33', 'R37', 'R9', 'R34']"
2217073.614897891,78.45624332177603,6.805654527427586,"['D5', 'R35', 'R38', 'R36', 'R27', 'R4', 'R32', 'R31', 'R15', 'R21', 'R16', 'R18', 'R9', 'R33', 'R37', 'R22', 'R30', 'R34']"
2216992.449128825,77.55600187250973,6.724011978830397,"['D5', 'R15', 'R36', 'R27', 'R38', 'R22', 'R4', 'R32', 'R21', 'R18', 'R31', 'R16', 'R9', 'R37', 'R33', 'R30', 'R35', 'R34']"
