total_cost,total_distance,total_fuel_consumed,route
2216130.013917666,67.99039394039625,6.005663346224392,"['D5', 'R22', 'R4', 'R27', 'R36', 'R30', 'R38', 'R35', 'R32', 'R15', 'R31', 'R18', 'R16', 'R21', 'R37', 'R33', 'R9', 'R34']"
2216813.3980469476,75.57007594218942,6.580120326436704,"['D5', 'R36', 'R27', 'R4', 'R22', 'R30', 'R38', 'R35', 'R31', 'R18', 'R16', 'R21', 'R37', 'R33', 'R9', 'R15', 'R32', 'R34']"
2216806.6214450113,75.49491398637387,6.597942593176068,"['D5', 'R27', 'R36', 'R22', 'R4', 'R35', 'R38', 'R30', 'R32', 'R15', 'R16', 'R18', 'R31', 'R21', 'R37', 'R33', 'R9', 'R34']"
2217221.5465513067,80.09701143862745,6.964968767510097,"['D5', 'R32', 'R22', 'R4', 'R27', 'R36', 'R38', 'R35', 'R30', 'R18', 'R16', 'R31', 'R21', 'R37', 'R33', 'R9', 'R15', 'R34']"
2216866.5785264852,76.15992154486696,6.6426016958752285,"['D5', 'R32', 'R27', 'R36', 'R4', 'R22', 'R35', 'R38', 'R30', 'R15', 'R31', 'R21', 'R18', 'R16', 'R33', 'R37', 'R9', 'R34']"
