total_cost,total_distance,total_fuel_consumed,route
2216243.7899721223,69.25232888334878,6.097232796066308,"['D5', 'R22', 'R38', 'R27', 'R30', 'R35', 'R36', 'R32', 'R4', 'R15', 'R31', 'R16', 'R18', 'R21', 'R33', 'R37', 'R9', 'R34']"
2216683.308073546,74.127196911559,6.446232495498519,"['D5', 'R38', 'R36', 'R27', 'R30', 'R22', 'R35', 'R4', 'R32', 'R15', 'R31', 'R16', 'R18', 'R21', 'R33', 'R37', 'R9', 'R34']"
2217364.6026352867,81.68370269838752,7.228059478497766,"['D5', 'R31', 'R16', 'R18', 'R21', 'R15', 'R4', 'R36', 'R27', 'R38', 'R30', 'R35', 'R22', 'R32', 'R9', 'R33', 'R37', 'R34']"
2216790.5324708903,75.31646485015959,6.576715137075424,"['D5', 'R38', 'R36', 'R27', 'R4', 'R22', 'R35', 'R30', 'R32', 'R15', 'R21', 'R16', 'R18', 'R31', 'R9', 'R37', 'R33', 'R34']"
2215832.2280612253,64.68753395325164,5.629514426528731,"['D5', 'R22', 'R36', 'R27', 'R4', 'R32', 'R31', 'R16', 'R18', 'R37', 'R33', 'R9', 'R21', 'R15', 'R38', 'R30', 'R35', 'R34']"
