total_cost,total_distance,total_fuel_consumed,route
2480584.64026413,117.39840576897666,10.721319342513587,"['D1', 'R20', 'R6', 'R13', 'R28', 'R11', 'R26', 'R17', 'R14', 'R2', 'R5', 'R1', 'R7', 'R3', 'R12', 'R10', 'R70', 'R23', 'R8', 'R24']"
2480898.1549599105,120.87572049590734,11.023277317677245,"['D1', 'R13', 'R20', 'R6', 'R3', 'R12', 'R11', 'R26', 'R5', 'R1', 'R7', 'R28', 'R14', 'R17', 'R2', 'R10', 'R70', 'R23', 'R24', 'R8']"
2482609.115792189,139.85265962942384,12.99077092844832,"['D1', 'R20', 'R13', 'R7', 'R1', 'R17', 'R14', 'R2', 'R11', 'R26', 'R5', 'R28', 'R6', 'R12', 'R3', 'R10', 'R23', 'R8', 'R70', 'R24']"
2479579.800155838,106.25332914638429,9.684407870318257,"['D1', 'R13', 'R6', 'R1', 'R7', 'R17', 'R14', 'R2', 'R26', 'R11', 'R5', 'R12', 'R3', 'R10', 'R70', 'R23', 'R20', 'R28', 'R24', 'R8']"
2480820.067386208,120.00962052139172,11.061043076848707,"['D1', 'R6', 'R13', 'R28', 'R1', 'R7', 'R2', 'R17', 'R14', 'R11', 'R26', 'R5', 'R3', 'R12', 'R10', 'R23', 'R20', 'R70', 'R8', 'R24']"
