total_cost,total_distance,total_fuel_consumed,route
2483866.601892722,153.79993226177567,14.21535962625427,"['D1', 'R1', 'R7', 'R10', 'R3', 'R12', 'R14', 'R17', 'R11', 'R5', 'R26', 'R2', 'R23', 'R28', 'R6', 'R13', 'R20', 'R8', 'R70', 'R24']"
2482906.955290632,143.15611458110092,13.173971225720704,"['D1', 'R1', 'R11', 'R5', 'R26', 'R2', 'R14', 'R17', 'R12', 'R3', 'R10', 'R6', 'R13', 'R23', 'R28', 'R20', 'R7', 'R70', 'R24', 'R8']"
2480652.7203939944,118.15350925015932,10.941837848882694,"['D1', 'R13', 'R10', 'R3', 'R12', 'R17', 'R14', 'R2', 'R11', 'R5', 'R26', 'R1', 'R7', 'R28', 'R6', 'R20', 'R23', 'R70', 'R24', 'R8']"
2481967.6509390445,132.7379207968565,12.29190521568718,"['D1', 'R7', 'R1', 'R5', 'R11', 'R2', 'R14', 'R17', 'R26', 'R10', 'R3', 'R12', 'R23', 'R6', 'R13', 'R20', 'R28', 'R24', 'R70', 'R8']"
2482149.5961764716,134.7559469440111,12.089230715456619,"['D1', 'R6', 'R7', 'R1', 'R12', 'R3', 'R23', 'R13', 'R28', 'R17', 'R2', 'R14', 'R11', 'R26', 'R5', 'R24', 'R20', 'R10', 'R70', 'R8']"
