total_cost,total_distance,total_fuel_consumed,route
2482337.8218867905,136.8436322847241,12.607828702772622,"['D1', 'R12', 'R3', 'R10', 'R14', 'R17', 'R2', 'R11', 'R26', 'R5', 'R1', 'R28', 'R13', 'R6', 'R7', 'R23', 'R20', 'R70', 'R24', 'R8']"
2480543.222215671,116.9390219129495,10.716333979831072,"['D1', 'R13', 'R20', 'R6', 'R2', 'R14', 'R17', 'R26', 'R5', 'R11', 'R12', 'R3', 'R10', 'R1', 'R7', 'R28', 'R23', 'R70', 'R8', 'R24']"
2483032.9720814126,144.55381634219907,13.177661828975337,"['D1', 'R13', 'R3', 'R12', 'R7', 'R6', 'R1', 'R14', 'R17', 'R2', 'R11', 'R5', 'R26', 'R10', 'R20', 'R28', 'R23', 'R70', 'R24', 'R8']"
2483003.64474536,144.22853533008322,13.170038680999795,"['D1', 'R20', 'R13', 'R7', 'R6', 'R28', 'R12', 'R3', 'R10', 'R17', 'R14', 'R2', 'R11', 'R1', 'R26', 'R70', 'R5', 'R8', 'R24', 'R23']"
2480330.98808205,114.58504971218153,10.306536076435481,"['D1', 'R23', 'R10', 'R12', 'R3', 'R1', 'R28', 'R7', 'R5', 'R26', 'R11', 'R17', 'R14', 'R2', 'R70', 'R6', 'R13', 'R20', 'R24', 'R8']"
