total_cost,total_distance,total_fuel_consumed,route
2480857.4782013064,120.4245585770468,10.983614232099628,"['D1', 'R13', 'R1', 'R7', 'R28', 'R6', 'R20', 'R23', 'R3', 'R12', 'R10', 'R11', 'R14', 'R17', 'R2', 'R26', 'R5', 'R70', 'R24', 'R8']"
2479965.846212089,110.53511770285078,10.233546355265236,"['D1', 'R13', 'R6', 'R1', 'R7', 'R28', 'R5', 'R11', 'R26', 'R14', 'R17', 'R2', 'R12', 'R3', 'R10', 'R23', 'R70', 'R20', 'R24', 'R8']"
2480193.2285462515,113.05710455026642,10.245016485100193,"['D1', 'R6', 'R13', 'R20', 'R1', 'R7', 'R28', 'R17', 'R14', 'R2', 'R11', 'R26', 'R5', 'R3', 'R12', 'R10', 'R23', 'R70', 'R8', 'R24']"
2479594.095781302,106.41188754772274,9.792939041395933,"['D1', 'R20', 'R13', 'R6', 'R7', 'R1', 'R2', 'R17', 'R14', 'R11', 'R5', 'R26', 'R12', 'R3', 'R10', 'R23', 'R70', 'R28', 'R24', 'R8']"
2479739.6315382477,108.02608183505126,9.843761973370627,"['D1', 'R20', 'R13', 'R28', 'R7', 'R1', 'R6', 'R26', 'R5', 'R11', 'R2', 'R17', 'R14', 'R12', 'R3', 'R10', 'R23', 'R70', 'R8', 'R24']"
