total_cost,total_distance,total_fuel_consumed,route
2481183.086462758,124.03600779456538,11.585520623473817,"['D1', 'R13', 'R6', 'R7', 'R1', 'R5', 'R26', 'R11', 'R14', 'R17', 'R2', 'R12', 'R3', 'R10', 'R70', 'R20', 'R28', 'R23', 'R8', 'R24']"
2480117.7541597052,112.219988461686,10.45644316564207,"['D1', 'R13', 'R6', 'R28', 'R7', 'R1', 'R11', 'R5', 'R26', 'R17', 'R14', 'R2', 'R3', 'R12', 'R10', 'R23', 'R20', 'R24', 'R8', 'R70']"
2480281.118308886,114.0319244552586,10.436021700865787,"['D1', 'R13', 'R6', 'R20', 'R23', 'R10', 'R12', 'R3', 'R11', 'R26', 'R5', 'R14', 'R17', 'R2', 'R28', 'R7', 'R1', 'R70', 'R8', 'R24']"
2478932.09409767,99.06936665561368,9.132488949263939,"['D1', 'R13', 'R6', 'R7', 'R1', 'R5', 'R26', 'R11', 'R17', 'R14', 'R2', 'R3', 'R12', 'R10', 'R70', 'R23', 'R20', 'R28', 'R24', 'R8']"
2480968.0645680693,121.6511154399895,10.93122631136032,"['D1', 'R13', 'R20', 'R7', 'R1', 'R6', 'R28', 'R23', 'R2', 'R17', 'R14', 'R26', 'R5', 'R11', 'R3', 'R12', 'R10', 'R70', 'R24', 'R8']"
