Cluster,Warehouse Cost,Distribution Cost,Outlet Cost,Total Cost
Cluster1,0.0,inf,inf,inf
Cluster2,132367.92783569248,263767.53181449784,2214249.5190722523,2610384.978722443
