total_cost,total_distance,total_fuel_consumed,route
2479629.52097001,106.80480224058235,9.726760582590089,"['D1', 'R20', 'R13', 'R28', 'R7', 'R1', 'R2', 'R17', 'R14', 'R11', 'R26', 'R5', 'R6', 'R23', 'R10', 'R3', 'R12', 'R70', 'R8', 'R24']"
2481113.9226585776,123.26888485556243,11.305963360770319,"['D1', 'R13', 'R6', 'R20', 'R28', 'R7', 'R3', 'R12', 'R10', 'R11', 'R26', 'R5', 'R14', 'R17', 'R2', 'R1', 'R23', 'R70', 'R24', 'R8']"
2481273.4041863154,125.03775716853988,11.673518117471165,"['D1', 'R13', 'R20', 'R6', 'R7', 'R1', 'R5', 'R2', 'R17', 'R14', 'R26', 'R11', 'R3', 'R12', 'R10', 'R23', 'R28', 'R24', 'R70', 'R8']"
2481123.619185663,123.37643284896619,11.207544069551641,"['D1', 'R13', 'R28', 'R6', 'R1', 'R7', 'R12', 'R3', 'R10', 'R70', 'R26', 'R5', 'R11', 'R17', 'R14', 'R2', 'R20', 'R23', 'R24', 'R8']"
2480780.627249128,119.57217445794629,10.962238073390381,"['D1', 'R13', 'R20', 'R6', 'R17', 'R14', 'R2', 'R11', 'R26', 'R5', 'R1', 'R7', 'R3', 'R12', 'R10', 'R23', 'R28', 'R24', 'R8', 'R70']"
