total_cost,total_distance,total_fuel_consumed,route
2480649.768894242,118.12077300623838,10.87718545942512,"['D1', 'R6', 'R1', 'R7', 'R5', 'R11', 'R2', 'R14', 'R17', 'R26', 'R3', 'R12', 'R10', 'R28', 'R13', 'R20', 'R23', 'R70', 'R8', 'R24']"
2482353.505163144,137.01758166752597,12.6843627721703,"['D1', 'R20', 'R13', 'R3', 'R12', 'R2', 'R14', 'R17', 'R11', 'R26', 'R5', 'R1', 'R7', 'R28', 'R6', 'R10', 'R23', 'R8', 'R24', 'R70']"
2480590.3659711117,117.46191183575556,10.720274121376562,"['D1', 'R20', 'R13', 'R1', 'R7', 'R28', 'R6', 'R10', 'R3', 'R2', 'R14', 'R17', 'R26', 'R11', 'R5', 'R12', 'R23', 'R70', 'R8', 'R24']"
2482693.3818839616,140.78728797650248,13.045571551126397,"['D1', 'R20', 'R6', 'R13', 'R1', 'R7', 'R28', 'R5', 'R17', 'R14', 'R2', 'R26', 'R11', 'R3', 'R10', 'R12', 'R23', 'R8', 'R70', 'R24']"
2480329.173499384,114.56492346255757,10.590217346807249,"['D1', 'R20', 'R13', 'R6', 'R1', 'R7', 'R10', 'R12', 'R3', 'R2', 'R17', 'R14', 'R11', 'R5', 'R26', 'R28', 'R23', 'R70', 'R8', 'R24']"
