total_cost,total_distance,total_fuel_consumed,route
2480311.6417070953,114.37047146290703,10.33917743998055,"['D1', 'R20', 'R13', 'R28', 'R7', 'R6', 'R10', 'R12', 'R3', 'R23', 'R1', 'R26', 'R11', 'R5', 'R14', 'R17', 'R2', 'R70', 'R8', 'R24']"
2482573.745662346,139.4603556160862,12.85146069525966,"['D1', 'R20', 'R13', 'R11', 'R5', 'R26', 'R14', 'R17', 'R2', 'R12', 'R3', 'R10', 'R6', 'R28', 'R1', 'R7', 'R24', 'R70', 'R23', 'R8']"
2480626.1725984016,117.85905721385856,10.891999580955114,"['D1', 'R6', 'R13', 'R20', 'R23', 'R10', 'R12', 'R3', 'R2', 'R17', 'R14', 'R11', 'R5', 'R26', 'R1', 'R7', 'R28', 'R70', 'R24', 'R8']"
2480570.099906186,117.23713294350438,10.81327969305124,"['D1', 'R20', 'R13', 'R6', 'R28', 'R10', 'R12', 'R3', 'R2', 'R14', 'R17', 'R26', 'R5', 'R11', 'R1', 'R7', 'R23', 'R70', 'R24', 'R8']"
2480836.944683129,120.19681325564476,10.973590597803403,"['D1', 'R6', 'R13', 'R20', 'R7', 'R28', 'R1', 'R2', 'R14', 'R17', 'R11', 'R5', 'R26', 'R10', 'R12', 'R3', 'R23', 'R70', 'R24', 'R8']"
