total_cost,total_distance,total_fuel_consumed,route
2480080.593452766,111.80782445392822,10.257997959686364,"['D1', 'R13', 'R7', 'R1', 'R11', 'R2', 'R17', 'R14', 'R26', 'R5', 'R28', 'R6', 'R20', 'R23', 'R10', 'R3', 'R12', 'R70', 'R24', 'R8']"
2482944.422064471,143.5716732971514,13.29356701146634,"['D1', 'R13', 'R1', 'R2', 'R17', 'R14', 'R26', 'R5', 'R11', 'R7', 'R10', 'R3', 'R12', 'R23', 'R6', 'R20', 'R28', 'R8', 'R70', 'R24']"
2480957.4833789165,121.5337553118486,11.106790455865935,"['D1', 'R6', 'R13', 'R28', 'R11', 'R26', 'R17', 'R14', 'R2', 'R5', 'R7', 'R1', 'R12', 'R3', 'R10', 'R70', 'R23', 'R20', 'R8', 'R24']"
2483267.5435873126,147.1555411192596,13.690661834108926,"['D1', 'R13', 'R6', 'R20', 'R1', 'R5', 'R26', 'R2', 'R14', 'R17', 'R11', 'R3', 'R12', 'R10', 'R7', 'R28', 'R23', 'R8', 'R70', 'R24']"
2480317.2445041,114.43261428682814,10.416952295159508,"['D1', 'R13', 'R6', 'R20', 'R7', 'R1', 'R28', 'R5', 'R14', 'R17', 'R2', 'R11', 'R26', 'R12', 'R3', 'R10', 'R70', 'R23', 'R24', 'R8']"
