total_cost,total_distance,total_fuel_consumed,route
2479951.862126065,110.38001470791231,10.087472491173404,"['D1', 'R13', 'R6', 'R7', 'R1', 'R3', 'R12', 'R10', 'R23', 'R20', 'R28', 'R11', 'R5', 'R26', 'R14', 'R17', 'R2', 'R70', 'R8', 'R24']"
2479281.8099743635,102.94820290997967,9.507828516501046,"['D1', 'R13', 'R20', 'R6', 'R7', 'R1', 'R5', 'R26', 'R11', 'R14', 'R17', 'R2', 'R3', 'R12', 'R10', 'R23', 'R70', 'R28', 'R24', 'R8']"
2480110.12127657,112.13532915450662,10.441005061892383,"['D1', 'R13', 'R6', 'R28', 'R7', 'R1', 'R26', 'R5', 'R11', 'R17', 'R14', 'R2', 'R12', 'R3', 'R10', 'R23', 'R20', 'R24', 'R8', 'R70']"
2480259.9350617216,113.79697273427189,10.553506481038953,"['D1', 'R13', 'R6', 'R7', 'R1', 'R5', 'R26', 'R11', 'R17', 'R14', 'R2', 'R10', 'R3', 'R12', 'R23', 'R70', 'R28', 'R20', 'R24', 'R8']"
2480142.205884864,112.4911921568806,10.48616296691088,"['D1', 'R13', 'R6', 'R28', 'R7', 'R1', 'R11', 'R26', 'R5', 'R17', 'R14', 'R2', 'R12', 'R3', 'R10', 'R23', 'R20', 'R70', 'R8', 'R24']"
