total_cost,total_distance,total_fuel_consumed,route
2216060.233217413,67.21642876456303,5.9741799721269935,"['D5', 'R27', 'R36', 'R30', 'R35', 'R38', 'R22', 'R4', 'R15', 'R32', 'R31', 'R18', 'R21', 'R16', 'R33', 'R37', 'R9', 'R34']"
2216708.459221145,74.40615817596323,6.495309661185365,"['D5', 'R4', 'R38', 'R27', 'R36', 'R30', 'R22', 'R32', 'R31', 'R18', 'R16', 'R21', 'R9', 'R37', 'R33', 'R15', 'R35', 'R34']"
2218469.6156925317,93.93983687369085,8.303468602100743,"['D5', 'R4', 'R27', 'R36', 'R32', 'R35', 'R38', 'R22', 'R15', 'R16', 'R18', 'R31', 'R37', 'R33', 'R21', 'R9', 'R34', 'R30']"
2218073.027620875,89.54112268051493,7.934469122967391,"['D5', 'R4', 'R36', 'R30', 'R27', 'R32', 'R15', 'R21', 'R16', 'R18', 'R31', 'R38', 'R35', 'R22', 'R33', 'R37', 'R9', 'R34']"
2217617.4038836644,84.48762071499922,7.004707265702306,"['D5', 'R32', 'R4', 'R15', 'R27', 'R36', 'R38', 'R35', 'R30', 'R22', 'R34', 'R37', 'R33', 'R21', 'R16', 'R18', 'R31', 'R9']"
