total_cost,total_distance,total_fuel_consumed,route
2216626.5126058236,73.4972560539447,6.4765443226415425,"['D5', 'R36', 'R27', 'R30', 'R38', 'R22', 'R35', 'R4', 'R32', 'R15', 'R31', 'R16', 'R18', 'R9', 'R21', 'R33', 'R37', 'R34']"
2216691.564859217,74.21877616700225,6.506015671863544,"['D5', 'R22', 'R27', 'R30', 'R36', 'R38', 'R4', 'R32', 'R15', 'R21', 'R16', 'R18', 'R9', 'R37', 'R33', 'R31', 'R35', 'R34']"
2217331.343241141,81.31480968435196,7.085040388567311,"['D5', 'R31', 'R15', 'R32', 'R4', 'R27', 'R22', 'R38', 'R36', 'R35', 'R30', 'R18', 'R21', 'R16', 'R9', 'R33', 'R37', 'R34']"
2217578.652333855,84.05781204364618,7.301034809573304,"['D5', 'R38', 'R30', 'R27', 'R22', 'R4', 'R36', 'R35', 'R15', 'R32', 'R18', 'R16', 'R21', 'R31', 'R33', 'R37', 'R9', 'R34']"
2217161.5079906913,79.43110016295131,7.102474430114424,"['D5', 'R22', 'R27', 'R36', 'R4', 'R15', 'R31', 'R16', 'R21', 'R18', 'R9', 'R33', 'R37', 'R30', 'R38', 'R35', 'R32', 'R34']"
