total_cost,total_distance,total_fuel_consumed,route
2216113.4833603785,67.80704703170746,5.943119015729611,"['D5', 'R22', 'R36', 'R27', 'R4', 'R32', 'R15', 'R18', 'R16', 'R31', 'R21', 'R37', 'R33', 'R9', 'R38', 'R30', 'R35', 'R34']"
2216399.059120667,70.97448004289416,6.080560908061722,"['D5', 'R32', 'R15', 'R18', 'R16', 'R21', 'R31', 'R9', 'R33', 'R37', 'R22', 'R27', 'R36', 'R4', 'R38', 'R35', 'R30', 'R34']"
2217950.058739032,88.17722647551268,7.671934691619057,"['D5', 'R22', 'R4', 'R27', 'R36', 'R32', 'R18', 'R16', 'R31', 'R21', 'R15', 'R38', 'R35', 'R30', 'R34', 'R9', 'R33', 'R37']"
2216546.0211972515,72.60449420198883,6.372463067052118,"['D5', 'R32', 'R15', 'R4', 'R36', 'R27', 'R35', 'R30', 'R38', 'R22', 'R18', 'R16', 'R31', 'R21', 'R9', 'R33', 'R37', 'R34']"
2217267.9970800336,80.61221251146199,7.063331421387169,"['D5', 'R27', 'R36', 'R38', 'R22', 'R4', 'R32', 'R15', 'R9', 'R18', 'R16', 'R31', 'R21', 'R33', 'R37', 'R35', 'R30', 'R34']"
