total_cost,total_distance,total_fuel_consumed,route
2216393.3265042547,70.91089734088919,6.094051755366947,"['D5', 'R22', 'R35', 'R4', 'R32', 'R15', 'R31', 'R16', 'R18', 'R21', 'R33', 'R37', 'R9', 'R36', 'R27', 'R38', 'R30', 'R34']"
2217266.4580193507,80.59514218445621,7.067746073223031,"['D5', 'R36', 'R27', 'R4', 'R15', 'R32', 'R22', 'R38', 'R30', 'R35', 'R18', 'R16', 'R21', 'R31', 'R9', 'R37', 'R33', 'R34']"
2215720.5669597033,63.449056784643375,5.576475260238495,"['D5', 'R22', 'R36', 'R27', 'R4', 'R32', 'R15', 'R31', 'R16', 'R18', 'R21', 'R37', 'R33', 'R9', 'R30', 'R35', 'R38', 'R34']"
2216605.4722262663,73.26388893374744,6.424451091526285,"['D5', 'R36', 'R27', 'R4', 'R22', 'R35', 'R38', 'R30', 'R32', 'R31', 'R16', 'R18', 'R21', 'R37', 'R33', 'R9', 'R15', 'R34']"
2215751.6190641066,63.79346788051063,5.677562632166564,"['D5', 'R22', 'R36', 'R27', 'R30', 'R35', 'R38', 'R4', 'R32', 'R15', 'R31', 'R18', 'R16', 'R21', 'R33', 'R37', 'R9', 'R34']"
