total_cost,total_distance,total_fuel_consumed,route
2481109.831849238,123.22351208116427,11.313228928486067,"['D2', 'R2', 'R14', 'R17', 'R26', 'R11', 'R5', 'R1', 'R7', 'R28', 'R6', 'R13', 'R12', 'R3', 'R10', 'R70', 'R23', 'R20', 'R8', 'R24']"
2483183.320707868,146.22139205710107,13.269637334909113,"['D2', 'R28', 'R7', 'R6', 'R3', 'R10', 'R12', 'R2', 'R14', 'R17', 'R11', 'R26', 'R5', 'R1', 'R13', 'R23', 'R20', 'R70', 'R24', 'R8']"
2481129.486070688,123.44150477692448,10.732181427781512,"['D2', 'R8', 'R14', 'R17', 'R2', 'R11', 'R26', 'R5', 'R28', 'R7', 'R1', 'R13', 'R20', 'R6', 'R3', 'R10', 'R12', 'R23', 'R70', 'R24']"
2484021.2468705545,155.51516049860874,14.105870571098551,"['D2', 'R7', 'R11', 'R2', 'R17', 'R14', 'R26', 'R5', 'R1', 'R3', 'R10', 'R12', 'R70', 'R20', 'R6', 'R13', 'R28', 'R8', 'R23', 'R24']"
2483083.6758804573,145.11619210800603,12.965425953644335,"['D2', 'R7', 'R6', 'R11', 'R17', 'R14', 'R2', 'R12', 'R3', 'R10', 'R23', 'R1', 'R5', 'R26', 'R28', 'R70', 'R13', 'R20', 'R24', 'R8']"
