total_cost,total_distance,total_fuel_consumed,route
2481549.6521148207,128.10173153084557,11.544159544084998,"['D2', 'R1', 'R7', 'R5', 'R26', 'R11', 'R14', 'R17', 'R2', 'R23', 'R10', 'R3', 'R12', 'R6', 'R20', 'R13', 'R28', 'R24', 'R8', 'R70']"
2482014.955447544,133.26259369503506,12.213273283405778,"['D2', 'R2', 'R17', 'R14', 'R5', 'R26', 'R11', 'R1', 'R7', 'R13', 'R6', 'R20', 'R12', 'R3', 'R10', 'R70', 'R28', 'R23', 'R24', 'R8']"
2480199.9794063736,113.13198099349887,10.16482495661689,"['D2', 'R11', 'R26', 'R17', 'R14', 'R2', 'R5', 'R1', 'R28', 'R7', 'R6', 'R10', 'R3', 'R12', 'R70', 'R23', 'R20', 'R13', 'R24', 'R8']"
2483131.4570247033,145.64615156059435,13.473340709713408,"['D2', 'R26', 'R2', 'R17', 'R14', 'R5', 'R11', 'R3', 'R12', 'R10', 'R13', 'R6', 'R7', 'R1', 'R28', 'R23', 'R20', 'R24', 'R70', 'R8']"
2483124.8827748,145.57323397072327,13.37919114470809,"['D2', 'R5', 'R14', 'R17', 'R2', 'R1', 'R7', 'R3', 'R12', 'R10', 'R23', 'R6', 'R13', 'R28', 'R26', 'R11', 'R20', 'R70', 'R24', 'R8']"
