total_cost,total_distance,total_fuel_consumed,route
2482881.0216470696,142.86847434638628,13.222316871342187,"['D2', 'R26', 'R11', 'R17', 'R14', 'R2', 'R5', 'R12', 'R3', 'R10', 'R1', 'R7', 'R13', 'R28', 'R6', 'R20', 'R23', 'R8', 'R24', 'R70']"
2480691.8822461753,118.58786874639723,10.910419169870037,"['D2', 'R2', 'R14', 'R17', 'R11', 'R5', 'R26', 'R1', 'R7', 'R6', 'R20', 'R13', 'R28', 'R3', 'R12', 'R10', 'R23', 'R70', 'R24', 'R8']"
2481411.2005837862,126.56611117775128,11.510492450906556,"['D2', 'R14', 'R17', 'R2', 'R11', 'R5', 'R26', 'R28', 'R7', 'R1', 'R6', 'R23', 'R20', 'R13', 'R12', 'R10', 'R3', 'R70', 'R24', 'R8']"
2480779.6555236713,119.56139666893897,11.000874744980973,"['D2', 'R14', 'R17', 'R2', 'R11', 'R5', 'R26', 'R1', 'R7', 'R28', 'R13', 'R6', 'R20', 'R3', 'R12', 'R10', 'R23', 'R70', 'R24', 'R8']"
2481395.7972587887,126.39526684548717,11.512590979508092,"['D2', 'R26', 'R11', 'R5', 'R14', 'R17', 'R2', 'R3', 'R10', 'R12', 'R70', 'R1', 'R7', 'R13', 'R6', 'R20', 'R28', 'R23', 'R24', 'R8']"
