total_cost,total_distance,total_fuel_consumed,route
2479525.4583613486,105.65060294308819,9.631722928104809,"['D2', 'R17', 'R14', 'R2', 'R11', 'R26', 'R5', 'R7', 'R1', 'R28', 'R6', 'R13', 'R20', 'R23', 'R10', 'R3', 'R12', 'R70', 'R8', 'R24']"
2481229.882080129,124.55503638120447,11.305746921161111,"['D2', 'R5', 'R11', 'R26', 'R14', 'R17', 'R2', 'R12', 'R3', 'R10', 'R70', 'R7', 'R1', 'R13', 'R6', 'R28', 'R20', 'R23', 'R24', 'R8']"
2480718.186521002,118.87961979815884,10.700803715023357,"['D2', 'R17', 'R14', 'R2', 'R70', 'R10', 'R3', 'R12', 'R1', 'R7', 'R11', 'R26', 'R5', 'R28', 'R13', 'R20', 'R6', 'R23', 'R24', 'R8']"
2480865.350757803,120.5118761956897,11.083843079219893,"['D2', 'R14', 'R17', 'R2', 'R11', 'R5', 'R26', 'R7', 'R1', 'R10', 'R3', 'R12', 'R23', 'R6', 'R13', 'R20', 'R28', 'R24', 'R8', 'R70']"
2480951.1072651204,121.4630353274257,11.181802486181397,"['D2', 'R17', 'R14', 'R2', 'R11', 'R26', 'R5', 'R1', 'R7', 'R6', 'R13', 'R20', 'R3', 'R12', 'R10', 'R23', 'R28', 'R24', 'R8', 'R70']"
