total_cost,total_distance,total_fuel_consumed,route
2482467.348969134,138.28026806936876,12.853471157330628,"['D2', 'R14', 'R17', 'R2', 'R26', 'R5', 'R11', 'R7', 'R1', 'R10', 'R12', 'R3', 'R23', 'R13', 'R6', 'R28', 'R20', 'R24', 'R70', 'R8']"
2480719.5916404515,118.89520453029544,10.805300727971908,"['D2', 'R11', 'R17', 'R14', 'R2', 'R26', 'R5', 'R7', 'R28', 'R1', 'R6', 'R13', 'R20', 'R10', 'R12', 'R3', 'R23', 'R70', 'R8', 'R24']"
2481413.647455448,126.59325039317395,11.676829712508082,"['D2', 'R17', 'R14', 'R2', 'R26', 'R5', 'R11', 'R1', 'R3', 'R12', 'R10', 'R23', 'R6', 'R13', 'R7', 'R28', 'R20', 'R70', 'R8', 'R24']"
2480956.7247040644,121.52534055084806,11.040918896157264,"['D2', 'R11', 'R2', 'R17', 'R14', 'R26', 'R5', 'R7', 'R1', 'R6', 'R28', 'R20', 'R13', 'R10', 'R3', 'R12', 'R23', 'R70', 'R8', 'R24']"
2480850.4054827644,120.3461122755619,10.921614420113219,"['D2', 'R5', 'R11', 'R14', 'R17', 'R2', 'R26', 'R7', 'R1', 'R6', 'R28', 'R13', 'R20', 'R10', 'R12', 'R3', 'R23', 'R70', 'R8', 'R24']"
