total_cost,total_distance,total_fuel_consumed,route
2480649.757898124,118.12065104396483,11.054434423859492,"['D3', 'R1', 'R7', 'R11', 'R26', 'R5', 'R14', 'R17', 'R2', 'R12', 'R3', 'R10', 'R23', 'R20', 'R13', 'R6', 'R28', 'R70', 'R24', 'R8']"
2480317.1516794288,114.43158473191542,10.539171932744265,"['D3', 'R7', 'R1', 'R28', 'R10', 'R3', 'R12', 'R17', 'R14', 'R2', 'R11', 'R26', 'R5', 'R6', 'R13', 'R20', 'R23', 'R70', 'R8', 'R24']"
2480917.092638199,121.08576572980785,11.110807421466882,"['D3', 'R1', 'R7', 'R28', 'R6', 'R13', 'R20', 'R12', 'R3', 'R10', 'R23', 'R14', 'R17', 'R2', 'R11', 'R26', 'R5', 'R70', 'R24', 'R8']"
2479723.821821654,107.8507300538454,9.849316980927119,"['D3', 'R7', 'R1', 'R6', 'R20', 'R13', 'R28', 'R11', 'R26', 'R5', 'R17', 'R14', 'R2', 'R3', 'R12', 'R10', 'R23', 'R70', 'R8', 'R24']"
2480121.8646159237,112.26557914734192,10.292644506225745,"['D3', 'R1', 'R7', 'R6', 'R13', 'R20', 'R23', 'R12', 'R3', 'R10', 'R17', 'R14', 'R2', 'R11', 'R26', 'R5', 'R28', 'R24', 'R8', 'R70']"
