total_cost,total_distance,total_fuel_consumed,route
2480212.6945428774,113.27300957051256,10.362608798758043,"['D3', 'R7', 'R1', 'R28', 'R13', 'R6', 'R20', 'R23', 'R10', 'R12', 'R3', 'R2', 'R17', 'R14', 'R11', 'R5', 'R26', 'R24', 'R8', 'R70']"
2479667.658338518,107.22779878569455,9.812325254398921,"['D3', 'R1', 'R7', 'R28', 'R13', 'R6', 'R20', 'R23', 'R10', 'R12', 'R3', 'R2', 'R14', 'R17', 'R11', 'R5', 'R26', 'R70', 'R8', 'R24']"
2481080.1796262334,122.89462762015648,11.300622000078002,"['D3', 'R1', 'R7', 'R11', 'R14', 'R17', 'R2', 'R5', 'R26', 'R3', 'R12', 'R10', 'R70', 'R6', 'R28', 'R13', 'R20', 'R23', 'R8', 'R24']"
2479210.3493092307,102.15560458330555,9.352374333991822,"['D3', 'R7', 'R1', 'R11', 'R5', 'R26', 'R2', 'R17', 'R14', 'R12', 'R3', 'R10', 'R70', 'R23', 'R20', 'R13', 'R28', 'R6', 'R24', 'R8']"
2480930.36023757,121.2329218896403,11.211042426682932,"['D3', 'R2', 'R17', 'R14', 'R12', 'R3', 'R10', 'R11', 'R5', 'R26', 'R1', 'R7', 'R6', 'R28', 'R13', 'R20', 'R23', 'R70', 'R24', 'R8']"
