total_cost,total_distance,total_fuel_consumed,route
2481453.2244529473,127.03221442931672,11.836924996343626,"['D3', 'R7', 'R1', 'R6', 'R28', 'R5', 'R11', 'R17', 'R14', 'R2', 'R26', 'R12', 'R3', 'R10', 'R23', 'R20', 'R13', 'R24', 'R70', 'R8']"
2483108.039420336,145.38641770559317,13.51866637908276,"['D3', 'R1', 'R17', 'R14', 'R2', 'R5', 'R11', 'R26', 'R12', 'R3', 'R10', 'R28', 'R6', 'R7', 'R13', 'R23', 'R20', 'R24', 'R70', 'R8']"
2481259.869749358,124.88764140813795,11.297816471501273,"['D3', 'R7', 'R3', 'R12', 'R10', 'R23', 'R1', 'R5', 'R17', 'R14', 'R2', 'R26', 'R11', 'R70', 'R13', 'R6', 'R28', 'R20', 'R24', 'R8']"
2480668.2289874665,118.32552115646114,10.706996314205998,"['D3', 'R28', 'R1', 'R7', 'R6', 'R10', 'R3', 'R12', 'R70', 'R2', 'R14', 'R17', 'R11', 'R5', 'R26', 'R13', 'R23', 'R20', 'R24', 'R8']"
2481880.7118912353,131.77364564369296,12.359858847881238,"['D3', 'R1', 'R7', 'R5', 'R11', 'R14', 'R17', 'R2', 'R26', 'R12', 'R3', 'R10', 'R23', 'R6', 'R13', 'R28', 'R20', 'R24', 'R70', 'R8']"
