total_cost,total_distance,total_fuel_consumed,route
2481534.281032024,127.93124480949129,11.633532177099566,"['D3', 'R28', 'R11', 'R17', 'R2', 'R14', 'R26', 'R5', 'R6', 'R7', 'R1', 'R20', 'R13', 'R12', 'R3', 'R10', 'R23', 'R70', 'R24', 'R8']"
2482460.285712823,138.20192671720008,12.585190074079218,"['D3', 'R1', 'R5', 'R7', 'R13', 'R6', 'R28', 'R17', 'R2', 'R14', 'R26', 'R11', 'R10', 'R12', 'R3', 'R20', 'R70', 'R23', 'R24', 'R8']"
2484256.8579048556,158.12841509378114,14.398205339390845,"['D3', 'R7', 'R10', 'R12', 'R3', 'R23', 'R13', 'R1', 'R6', 'R2', 'R14', 'R17', 'R11', 'R26', 'R5', 'R70', 'R28', 'R8', 'R20', 'R24']"
2482234.9640770606,135.70279588576742,12.502963967974608,"['D3', 'R3', 'R12', 'R17', 'R14', 'R2', 'R11', 'R26', 'R5', 'R1', 'R28', 'R7', 'R10', 'R13', 'R6', 'R23', 'R20', 'R70', 'R8', 'R24']"
2481582.3698803713,128.4646171292295,11.853045460487989,"['D3', 'R28', 'R7', 'R5', 'R11', 'R2', 'R14', 'R17', 'R26', 'R3', 'R12', 'R10', 'R1', 'R6', 'R23', 'R13', 'R20', 'R70', 'R8', 'R24']"
