total_cost,total_distance,total_fuel_consumed,route
2482696.607448555,140.8230639813089,12.702801463240466,"['D1', 'R7', 'R6', 'R13', 'R28', 'R20', 'R12', 'R3', 'R10', 'R23', 'R1', 'R11', 'R5', 'R26', 'R2', 'R14', 'R17', 'R8', 'R70', 'R24']"
2480064.018574665,111.62398596567078,10.141799079871213,"['D1', 'R6', 'R28', 'R7', 'R17', 'R14', 'R2', 'R26', 'R11', 'R5', 'R1', 'R3', 'R12', 'R10', 'R70', 'R23', 'R13', 'R20', 'R24', 'R8']"
2482625.509720772,140.03449113544852,13.101271954101307,"['D1', 'R13', 'R10', 'R3', 'R12', 'R2', 'R17', 'R14', 'R11', 'R5', 'R26', 'R1', 'R7', 'R6', 'R28', 'R20', 'R23', 'R24', 'R70', 'R8']"
2482380.9171144506,137.32161839452846,12.745282474212356,"['D1', 'R20', 'R13', 'R28', 'R1', 'R7', 'R6', 'R10', 'R3', 'R12', 'R14', 'R17', 'R2', 'R11', 'R5', 'R26', 'R23', 'R8', 'R24', 'R70']"
2483861.1164648645,153.73909122520018,14.203065319230504,"['D1', 'R13', 'R28', 'R1', 'R7', 'R6', 'R20', 'R3', 'R12', 'R10', 'R11', 'R5', 'R17', 'R14', 'R2', 'R26', 'R8', 'R23', 'R24', 'R70']"
