total_cost,total_distance,total_fuel_consumed,route
2483365.980515794,148.24734378653102,13.687038019689354,"['D1', 'R13', 'R28', 'R6', 'R7', 'R12', 'R10', 'R14', 'R17', 'R2', 'R3', 'R1', 'R26', 'R11', 'R5', 'R23', 'R20', 'R24', 'R70', 'R8']"
2483514.2503876607,149.89186321717668,13.700777220175528,"['D1', 'R13', 'R1', 'R6', 'R20', 'R11', 'R2', 'R17', 'R14', 'R26', 'R5', 'R7', 'R28', 'R3', 'R10', 'R12', 'R23', 'R24', 'R70', 'R8']"
2481423.0585029186,126.69763201995454,11.706485759874196,"['D1', 'R20', 'R13', 'R6', 'R1', 'R3', 'R10', 'R12', 'R26', 'R11', 'R14', 'R17', 'R2', 'R5', 'R7', 'R28', 'R70', 'R23', 'R8', 'R24']"
2481554.883304885,128.15975271611887,11.077668847224757,"['D1', 'R13', 'R24', 'R7', 'R28', 'R6', 'R1', 'R11', 'R2', 'R17', 'R14', 'R26', 'R5', 'R3', 'R10', 'R12', 'R20', 'R23', 'R70', 'R8']"
2480521.953841321,116.70312601288401,10.63022143132415,"['D1', 'R20', 'R13', 'R6', 'R1', 'R17', 'R14', 'R26', 'R11', 'R2', 'R5', 'R28', 'R7', 'R10', 'R3', 'R12', 'R23', 'R70', 'R8', 'R24']"
