total_cost,total_distance,total_fuel_consumed,route
2482113.722406136,134.35805685598788,12.560389685066873,"['D1', 'R20', 'R13', 'R6', 'R1', 'R7', 'R5', 'R26', 'R17', 'R14', 'R2', 'R11', 'R10', 'R12', 'R3', 'R23', 'R28', 'R8', 'R70', 'R24']"
2480471.956001412,116.14858031735264,10.623624706770533,"['D1', 'R20', 'R13', 'R7', 'R1', 'R28', 'R6', 'R10', 'R12', 'R3', 'R14', 'R17', 'R2', 'R26', 'R5', 'R11', 'R23', 'R70', 'R8', 'R24']"
2480395.0077414527,115.29511691939729,10.485406937592979,"['D1', 'R20', 'R6', 'R13', 'R7', 'R1', 'R28', 'R11', 'R26', 'R17', 'R14', 'R2', 'R5', 'R12', 'R3', 'R10', 'R70', 'R23', 'R24', 'R8']"
2480332.4262181865,114.60100064536746,10.62468474125234,"['D1', 'R13', 'R6', 'R28', 'R7', 'R1', 'R5', 'R11', 'R17', 'R14', 'R2', 'R26', 'R10', 'R3', 'R12', 'R70', 'R23', 'R20', 'R8', 'R24']"
2480828.879014145,120.10735375050439,11.080434527776001,"['D1', 'R20', 'R6', 'R7', 'R1', 'R5', 'R11', 'R2', 'R14', 'R17', 'R26', 'R10', 'R3', 'R12', 'R28', 'R13', 'R23', 'R70', 'R8', 'R24']"
