total_cost,total_distance,total_fuel_consumed,route
2217916.1799691264,87.80146372145343,7.745000442342493,"['D6', 'R27', 'R36', 'R32', 'R18', 'R31', 'R15', 'R4', 'R38', 'R30', 'R22', 'R35', 'R21', 'R9', 'R33', 'R37', 'R16', 'R34']"
2216289.305649321,69.75716115041709,6.119638375418155,"['D6', 'R38', 'R36', 'R35', 'R30', 'R27', 'R4', 'R22', 'R32', 'R15', 'R18', 'R31', 'R16', 'R21', 'R33', 'R37', 'R9', 'R34']"
2216248.871357621,69.30868852729637,6.061160029057728,"['D6', 'R36', 'R27', 'R22', 'R4', 'R18', 'R15', 'R32', 'R31', 'R16', 'R21', 'R33', 'R37', 'R9', 'R38', 'R30', 'R35', 'R34']"
2216639.3536374257,73.63968098298182,6.499253231906389,"['D6', 'R36', 'R27', 'R22', 'R35', 'R30', 'R38', 'R4', 'R18', 'R15', 'R32', 'R31', 'R33', 'R37', 'R9', 'R16', 'R21', 'R34']"
2216350.716519974,70.43829325614549,6.067473947507231,"['D6', 'R27', 'R36', 'R15', 'R32', 'R31', 'R18', 'R16', 'R21', 'R33', 'R37', 'R9', 'R4', 'R35', 'R30', 'R38', 'R22', 'R34']"
