total_cost,total_distance,total_fuel_consumed,route
2215983.242936227,66.36249929266901,5.807672688798369,"['D6', 'R36', 'R27', 'R4', 'R32', 'R15', 'R31', 'R18', 'R21', 'R16', 'R37', 'R33', 'R9', 'R22', 'R38', 'R35', 'R30', 'R34']"
2215094.9636362474,56.51024441268501,5.1025237414512254,"['D6', 'R30', 'R35', 'R38', 'R22', 'R27', 'R36', 'R4', 'R32', 'R15', 'R18', 'R31', 'R16', 'R21', 'R9', 'R33', 'R37', 'R34']"
2215957.2216754584,66.07388726107466,5.916110260980832,"['D6', 'R30', 'R38', 'R35', 'R36', 'R27', 'R22', 'R4', 'R15', 'R18', 'R31', 'R16', 'R21', 'R9', 'R33', 'R37', 'R32', 'R34']"
2216282.77116531,69.68468461967915,6.014467899154503,"['D6', 'R30', 'R38', 'R35', 'R18', 'R31', 'R16', 'R21', 'R9', 'R37', 'R33', 'R15', 'R32', 'R22', 'R27', 'R36', 'R4', 'R34']"
2215223.6773938257,57.93785929265625,5.205572172007268,"['D6', 'R30', 'R35', 'R38', 'R27', 'R36', 'R4', 'R32', 'R15', 'R18', 'R31', 'R16', 'R21', 'R9', 'R33', 'R37', 'R22', 'R34']"
