total_cost,total_distance,total_fuel_consumed,route
2217266.205122403,80.59233720500234,7.1088230320059616,"['D6', 'R36', 'R27', 'R30', 'R38', 'R22', 'R35', 'R4', 'R21', 'R16', 'R31', 'R18', 'R15', 'R32', 'R9', 'R33', 'R37', 'R34']"
2216904.2202353273,76.57742053380463,6.800444473899292,"['D6', 'R36', 'R27', 'R38', 'R30', 'R35', 'R22', 'R32', 'R4', 'R15', 'R31', 'R21', 'R16', 'R18', 'R37', 'R33', 'R9', 'R34']"
2216342.891128526,70.3514987636001,5.751664313850601,"['D6', 'R27', 'R36', 'R30', 'R22', 'R38', 'R35', 'R34', 'R4', 'R15', 'R32', 'R18', 'R31', 'R21', 'R16', 'R33', 'R37', 'R9']"
2216723.314083274,74.57091929096994,6.593013900101154,"['D6', 'R38', 'R30', 'R35', 'R27', 'R36', 'R22', 'R4', 'R18', 'R15', 'R16', 'R31', 'R21', 'R37', 'R33', 'R9', 'R32', 'R34']"
2216532.045300387,72.44948203623446,6.436076600892754,"['D6', 'R30', 'R27', 'R36', 'R4', 'R22', 'R38', 'R35', 'R32', 'R15', 'R31', 'R16', 'R9', 'R21', 'R33', 'R37', 'R18', 'R34']"
