total_cost,total_distance,total_fuel_consumed,route
2216238.4883621875,69.19352664361122,6.141658982515104,"['D6', 'R30', 'R36', 'R27', 'R4', 'R22', 'R38', 'R35', 'R15', 'R32', 'R18', 'R31', 'R16', 'R21', 'R37', 'R33', 'R9', 'R34']"
2215947.669277065,65.96793785564911,5.923516099226205,"['D6', 'R30', 'R35', 'R38', 'R22', 'R27', 'R36', 'R32', 'R4', 'R15', 'R18', 'R16', 'R21', 'R31', 'R9', 'R37', 'R33', 'R34']"
2216902.311144992,76.556246062467,6.740386559341379,"['D6', 'R30', 'R36', 'R27', 'R4', 'R22', 'R38', 'R35', 'R31', 'R18', 'R15', 'R32', 'R33', 'R37', 'R9', 'R21', 'R16', 'R34']"
2215800.1814901712,64.33209283685804,5.781353530094498,"['D6', 'R30', 'R35', 'R38', 'R36', 'R27', 'R22', 'R4', 'R32', 'R15', 'R18', 'R21', 'R16', 'R31', 'R9', 'R37', 'R33', 'R34']"
2215446.655322677,60.41099514948063,5.4350220161117,"['D6', 'R36', 'R27', 'R30', 'R35', 'R38', 'R22', 'R4', 'R32', 'R15', 'R18', 'R31', 'R16', 'R21', 'R37', 'R33', 'R9', 'R34']"
