total_cost,total_distance,total_fuel_consumed,route
2480779.5774320504,119.560530524071,10.255939846003686,"['D2', 'R14', 'R17', 'R2', 'R11', 'R26', 'R5', 'R7', 'R1', 'R6', 'R13', 'R20', 'R28', 'R24', 'R8', 'R70', 'R23', 'R10', 'R12', 'R3']"
2480857.499388517,120.42479357272514,10.8499208696747,"['D2', 'R1', 'R7', 'R28', 'R6', 'R13', 'R20', 'R23', 'R10', 'R3', 'R12', 'R2', 'R17', 'R14', 'R26', 'R5', 'R11', 'R70', 'R24', 'R8']"
2480823.803511237,120.05105935267434,11.054645562231165,"['D2', 'R26', 'R5', 'R11', 'R2', 'R17', 'R14', 'R3', 'R12', 'R10', 'R23', 'R6', 'R28', 'R7', 'R1', 'R20', 'R13', 'R24', 'R8', 'R70']"
2480252.3455516277,113.71279449454403,10.413789604225512,"['D2', 'R2', 'R17', 'R14', 'R11', 'R26', 'R5', 'R1', 'R7', 'R6', 'R28', 'R13', 'R20', 'R12', 'R3', 'R10', 'R23', 'R70', 'R8', 'R24']"
2479480.712561989,105.15430969376453,9.590462556465367,"['D2', 'R17', 'R14', 'R2', 'R11', 'R5', 'R26', 'R1', 'R7', 'R28', 'R6', 'R13', 'R20', 'R23', 'R10', 'R3', 'R12', 'R70', 'R8', 'R24']"
