total_cost,total_distance,total_fuel_consumed,route
2482933.4828112205,143.45034173936278,13.090097070910877,"['D2', 'R10', 'R12', 'R3', 'R14', 'R17', 'R2', 'R26', 'R11', 'R1', 'R28', 'R7', 'R13', 'R6', 'R5', 'R20', 'R23', 'R70', 'R24', 'R8']"
2480401.3737266995,115.3657245641044,10.568559523370322,"['D2', 'R14', 'R17', 'R2', 'R11', 'R26', 'R5', 'R7', 'R1', 'R28', 'R13', 'R6', 'R23', 'R10', 'R12', 'R3', 'R70', 'R20', 'R24', 'R8']"
2482042.172472345,133.5644684155426,11.729844605422741,"['D2', 'R8', 'R14', 'R17', 'R2', 'R3', 'R12', 'R10', 'R23', 'R1', 'R11', 'R26', 'R5', 'R7', 'R13', 'R28', 'R6', 'R20', 'R24', 'R70']"
2483220.55518314,146.634374258426,13.080271275636314,"['D2', 'R70', 'R5', 'R26', 'R17', 'R14', 'R2', 'R11', 'R10', 'R3', 'R12', 'R7', 'R1', 'R28', 'R6', 'R23', 'R13', 'R24', 'R20', 'R8']"
2484109.8356038337,156.49773296177779,14.501558018354626,"['D2', 'R11', 'R26', 'R2', 'R17', 'R14', 'R3', 'R12', 'R10', 'R1', 'R5', 'R7', 'R20', 'R6', 'R28', 'R13', 'R23', 'R8', 'R70', 'R24']"
