total_cost,total_distance,total_fuel_consumed,route
2481764.9137019585,130.4892824085953,11.921075077249114,"['D2', 'R2', 'R14', 'R17', 'R11', 'R26', 'R5', 'R6', 'R1', 'R7', 'R13', 'R28', 'R3', 'R12', 'R10', 'R23', 'R20', 'R24', 'R8', 'R70']"
2481033.546655587,122.37740301227805,11.34436024554711,"['D2', 'R5', 'R26', 'R11', 'R17', 'R14', 'R2', 'R3', 'R12', 'R10', 'R1', 'R7', 'R6', 'R20', 'R13', 'R28', 'R23', 'R70', 'R24', 'R8']"
2480914.64853076,121.05865717347152,11.120263965710416,"['D2', 'R5', 'R26', 'R11', 'R2', 'R17', 'R14', 'R3', 'R12', 'R10', 'R7', 'R1', 'R28', 'R20', 'R6', 'R13', 'R23', 'R70', 'R8', 'R24']"
2480025.692758198,111.19889927016074,10.160434472000006,"['D2', 'R2', 'R14', 'R17', 'R11', 'R26', 'R5', 'R1', 'R7', 'R6', 'R13', 'R28', 'R10', 'R3', 'R12', 'R70', 'R23', 'R20', 'R24', 'R8']"
2482856.334600171,142.59466060526645,13.310906053009226,"['D2', 'R5', 'R26', 'R11', 'R14', 'R17', 'R2', 'R10', 'R3', 'R12', 'R1', 'R7', 'R6', 'R28', 'R13', 'R20', 'R23', 'R8', 'R70', 'R24']"
