total_cost,total_distance,total_fuel_consumed,route
2480638.446301834,117.99518968316883,10.77759957561915,"['D2', 'R2', 'R17', 'R14', 'R11', 'R5', 'R26', 'R28', 'R7', 'R1', 'R6', 'R13', 'R20', 'R12', 'R3', 'R10', 'R70', 'R23', 'R24', 'R8']"
2482553.550930189,139.23636790360126,12.872099219925548,"['D2', 'R14', 'R17', 'R2', 'R26', 'R11', 'R5', 'R7', 'R1', 'R23', 'R12', 'R3', 'R10', 'R20', 'R13', 'R6', 'R28', 'R8', 'R70', 'R24']"
2480690.7258141288,118.57504230400713,10.89737190523215,"['D2', 'R14', 'R17', 'R2', 'R11', 'R5', 'R26', 'R3', 'R12', 'R10', 'R6', 'R28', 'R1', 'R7', 'R13', 'R20', 'R23', 'R70', 'R8', 'R24']"
2480876.7931323913,120.6387880700031,11.131721083314167,"['D2', 'R2', 'R17', 'R14', 'R11', 'R5', 'R26', 'R3', 'R12', 'R10', 'R23', 'R6', 'R7', 'R1', 'R28', 'R13', 'R20', 'R70', 'R8', 'R24']"
2482110.9397475333,134.3271932956244,12.489691304804705,"['D2', 'R14', 'R17', 'R2', 'R26', 'R5', 'R11', 'R1', 'R7', 'R6', 'R13', 'R28', 'R3', 'R12', 'R10', 'R23', 'R20', 'R24', 'R70', 'R8']"
