total_cost,total_distance,total_fuel_consumed,route
2480479.863287182,116.23628313201132,10.61078299105662,"['D2', 'R14', 'R17', 'R2', 'R11', 'R5', 'R26', 'R7', 'R1', 'R6', 'R28', 'R13', 'R20', 'R3', 'R12', 'R10', 'R23', 'R70', 'R8', 'R24']"
2481346.3252515104,125.84655336635727,11.123103573608075,"['D2', 'R70', 'R3', 'R12', 'R10', 'R1', 'R5', 'R26', 'R11', 'R17', 'R14', 'R2', 'R23', 'R6', 'R7', 'R13', 'R20', 'R28', 'R8', 'R24']"
2480650.8955444135,118.13326912615156,10.619842158408856,"['D2', 'R11', 'R5', 'R26', 'R12', 'R3', 'R10', 'R23', 'R6', 'R13', 'R20', 'R28', 'R7', 'R1', 'R14', 'R17', 'R2', 'R70', 'R8', 'R24']"
2480752.503040875,119.26023780917734,11.015130106029375,"['D2', 'R2', 'R17', 'R14', 'R11', 'R5', 'R26', 'R12', 'R3', 'R10', 'R1', 'R7', 'R6', 'R13', 'R20', 'R28', 'R23', 'R70', 'R8', 'R24']"
2481567.5055075046,128.29975052689358,11.708167461865296,"['D2', 'R11', 'R5', 'R26', 'R7', 'R1', 'R12', 'R3', 'R10', 'R2', 'R14', 'R17', 'R28', 'R6', 'R13', 'R20', 'R23', 'R70', 'R24', 'R8']"
