total_cost,total_distance,total_fuel_consumed,route
2480349.586697781,114.79133426998123,10.278154777222126,"['D2', 'R11', 'R26', 'R5', 'R2', 'R14', 'R17', 'R12', 'R3', 'R10', 'R23', 'R70', 'R28', 'R7', 'R1', 'R6', 'R13', 'R20', 'R24', 'R8']"
2480937.320096699,121.31011642301928,10.939709781382883,"['D2', 'R11', 'R26', 'R5', 'R2', 'R14', 'R17', 'R12', 'R3', 'R10', 'R1', 'R7', 'R23', 'R70', 'R28', 'R6', 'R13', 'R20', 'R24', 'R8']"
2480244.861055638,113.62978100752778,10.440452577666495,"['D2', 'R5', 'R26', 'R11', 'R14', 'R17', 'R2', 'R3', 'R12', 'R10', 'R1', 'R7', 'R6', 'R13', 'R20', 'R23', 'R70', 'R28', 'R24', 'R8']"
2481802.97982316,130.9114887218276,12.00789977222476,"['D2', 'R17', 'R14', 'R2', 'R5', 'R26', 'R11', 'R7', 'R1', 'R6', 'R13', 'R20', 'R28', 'R3', 'R12', 'R10', 'R23', 'R24', 'R8', 'R70']"
2481074.368378149,122.83017278338215,11.35324192050599,"['D2', 'R17', 'R14', 'R2', 'R11', 'R26', 'R5', 'R1', 'R7', 'R28', 'R13', 'R6', 'R10', 'R3', 'R12', 'R23', 'R20', 'R70', 'R8', 'R24']"
