total_cost,total_distance,total_fuel_consumed,route
2482273.8156911796,136.13371440971196,12.328250634198234,"['D2', 'R7', 'R1', 'R11', 'R2', 'R17', 'R14', 'R26', 'R5', 'R28', 'R6', 'R13', 'R20', 'R3', 'R12', 'R10', 'R23', 'R24', 'R8', 'R70']"
2481803.740438069,130.9199250007685,12.078909655190003,"['D2', 'R14', 'R17', 'R2', 'R5', 'R11', 'R26', 'R28', 'R7', 'R1', 'R10', 'R12', 'R3', 'R23', 'R20', 'R6', 'R13', 'R70', 'R24', 'R8']"
2481645.109996537,129.16049241945038,11.852363561156182,"['D2', 'R17', 'R14', 'R2', 'R3', 'R12', 'R10', 'R23', 'R13', 'R6', 'R1', 'R7', 'R11', 'R26', 'R5', 'R28', 'R20', 'R24', 'R8', 'R70']"
2481347.887208396,125.8638776441482,11.594118248424715,"['D2', 'R5', 'R11', 'R26', 'R2', 'R14', 'R17', 'R3', 'R12', 'R10', 'R23', 'R20', 'R13', 'R1', 'R7', 'R28', 'R6', 'R70', 'R24', 'R8']"
2481671.3230848927,129.4512320862115,11.83495649680227,"['D2', 'R2', 'R17', 'R14', 'R26', 'R5', 'R11', 'R28', 'R1', 'R7', 'R6', 'R23', 'R3', 'R12', 'R10', 'R13', 'R20', 'R24', 'R8', 'R70']"
