total_cost,total_distance,total_fuel_consumed,route
2481746.224123707,130.28198894971467,11.415388566290062,"['D2', 'R8', 'R14', 'R17', 'R2', 'R11', 'R26', 'R5', 'R28', 'R1', 'R3', 'R12', 'R10', 'R7', 'R20', 'R6', 'R13', 'R23', 'R70', 'R24']"
2482682.504354549,140.666641022062,12.380181274760636,"['D2', 'R13', 'R7', 'R1', 'R28', 'R5', 'R11', 'R2', 'R17', 'R14', 'R26', 'R6', 'R20', 'R3', 'R12', 'R10', 'R70', 'R23', 'R24', 'R8']"
2483327.7369108642,147.82316893149982,13.671427418587054,"['D2', 'R14', 'R17', 'R2', 'R5', 'R11', 'R26', 'R28', 'R7', 'R1', 'R3', 'R12', 'R10', 'R13', 'R6', 'R23', 'R20', 'R8', 'R24', 'R70']"
2481876.468269992,131.72657797241004,11.889928642371371,"['D2', 'R7', 'R1', 'R2', 'R17', 'R14', 'R26', 'R5', 'R11', 'R10', 'R12', 'R3', 'R13', 'R6', 'R28', 'R20', 'R23', 'R70', 'R8', 'R24']"
2480511.7191485893,116.58960901274614,10.438795474226971,"['D2', 'R70', 'R10', 'R3', 'R12', 'R14', 'R17', 'R2', 'R26', 'R5', 'R11', 'R1', 'R7', 'R28', 'R6', 'R20', 'R13', 'R23', 'R24', 'R8']"
