total_cost,total_distance,total_fuel_consumed,route
2482605.874070327,139.81670441799645,12.795944616045967,"['D2', 'R17', 'R14', 'R2', 'R26', 'R11', 'R7', 'R6', 'R28', 'R10', 'R3', 'R12', 'R1', 'R5', 'R20', 'R13', 'R23', 'R70', 'R24', 'R8']"
2482934.893126681,143.46598410250155,13.358291457042412,"['D2', 'R14', 'R17', 'R2', 'R26', 'R11', 'R5', 'R3', 'R12', 'R10', 'R1', 'R7', 'R6', 'R20', 'R13', 'R28', 'R24', 'R23', 'R8', 'R70']"
2482349.9924764284,136.97862107839705,12.636686393382941,"['D2', 'R11', 'R5', 'R26', 'R14', 'R17', 'R2', 'R1', 'R7', 'R6', 'R28', 'R3', 'R10', 'R12', 'R23', 'R20', 'R13', 'R24', 'R70', 'R8']"
2483822.806651008,153.31418202093542,14.065375799131143,"['D2', 'R26', 'R11', 'R2', 'R14', 'R17', 'R1', 'R5', 'R7', 'R6', 'R28', 'R20', 'R13', 'R12', 'R3', 'R10', 'R23', 'R8', 'R70', 'R24']"
2481280.6982044186,125.11865799045268,11.240049208195291,"['D2', 'R14', 'R17', 'R2', 'R5', 'R11', 'R26', 'R3', 'R12', 'R1', 'R7', 'R13', 'R6', 'R28', 'R24', 'R20', 'R23', 'R10', 'R70', 'R8']"
