total_cost,total_distance,total_fuel_consumed,route
2480199.6696800776,113.12854569740742,10.277757191477951,"['D2', 'R14', 'R17', 'R2', 'R11', 'R5', 'R26', 'R1', 'R7', 'R13', 'R6', 'R20', 'R23', 'R3', 'R12', 'R10', 'R70', 'R28', 'R24', 'R8']"
2481000.363995697,122.00936108803461,10.89200885631235,"['D2', 'R12', 'R3', 'R10', 'R23', 'R1', 'R7', 'R28', 'R13', 'R6', 'R20', 'R5', 'R26', 'R11', 'R17', 'R14', 'R2', 'R70', 'R8', 'R24']"
2480315.2895783125,114.4109314364731,10.393099818648922,"['D2', 'R2', 'R14', 'R17', 'R26', 'R11', 'R5', 'R7', 'R1', 'R28', 'R6', 'R3', 'R10', 'R12', 'R70', 'R23', 'R13', 'R20', 'R24', 'R8']"
2481897.957568336,131.9649242273272,12.097086624523705,"['D2', 'R17', 'R14', 'R2', 'R26', 'R11', 'R5', 'R3', 'R10', 'R12', 'R23', 'R13', 'R6', 'R7', 'R1', 'R28', 'R70', 'R20', 'R24', 'R8']"
2481142.3318524216,123.58398239154879,11.451493239947522,"['D2', 'R17', 'R14', 'R2', 'R11', 'R5', 'R26', 'R12', 'R3', 'R10', 'R23', 'R1', 'R7', 'R28', 'R6', 'R13', 'R20', 'R70', 'R24', 'R8']"
