total_cost,total_distance,total_fuel_consumed,route
2484152.251494269,156.9681842753899,14.33868722229265,"['D2', 'R12', 'R3', 'R17', 'R14', 'R2', 'R11', 'R26', 'R5', 'R7', 'R1', 'R13', 'R10', 'R6', 'R23', 'R28', 'R20', 'R70', 'R24', 'R8']"
2483790.5848660017,152.95679753773166,13.871088186548477,"['D2', 'R10', 'R12', 'R3', 'R26', 'R17', 'R14', 'R2', 'R7', 'R1', 'R28', 'R13', 'R6', 'R23', 'R11', 'R5', 'R24', 'R20', 'R70', 'R8']"
2480524.1878525107,116.72790430912764,10.444776023571496,"['D2', 'R26', 'R11', 'R14', 'R2', 'R17', 'R5', 'R7', 'R1', 'R6', 'R13', 'R20', 'R70', 'R10', 'R3', 'R12', 'R23', 'R28', 'R24', 'R8']"
2481349.1638533385,125.87803741502255,11.287578473161156,"['D2', 'R17', 'R14', 'R2', 'R5', 'R11', 'R26', 'R23', 'R20', 'R6', 'R7', 'R28', 'R1', 'R3', 'R12', 'R10', 'R70', 'R13', 'R24', 'R8']"
2480761.3163523036,119.35798971055324,10.851148757422752,"['D2', 'R2', 'R14', 'R17', 'R11', 'R26', 'R5', 'R12', 'R3', 'R10', 'R70', 'R1', 'R6', 'R7', 'R28', 'R13', 'R20', 'R23', 'R24', 'R8']"
