total_cost,total_distance,total_fuel_consumed,route
2481875.290956694,131.71351992784344,11.758984858442213,"['D2', 'R1', 'R7', 'R6', 'R28', 'R20', 'R13', 'R26', 'R5', 'R11', 'R17', 'R14', 'R2', 'R10', 'R3', 'R12', 'R23', 'R70', 'R24', 'R8']"
2481979.315931688,132.86730181553193,12.21772743601297,"['D2', 'R26', 'R14', 'R2', 'R17', 'R11', 'R12', 'R3', 'R10', 'R7', 'R6', 'R13', 'R28', 'R5', 'R1', 'R20', 'R23', 'R70', 'R24', 'R8']"
2482696.294892216,140.81959729609937,12.699647104633662,"['D2', 'R3', 'R12', 'R17', 'R14', 'R2', 'R1', 'R7', 'R5', 'R11', 'R26', 'R13', 'R6', 'R20', 'R28', 'R23', 'R10', 'R70', 'R24', 'R8']"
2482713.91128048,141.01498758296955,12.860524137985292,"['D2', 'R14', 'R17', 'R2', 'R5', 'R11', 'R7', 'R6', 'R1', 'R26', 'R10', 'R3', 'R12', 'R13', 'R28', 'R20', 'R23', 'R70', 'R24', 'R8']"
2482907.644638939,143.1637604141393,13.26428952727641,"['D2', 'R17', 'R14', 'R2', 'R26', 'R11', 'R5', 'R28', 'R12', 'R3', 'R10', 'R1', 'R7', 'R6', 'R13', 'R20', 'R23', 'R24', 'R70', 'R8']"
