total_cost,total_distance,total_fuel_consumed,route
2480630.8449528804,117.91088013399516,10.578256903275786,"['D2', 'R12', 'R3', 'R10', 'R70', 'R14', 'R17', 'R2', 'R11', 'R26', 'R5', 'R1', 'R7', 'R28', 'R6', 'R20', 'R13', 'R23', 'R24', 'R8']"
2480235.731712345,113.52852387250326,10.238203155862418,"['D2', 'R5', 'R11', 'R2', 'R14', 'R17', 'R26', 'R7', 'R1', 'R28', 'R6', 'R20', 'R13', 'R23', 'R10', 'R3', 'R12', 'R70', 'R8', 'R24']"
2482119.171602014,134.4184960294348,12.4511638867673,"['D2', 'R26', 'R5', 'R11', 'R14', 'R17', 'R2', 'R3', 'R12', 'R23', 'R10', 'R6', 'R1', 'R7', 'R28', 'R13', 'R20', 'R24', 'R70', 'R8']"
2480644.5573293166,118.06296949109577,10.583583842436285,"['D2', 'R26', 'R2', 'R14', 'R17', 'R11', 'R5', 'R3', 'R12', 'R10', 'R70', 'R23', 'R13', 'R6', 'R20', 'R7', 'R28', 'R1', 'R24', 'R8']"
2483408.3651114716,148.71744799768445,13.63071461059279,"['D2', 'R12', 'R3', 'R10', 'R17', 'R14', 'R2', 'R11', 'R5', 'R26', 'R7', 'R28', 'R23', 'R6', 'R1', 'R20', 'R13', 'R24', 'R70', 'R8']"
