total_cost,total_distance,total_fuel_consumed,route
2482798.740696495,141.9558639806499,12.725430155079318,"['D2', 'R3', 'R11', 'R14', 'R17', 'R2', 'R26', 'R5', 'R12', 'R7', 'R1', 'R10', 'R13', 'R6', 'R28', 'R20', 'R23', 'R70', 'R8', 'R24']"
2481434.7745304564,126.82757908669743,11.685235979079286,"['D2', 'R14', 'R17', 'R2', 'R26', 'R11', 'R5', 'R1', 'R10', 'R12', 'R3', 'R28', 'R7', 'R13', 'R6', 'R20', 'R23', 'R70', 'R24', 'R8']"
2481451.525912683,127.01337525158849,11.700472348625784,"['D2', 'R2', 'R14', 'R17', 'R11', 'R26', 'R5', 'R1', 'R3', 'R10', 'R12', 'R23', 'R6', 'R7', 'R20', 'R13', 'R28', 'R70', 'R8', 'R24']"
2483736.5312152766,152.35726725018617,14.11373621885214,"['D2', 'R26', 'R17', 'R14', 'R2', 'R11', 'R3', 'R10', 'R12', 'R1', 'R5', 'R6', 'R7', 'R28', 'R13', 'R20', 'R23', 'R8', 'R70', 'R24']"
2480362.911066661,114.93912008275998,10.341818389735527,"['D2', 'R11', 'R14', 'R17', 'R2', 'R26', 'R5', 'R1', 'R6', 'R13', 'R7', 'R12', 'R3', 'R10', 'R70', 'R23', 'R20', 'R28', 'R24', 'R8']"
