total_cost,total_distance,total_fuel_consumed,route
2480648.8413598957,118.11048535820598,10.748223777731468,"['D1', 'R6', 'R13', 'R20', 'R7', 'R1', 'R17', 'R14', 'R2', 'R26', 'R11', 'R5', 'R28', 'R10', 'R3', 'R12', 'R70', 'R23', 'R24', 'R8']"
2480523.5492412345,116.7208212204381,10.83250005372095,"['D1', 'R28', 'R7', 'R1', 'R5', 'R26', 'R11', 'R2', 'R17', 'R14', 'R3', 'R12', 'R10', 'R6', 'R13', 'R20', 'R23', 'R70', 'R24', 'R8']"
2481703.8817371414,129.81235289642163,11.912522787408308,"['D1', 'R6', 'R13', 'R20', 'R7', 'R1', 'R26', 'R11', 'R17', 'R14', 'R2', 'R5', 'R3', 'R12', 'R10', 'R28', 'R70', 'R23', 'R24', 'R8']"
2480930.370484897,121.23303554677254,11.127589529429818,"['D1', 'R20', 'R13', 'R28', 'R1', 'R7', 'R10', 'R3', 'R12', 'R26', 'R5', 'R11', 'R17', 'R14', 'R2', 'R70', 'R6', 'R23', 'R24', 'R8']"
2481324.4842013516,125.60430569378289,11.414904691916469,"['D1', 'R6', 'R20', 'R13', 'R14', 'R17', 'R2', 'R5', 'R26', 'R11', 'R1', 'R7', 'R28', 'R10', 'R3', 'R12', 'R23', 'R70', 'R24', 'R8']"
