total_cost,total_distance,total_fuel_consumed,route
2481515.945780688,127.7278813297277,11.42487004132172,"['D1', 'R7', 'R6', 'R26', 'R5', 'R11', 'R14', 'R17', 'R2', 'R1', 'R23', 'R3', 'R10', 'R12', 'R70', 'R20', 'R28', 'R13', 'R24', 'R8']"
2481767.957824829,130.52304597193202,11.935828754917225,"['D1', 'R13', 'R28', 'R7', 'R6', 'R20', 'R3', 'R10', 'R12', 'R17', 'R14', 'R2', 'R11', 'R5', 'R26', 'R70', 'R1', 'R23', 'R8', 'R24']"
2483036.1364957877,144.58891410590186,13.3669817078224,"['D1', 'R20', 'R6', 'R13', 'R1', 'R14', 'R17', 'R2', 'R11', 'R5', 'R26', 'R10', 'R3', 'R12', 'R7', 'R28', 'R23', 'R8', 'R24', 'R70']"
2482054.0696165725,133.69642431868783,12.141474789100352,"['D1', 'R6', 'R13', 'R20', 'R5', 'R2', 'R14', 'R17', 'R11', 'R12', 'R3', 'R10', 'R1', 'R23', 'R7', 'R28', 'R26', 'R70', 'R8', 'R24']"
2482503.6453927686,138.6828459712593,12.89211317231668,"['D1', 'R20', 'R6', 'R13', 'R28', 'R5', 'R26', 'R14', 'R17', 'R2', 'R11', 'R7', 'R1', 'R3', 'R10', 'R12', 'R23', 'R8', 'R70', 'R24']"
