total_cost,total_distance,total_fuel_consumed,route
2482840.151768928,142.41517046281473,13.215052666917167,"['D1', 'R13', 'R6', 'R28', 'R12', 'R3', 'R10', 'R11', 'R14', 'R17', 'R2', 'R26', 'R5', 'R1', 'R7', 'R23', 'R70', 'R24', 'R20', 'R8']"
2481496.51825385,127.5124029930183,11.758607705688773,"['D1', 'R13', 'R6', 'R10', 'R12', 'R3', 'R5', 'R26', 'R11', 'R17', 'R14', 'R2', 'R23', 'R1', 'R7', 'R28', 'R20', 'R70', 'R8', 'R24']"
2479886.611743036,109.65629706118443,10.114982863679783,"['D1', 'R13', 'R20', 'R6', 'R28', 'R1', 'R7', 'R11', 'R26', 'R5', 'R17', 'R14', 'R2', 'R3', 'R12', 'R10', 'R23', 'R70', 'R24', 'R8']"
2480223.440539641,113.39219764464738,10.52987368537952,"['D1', 'R13', 'R6', 'R7', 'R1', 'R26', 'R11', 'R5', 'R17', 'R14', 'R2', 'R3', 'R12', 'R10', 'R23', 'R20', 'R28', 'R24', 'R8', 'R70']"
2481242.020130374,124.68966426767804,11.502440730914358,"['D1', 'R13', 'R6', 'R7', 'R1', 'R28', 'R20', 'R23', 'R10', 'R12', 'R3', 'R17', 'R14', 'R2', 'R11', 'R26', 'R5', 'R24', 'R70', 'R8']"
