total_cost,total_distance,total_fuel_consumed,route
2481103.649626927,123.15494262341701,11.204901594078686,"['D1', 'R13', 'R20', 'R6', 'R1', 'R7', 'R5', 'R26', 'R28', 'R3', 'R12', 'R10', 'R17', 'R14', 'R2', 'R11', 'R23', 'R70', 'R8', 'R24']"
2480705.7677427153,118.74187824662177,11.004730256275971,"['D1', 'R20', 'R13', 'R28', 'R7', 'R1', 'R3', 'R12', 'R10', 'R17', 'R14', 'R2', 'R26', 'R11', 'R5', 'R6', 'R23', 'R70', 'R24', 'R8']"
2480674.4234561035,118.39422644303599,10.783334172655165,"['D1', 'R20', 'R13', 'R7', 'R1', 'R28', 'R6', 'R26', 'R5', 'R14', 'R17', 'R2', 'R11', 'R3', 'R12', 'R10', 'R70', 'R23', 'R8', 'R24']"
2480567.8347030496,117.21200868511815,10.68093633446714,"['D1', 'R20', 'R28', 'R6', 'R13', 'R7', 'R1', 'R12', 'R3', 'R10', 'R2', 'R17', 'R14', 'R11', 'R26', 'R5', 'R23', 'R70', 'R8', 'R24']"
2480384.6705220616,115.18046275579111,10.58608730044242,"['D1', 'R20', 'R13', 'R6', 'R7', 'R1', 'R5', 'R11', 'R26', 'R17', 'R14', 'R2', 'R23', 'R12', 'R3', 'R10', 'R70', 'R28', 'R8', 'R24']"
