total_cost,total_distance,total_fuel_consumed,route
2480764.621446153,119.39464780560192,10.88254220868288,"['D1', 'R13', 'R20', 'R1', 'R7', 'R28', 'R6', 'R11', 'R26', 'R14', 'R17', 'R2', 'R5', 'R12', 'R3', 'R10', 'R23', 'R70', 'R24', 'R8']"
2480311.7854477456,114.37206574695759,10.605834296986199,"['D1', 'R13', 'R28', 'R6', 'R7', 'R1', 'R11', 'R5', 'R26', 'R17', 'R14', 'R2', 'R3', 'R12', 'R10', 'R23', 'R20', 'R24', 'R8', 'R70']"
2482816.343275554,142.15110110419536,12.989838286313148,"['D1', 'R13', 'R26', 'R5', 'R11', 'R1', 'R7', 'R6', 'R10', 'R3', 'R12', 'R14', 'R17', 'R2', 'R28', 'R20', 'R23', 'R24', 'R8', 'R70']"
2480302.929050157,114.27383596003821,10.62090447819635,"['D1', 'R13', 'R6', 'R1', 'R7', 'R28', 'R5', 'R11', 'R26', 'R14', 'R17', 'R2', 'R12', 'R3', 'R10', 'R23', 'R20', 'R70', 'R8', 'R24']"
2482231.6196999266,135.6657020843698,12.708926633384785,"['D1', 'R13', 'R6', 'R1', 'R5', 'R11', 'R26', 'R14', 'R17', 'R2', 'R12', 'R3', 'R10', 'R28', 'R7', 'R23', 'R20', 'R24', 'R70', 'R8']"
