Cluster,Warehouse Cost,Distribution Cost,Outlet Cost,Total Cost
Cluster1,132461.29015916033,261767.44952747377,2479259.859715557,2873488.599402191
Cluster2,0.0,inf,inf,inf
