total_cost,total_distance,total_fuel_consumed,route
2216947.139271052,77.05345242960044,6.962384727129045,"['D4', 'R33', 'R37', 'R16', 'R21', 'R18', 'R31', 'R15', 'R32', 'R36', 'R4', 'R27', 'R30', 'R35', 'R38', 'R22', 'R34', 'R9']"
2216871.9204155547,76.2191705363211,6.715171276614827,"['D4', 'R33', 'R37', 'R9', 'R18', 'R16', 'R21', 'R15', 'R31', 'R36', 'R27', 'R4', 'R32', 'R22', 'R30', 'R38', 'R34', 'R35']"
2217384.0178068005,81.89904399734677,7.325922504379913,"['D4', 'R33', 'R37', 'R9', 'R16', 'R18', 'R21', 'R15', 'R36', 'R27', 'R4', 'R32', 'R30', 'R38', 'R22', 'R35', 'R31', 'R34']"
2215818.393813669,64.53409287565675,5.577185277298399,"['D4', 'R37', 'R33', 'R9', 'R18', 'R16', 'R21', 'R15', 'R31', 'R32', 'R4', 'R27', 'R35', 'R36', 'R22', 'R30', 'R38', 'R34']"
2215938.71888413,65.86866552939277,5.690157095783605,"['D4', 'R33', 'R37', 'R9', 'R18', 'R21', 'R16', 'R32', 'R36', 'R27', 'R4', 'R15', 'R31', 'R22', 'R35', 'R30', 'R38', 'R34']"
