total_cost,total_distance,total_fuel_consumed,route
2214860.629883878,53.91115665348368,4.6413431784662755,"['D4', 'R9', 'R33', 'R37', 'R21', 'R16', 'R18', 'R31', 'R32', 'R15', 'R4', 'R36', 'R27', 'R22', 'R38', 'R30', 'R35', 'R34']"
2215011.7908188733,55.58774200170185,4.755957039069393,"['D4', 'R9', 'R33', 'R37', 'R16', 'R18', 'R21', 'R31', 'R32', 'R15', 'R4', 'R27', 'R36', 'R30', 'R35', 'R38', 'R22', 'R34']"
2215662.488073792,62.804881031410304,5.351735699439524,"['D4', 'R21', 'R16', 'R18', 'R9', 'R33', 'R37', 'R31', 'R32', 'R15', 'R4', 'R36', 'R27', 'R38', 'R35', 'R30', 'R22', 'R34']"
2214671.8773378585,51.81762797092618,4.534996163514901,"['D4', 'R37', 'R33', 'R9', 'R21', 'R16', 'R18', 'R31', 'R32', 'R15', 'R4', 'R36', 'R27', 'R22', 'R38', 'R35', 'R30', 'R34']"
2217079.054783242,78.51657922850711,6.957453236062878,"['D4', 'R21', 'R16', 'R18', 'R31', 'R32', 'R15', 'R27', 'R36', 'R30', 'R35', 'R38', 'R22', 'R4', 'R9', 'R37', 'R33', 'R34']"
