total_cost,total_distance,total_fuel_consumed,route
2214794.391508671,53.176480797152564,4.646740098293086,"['D4', 'R33', 'R37', 'R9', 'R16', 'R18', 'R21', 'R31', 'R15', 'R32', 'R36', 'R27', 'R4', 'R22', 'R38', 'R35', 'R30', 'R34']"
2214471.026761497,49.58991527836086,4.357700620732098,"['D4', 'R33', 'R37', 'R9', 'R21', 'R16', 'R18', 'R31', 'R15', 'R32', 'R4', 'R27', 'R36', 'R22', 'R38', 'R35', 'R30', 'R34']"
2214503.283343484,49.94768570856281,4.346744184310209,"['D4', 'R33', 'R37', 'R9', 'R18', 'R16', 'R21', 'R31', 'R15', 'R32', 'R4', 'R36', 'R27', 'R22', 'R38', 'R30', 'R35', 'R34']"
2214424.860767983,49.07787009741355,4.314054718647402,"['D4', 'R37', 'R33', 'R9', 'R21', 'R18', 'R16', 'R31', 'R15', 'R32', 'R4', 'R36', 'R27', 'R22', 'R38', 'R35', 'R30', 'R34']"
2214843.900352536,53.725602845342166,4.735038851531368,"['D4', 'R37', 'R33', 'R9', 'R21', 'R18', 'R16', 'R31', 'R15', 'R32', 'R36', 'R27', 'R22', 'R4', 'R38', 'R35', 'R30', 'R34']"
