total_cost,total_distance,total_fuel_consumed,route
2215982.2809957154,66.35183003233547,5.907445892515481,"['D4', 'R33', 'R37', 'R9', 'R21', 'R16', 'R31', 'R18', 'R32', 'R4', 'R36', 'R27', 'R38', 'R30', 'R35', 'R22', 'R15', 'R34']"
2216327.6024208134,70.18192569668723,5.911841423220006,"['D4', 'R21', 'R18', 'R16', 'R31', 'R37', 'R33', 'R9', 'R4', 'R32', 'R15', 'R22', 'R27', 'R36', 'R30', 'R38', 'R35', 'R34']"
2215901.5175081044,65.45605044481749,5.803259984480912,"['D4', 'R37', 'R33', 'R9', 'R21', 'R16', 'R18', 'R31', 'R4', 'R22', 'R27', 'R36', 'R30', 'R38', 'R32', 'R15', 'R35', 'R34']"
2216347.9774389523,70.40791303186036,6.1837150528306,"['D4', 'R9', 'R33', 'R37', 'R18', 'R16', 'R21', 'R31', 'R4', 'R22', 'R27', 'R36', 'R38', 'R30', 'R35', 'R32', 'R15', 'R34']"
2214933.092831681,54.71487169122561,4.710359200864385,"['D4', 'R9', 'R33', 'R37', 'R18', 'R16', 'R21', 'R31', 'R15', 'R32', 'R4', 'R22', 'R27', 'R36', 'R38', 'R30', 'R35', 'R34']"
