total_cost,total_distance,total_fuel_consumed,route
2216525.99396092,72.38236425155296,6.227152897989565,"['D4', 'R37', 'R33', 'R18', 'R21', 'R16', 'R31', 'R9', 'R32', 'R15', 'R36', 'R4', 'R27', 'R35', 'R38', 'R22', 'R30', 'R34']"
2215670.084412214,62.889135006807905,5.556840433031805,"['D4', 'R37', 'R33', 'R9', 'R16', 'R18', 'R21', 'R31', 'R15', 'R32', 'R22', 'R36', 'R27', 'R38', 'R35', 'R4', 'R30', 'R34']"
2217645.3461132715,84.79753896707662,7.314765706573987,"['D4', 'R16', 'R18', 'R21', 'R9', 'R37', 'R33', 'R15', 'R31', 'R38', 'R22', 'R36', 'R4', 'R27', 'R35', 'R30', 'R32', 'R34']"
2218410.455896248,93.28367231863405,8.10143913810632,"['D4', 'R21', 'R18', 'R16', 'R15', 'R36', 'R4', 'R32', 'R35', 'R38', 'R22', 'R27', 'R30', 'R33', 'R37', 'R9', 'R31', 'R34']"
2217132.3524567354,79.10772467541547,6.792700176693864,"['D4', 'R18', 'R16', 'R21', 'R9', 'R37', 'R33', 'R4', 'R27', 'R36', 'R35', 'R38', 'R22', 'R31', 'R15', 'R32', 'R30', 'R34']"
