Simulation,Distance Traveled,Cost Incurred,Fuel Consumed,Best Route
Simulation_0,103.21660533900145,2479306.0091373646,9.484666306691729,"['D3', 'R1', 'R7', 'R6', 'R13', 'R28', 'R5', 'R26', 'R11', 'R17', 'R14', 'R2', 'R12', 'R3', 'R10', 'R70', 'R23', 'R20', 'R24', 'R8']"
Simulation_1,104.86182505949975,2479454.3421473647,9.58085568998535,"['D3', 'R7', 'R1', 'R26', 'R11', 'R5', 'R17', 'R14', 'R2', 'R12', 'R3', 'R10', 'R70', 'R23', 'R6', 'R28', 'R13', 'R20', 'R24', 'R8']"
Simulation_2,106.50524979425603,2479602.51332145,9.496727605658307,"['D3', 'R1', 'R7', 'R28', 'R6', 'R13', 'R20', 'R3', 'R12', 'R10', 'R23', 'R70', 'R5', 'R26', 'R11', 'R14', 'R17', 'R2', 'R8', 'R24']"
Simulation_3,105.61061358293729,2479521.8529206375,9.6818386729541,"['D3', 'R1', 'R7', 'R6', 'R13', 'R20', 'R28', 'R5', 'R26', 'R11', 'R17', 'R14', 'R2', 'R3', 'R12', 'R10', 'R23', 'R70', 'R8', 'R24']"
Simulation_4,101.24669420644884,2479128.4019496534,9.253795354015454,"['D3', 'R1', 'R7', 'R28', 'R5', 'R26', 'R11', 'R17', 'R14', 'R2', 'R10', 'R3', 'R12', 'R70', 'R23', 'R20', 'R6', 'R13', 'R24', 'R8']"
