Simulation,Distance Traveled,Cost Incurred,Fuel Consumed,Best Route
Simulation_0,98.86769697379208,2478913.911559157,8.84871820896231,"['D3', 'R1', 'R7', 'R28', 'R13', 'R6', 'R20', 'R23', 'R10', 'R3', 'R12', 'R70', 'R14', 'R17', 'R2', 'R26', 'R5', 'R11', 'R8', 'R24']"
Simulation_1,109.16334827398245,2479842.1674803817,9.788172617095128,"['D3', 'R5', 'R17', 'R14', 'R2', 'R26', 'R11', 'R1', 'R23', 'R10', 'R3', 'R70', 'R12', 'R7', 'R28', 'R6', 'R20', 'R13', 'R24', 'R8']"
Simulation_2,105.06793644785874,2479472.925150139,9.689093305570736,"['D3', 'R7', 'R1', 'R5', 'R26', 'R11', 'R17', 'R14', 'R2', 'R12', 'R3', 'R10', 'R70', 'R23', 'R6', 'R13', 'R28', 'R20', 'R24', 'R8']"
Simulation_3,106.37409989317473,2479590.6888463683,9.933342256248224,"['D3', 'R7', 'R1', 'R5', 'R26', 'R11', 'R14', 'R17', 'R2', 'R12', 'R3', 'R10', 'R23', 'R20', 'R13', 'R6', 'R28', 'R24', 'R8', 'R70']"
Simulation_4,107.33902592736271,2479677.6865776107,10.010288308859028,"['D3', 'R7', 'R1', 'R5', 'R26', 'R11', 'R2', 'R17', 'R14', 'R3', 'R12', 'R10', 'R23', 'R20', 'R13', 'R6', 'R28', 'R24', 'R8', 'R70']"
