total_cost,total_distance,total_fuel_consumed,route
2483639.1585644777,151.2772689050314,14.05869420476435,"['D3', 'R26', 'R5', 'R1', 'R7', 'R12', 'R3', 'R10', 'R17', 'R14', 'R2', 'R11', 'R28', 'R13', 'R6', 'R23', 'R20', 'R8', 'R70', 'R24']"
2481943.8543863264,132.47398387673317,12.15660350212645,"['D3', 'R26', 'R11', 'R5', 'R14', 'R17', 'R2', 'R7', 'R1', 'R28', 'R6', 'R3', 'R12', 'R10', 'R70', 'R20', 'R13', 'R23', 'R8', 'R24']"
2482242.5728973267,135.78718830220177,12.40862390653493,"['D3', 'R14', 'R17', 'R2', 'R5', 'R11', 'R7', 'R26', 'R3', 'R10', 'R12', 'R1', 'R6', 'R28', 'R20', 'R13', 'R23', 'R70', 'R24', 'R8']"
2480797.9684862047,119.76451293483896,11.07976556552513,"['D3', 'R1', 'R26', 'R17', 'R14', 'R2', 'R11', 'R5', 'R12', 'R3', 'R10', 'R23', 'R6', 'R7', 'R28', 'R13', 'R20', 'R70', 'R8', 'R24']"
2480127.4598948266,112.32763858503631,10.352495618751222,"['D3', 'R1', 'R7', 'R3', 'R12', 'R2', 'R14', 'R17', 'R26', 'R11', 'R5', 'R28', 'R6', 'R20', 'R13', 'R23', 'R10', 'R70', 'R8', 'R24']"
