total_cost,total_distance,total_fuel_consumed,route
2216294.440933027,69.81411860055975,6.1274619517534905,"['D4', 'R9', 'R37', 'R33', 'R21', 'R16', 'R31', 'R18', 'R32', 'R27', 'R36', 'R38', 'R30', 'R35', 'R22', 'R4', 'R15', 'R34']"
2216549.2869778536,72.6407162583627,6.431972685030503,"['D4', 'R33', 'R37', 'R9', 'R16', 'R31', 'R18', 'R21', 'R15', 'R36', 'R4', 'R27', 'R30', 'R22', 'R38', 'R35', 'R32', 'R34']"
2215279.7031084434,58.55926251601322,5.0981137854972225,"['D4', 'R37', 'R33', 'R9', 'R16', 'R18', 'R21', 'R31', 'R32', 'R15', 'R36', 'R27', 'R4', 'R38', 'R35', 'R30', 'R22', 'R34']"
2216191.4160193466,68.67142878600994,5.917372750872609,"['D4', 'R33', 'R37', 'R18', 'R16', 'R21', 'R9', 'R31', 'R32', 'R22', 'R36', 'R27', 'R4', 'R15', 'R38', 'R30', 'R35', 'R34']"
2216565.1954242354,72.81716309045476,6.2709040033349215,"['D4', 'R9', 'R37', 'R33', 'R18', 'R16', 'R31', 'R21', 'R4', 'R38', 'R35', 'R36', 'R27', 'R30', 'R32', 'R15', 'R22', 'R34']"
