total_cost,total_distance,total_fuel_consumed,route
2217371.2226633984,81.75712803236937,7.383888826198019,"['D4', 'R37', 'R33', 'R21', 'R16', 'R18', 'R31', 'R32', 'R15', 'R4', 'R38', 'R30', 'R36', 'R27', 'R22', 'R35', 'R34', 'R9']"
2217487.9200543505,83.05146466671455,7.2872951787961,"['D4', 'R31', 'R16', 'R18', 'R21', 'R15', 'R4', 'R27', 'R36', 'R22', 'R38', 'R35', 'R30', 'R32', 'R9', 'R33', 'R37', 'R34']"
2215260.1920389785,58.34285757518079,5.066677258709614,"['D4', 'R37', 'R33', 'R9', 'R18', 'R16', 'R21', 'R31', 'R32', 'R15', 'R22', 'R38', 'R27', 'R36', 'R4', 'R30', 'R35', 'R34']"
2215891.638315642,65.34647643791038,5.589862404452094,"['D4', 'R37', 'R33', 'R9', 'R15', 'R31', 'R16', 'R18', 'R21', 'R32', 'R36', 'R27', 'R30', 'R35', 'R4', 'R22', 'R38', 'R34']"
2216473.722535386,71.80260132416058,6.272468351953627,"['D4', 'R37', 'R33', 'R9', 'R21', 'R16', 'R18', 'R31', 'R35', 'R22', 'R38', 'R4', 'R27', 'R36', 'R32', 'R15', 'R30', 'R34']"
