total_cost,total_distance,total_fuel_consumed,route
2215740.4298400683,63.66936379845223,5.51177637138065,"['D4', 'R9', 'R37', 'R33', 'R16', 'R18', 'R21', 'R31', 'R15', 'R4', 'R36', 'R27', 'R32', 'R38', 'R30', 'R35', 'R22', 'R34']"
2215111.258475611,56.69097688122426,4.869298920888408,"['D4', 'R37', 'R33', 'R9', 'R31', 'R18', 'R16', 'R21', 'R15', 'R4', 'R32', 'R27', 'R36', 'R30', 'R35', 'R38', 'R22', 'R34']"
2216053.7618117183,67.1446518602328,5.754071914588413,"['D4', 'R18', 'R16', 'R21', 'R37', 'R33', 'R9', 'R31', 'R32', 'R15', 'R27', 'R36', 'R30', 'R35', 'R38', 'R22', 'R4', 'R34']"
2215882.370531346,65.24368379931501,5.620151981642761,"['D4', 'R21', 'R9', 'R37', 'R33', 'R16', 'R18', 'R31', 'R15', 'R32', 'R36', 'R27', 'R4', 'R35', 'R38', 'R22', 'R30', 'R34']"
2216589.312041509,73.08464997237034,6.2415643795572855,"['D4', 'R16', 'R21', 'R18', 'R31', 'R9', 'R37', 'R33', 'R32', 'R15', 'R4', 'R36', 'R27', 'R38', 'R35', 'R22', 'R30', 'R34']"
