total_cost,total_distance,total_fuel_consumed,route
2215069.50949481,56.22792252451228,4.85588345459826,"['D4', 'R9', 'R33', 'R37', 'R16', 'R18', 'R21', 'R31', 'R15', 'R32', 'R4', 'R22', 'R36', 'R27', 'R38', 'R35', 'R30', 'R34']"
2214289.854994125,47.58046799163185,4.152717282195885,"['D4', 'R33', 'R37', 'R9', 'R21', 'R18', 'R16', 'R31', 'R15', 'R32', 'R4', 'R27', 'R36', 'R30', 'R35', 'R38', 'R22', 'R34']"
2214413.2407596353,48.948988017253214,4.30279278074855,"['D4', 'R33', 'R37', 'R9', 'R21', 'R16', 'R18', 'R31', 'R15', 'R32', 'R4', 'R36', 'R27', 'R22', 'R38', 'R35', 'R30', 'R34']"
2214883.459016799,54.16436354036125,4.754527434725803,"['D4', 'R33', 'R37', 'R9', 'R18', 'R16', 'R21', 'R31', 'R15', 'R32', 'R4', 'R36', 'R27', 'R38', 'R22', 'R35', 'R30', 'R34']"
2214442.119401951,49.26929239076061,4.3105512322873025,"['D4', 'R33', 'R37', 'R9', 'R21', 'R16', 'R18', 'R31', 'R15', 'R32', 'R4', 'R36', 'R27', 'R22', 'R35', 'R30', 'R38', 'R34']"
