total_cost,total_distance,total_fuel_consumed,route
2215282.312396352,58.58820315386598,5.0673035717536425,"['D4', 'R37', 'R33', 'R9', 'R21', 'R18', 'R16', 'R31', 'R4', 'R32', 'R15', 'R30', 'R27', 'R36', 'R22', 'R38', 'R35', 'R34']"
2216938.143200126,76.95367347078368,6.783626625589033,"['D4', 'R37', 'R33', 'R21', 'R16', 'R9', 'R18', 'R31', 'R32', 'R22', 'R27', 'R36', 'R4', 'R30', 'R38', 'R35', 'R15', 'R34']"
2215948.1808229126,65.97361161171976,5.705996377482599,"['D4', 'R9', 'R33', 'R37', 'R21', 'R16', 'R18', 'R31', 'R4', 'R32', 'R15', 'R36', 'R35', 'R27', 'R22', 'R38', 'R30', 'R34']"
2216741.7746996465,74.77567324363778,6.424766844035268,"['D4', 'R33', 'R37', 'R21', 'R16', 'R18', 'R9', 'R32', 'R22', 'R27', 'R36', 'R4', 'R15', 'R31', 'R30', 'R38', 'R35', 'R34']"
2216921.3780425377,76.7677245179427,6.554400874787928,"['D4', 'R9', 'R16', 'R18', 'R21', 'R33', 'R37', 'R31', 'R38', 'R36', 'R4', 'R32', 'R15', 'R27', 'R22', 'R35', 'R30', 'R34']"
