total_cost,total_distance,total_fuel_consumed,route
2482778.0407238863,141.72627244772053,13.16320564538442,"['D3', 'R1', 'R7', 'R11', 'R26', 'R17', 'R14', 'R2', 'R5', 'R28', 'R6', 'R13', 'R10', 'R3', 'R12', 'R23', 'R20', 'R8', 'R24', 'R70']"
2481171.5232707066,123.90775588627467,11.547209385995286,"['D3', 'R11', 'R5', 'R26', 'R17', 'R14', 'R2', 'R3', 'R12', 'R10', 'R7', 'R1', 'R28', 'R6', 'R13', 'R20', 'R70', 'R23', 'R8', 'R24']"
2481209.0361099336,124.32382553165178,11.563492929561361,"['D3', 'R7', 'R1', 'R11', 'R14', 'R17', 'R2', 'R5', 'R26', 'R12', 'R3', 'R10', 'R13', 'R6', 'R28', 'R20', 'R23', 'R70', 'R24', 'R8']"
2481205.5842886884,124.28554002538314,11.295123004152666,"['D3', 'R5', 'R1', 'R7', 'R28', 'R20', 'R13', 'R6', 'R17', 'R14', 'R2', 'R11', 'R26', 'R12', 'R10', 'R3', 'R23', 'R70', 'R24', 'R8']"
2480145.101802483,112.52331191751479,10.24554457165184,"['D3', 'R1', 'R7', 'R28', 'R6', 'R13', 'R3', 'R12', 'R10', 'R26', 'R5', 'R11', 'R17', 'R14', 'R2', 'R70', 'R23', 'R20', 'R24', 'R8']"
