total_cost,total_distance,total_fuel_consumed,route
2480109.6877549337,112.13052079563508,10.428696802736589,"['D3', 'R1', 'R7', 'R26', 'R5', 'R11', 'R17', 'R14', 'R2', 'R12', 'R3', 'R10', 'R23', 'R6', 'R13', 'R20', 'R28', 'R24', 'R8', 'R70']"
2480906.7629262153,120.97119483380163,11.043325080299015,"['D3', 'R7', 'R1', 'R28', 'R20', 'R13', 'R6', 'R12', 'R3', 'R10', 'R11', 'R26', 'R5', 'R2', 'R17', 'R14', 'R70', 'R23', 'R8', 'R24']"
2480318.6877195193,114.44862155633953,10.691859045608773,"['D3', 'R7', 'R1', 'R5', 'R26', 'R11', 'R14', 'R17', 'R2', 'R12', 'R3', 'R10', 'R23', 'R28', 'R6', 'R13', 'R20', 'R24', 'R8', 'R70']"
2479536.5310397907,105.7734143721319,9.723327780359261,"['D3', 'R1', 'R7', 'R28', 'R6', 'R13', 'R20', 'R23', 'R10', 'R3', 'R12', 'R14', 'R17', 'R2', 'R11', 'R26', 'R5', 'R70', 'R8', 'R24']"
2479671.605255513,107.27157559353807,10.009471735147102,"['D3', 'R7', 'R1', 'R10', 'R3', 'R12', 'R2', 'R17', 'R14', 'R11', 'R26', 'R5', 'R28', 'R6', 'R13', 'R20', 'R23', 'R70', 'R8', 'R24']"
