total_cost,total_distance,total_fuel_consumed,route
2482014.0553688174,133.25261056807204,12.130033701867728,"['D3', 'R6', 'R1', 'R7', 'R11', 'R5', 'R14', 'R17', 'R2', 'R26', 'R3', 'R12', 'R10', 'R28', 'R13', 'R24', 'R20', 'R23', 'R70', 'R8']"
2480743.9103071424,119.1649324217194,10.9145590901605,"['D3', 'R5', 'R11', 'R2', 'R14', 'R17', 'R26', 'R3', 'R12', 'R1', 'R7', 'R6', 'R28', 'R13', 'R10', 'R70', 'R23', 'R20', 'R24', 'R8']"
2480909.2885765703,120.99920781466982,11.123609271000358,"['D3', 'R28', 'R7', 'R1', 'R5', 'R11', 'R2', 'R14', 'R17', 'R26', 'R10', 'R3', 'R12', 'R70', 'R6', 'R20', 'R13', 'R23', 'R24', 'R8']"
2481600.685532609,128.66776322769562,11.784995630455677,"['D3', 'R28', 'R7', 'R14', 'R17', 'R2', 'R5', 'R11', 'R26', 'R1', 'R6', 'R3', 'R12', 'R10', 'R23', 'R13', 'R20', 'R70', 'R8', 'R24']"
2482817.898870744,142.16835482191544,13.159303194262932,"['D3', 'R5', 'R2', 'R17', 'R14', 'R11', 'R26', 'R7', 'R1', 'R3', 'R12', 'R10', 'R70', 'R6', 'R20', 'R13', 'R28', 'R8', 'R23', 'R24']"
