total_cost,total_distance,total_fuel_consumed,route
2480721.656601619,118.91810782630266,10.875560844156906,"['D3', 'R7', 'R1', 'R6', 'R28', 'R13', 'R20', 'R5', 'R26', 'R11', 'R17', 'R14', 'R2', 'R10', 'R12', 'R3', 'R23', 'R70', 'R24', 'R8']"
2481279.329183126,125.10347363715715,11.482998662817216,"['D3', 'R1', 'R7', 'R13', 'R6', 'R28', 'R17', 'R14', 'R2', 'R11', 'R5', 'R26', 'R10', 'R12', 'R3', 'R23', 'R20', 'R24', 'R8', 'R70']"
2479843.0840145787,109.17351391503048,9.997945828741464,"['D3', 'R1', 'R7', 'R5', 'R26', 'R11', 'R2', 'R14', 'R17', 'R12', 'R3', 'R10', 'R23', 'R70', 'R13', 'R6', 'R20', 'R28', 'R24', 'R8']"
2480629.8180839457,117.8994907269965,10.618816330730732,"['D3', 'R7', 'R6', 'R28', 'R13', 'R20', 'R1', 'R12', 'R3', 'R10', 'R23', 'R26', 'R11', 'R5', 'R14', 'R17', 'R2', 'R70', 'R8', 'R24']"
2479374.5214941604,103.97650281899679,9.547733509497775,"['D3', 'R1', 'R7', 'R6', 'R20', 'R13', 'R28', 'R5', 'R26', 'R11', 'R14', 'R17', 'R2', 'R12', 'R3', 'R10', 'R23', 'R70', 'R8', 'R24']"
