total_cost,total_distance,total_fuel_consumed,route
2481739.4983339785,130.20739057208485,11.954649624540503,"['D3', 'R26', 'R11', 'R5', 'R17', 'R14', 'R2', 'R1', 'R7', 'R6', 'R13', 'R28', 'R23', 'R12', 'R3', 'R10', 'R20', 'R70', 'R8', 'R24']"
2482642.315378269,140.22088928870357,13.181213780831076,"['D3', 'R1', 'R26', 'R5', 'R11', 'R14', 'R17', 'R2', 'R3', 'R12', 'R10', 'R6', 'R7', 'R28', 'R13', 'R20', 'R23', 'R8', 'R70', 'R24']"
2482825.8421647884,142.25645701850678,13.178006369431808,"['D3', 'R6', 'R7', 'R1', 'R2', 'R14', 'R17', 'R11', 'R26', 'R5', 'R10', 'R12', 'R3', 'R23', 'R13', 'R28', 'R70', 'R20', 'R8', 'R24']"
2482731.8781222706,141.21426488765277,13.117918516340119,"['D3', 'R17', 'R2', 'R14', 'R11', 'R26', 'R5', 'R1', 'R3', 'R12', 'R10', 'R6', 'R7', 'R13', 'R23', 'R20', 'R28', 'R24', 'R70', 'R8']"
2481184.110706069,124.0473680797342,11.480501775454648,"['D3', 'R28', 'R1', 'R7', 'R3', 'R12', 'R10', 'R2', 'R17', 'R14', 'R11', 'R5', 'R26', 'R6', 'R20', 'R13', 'R23', 'R70', 'R24', 'R8']"
