total_cost,total_distance,total_fuel_consumed,route
2481651.451525756,129.2308288127357,11.607045459374891,"['D2', 'R5', 'R11', 'R2', 'R17', 'R14', 'R26', 'R70', 'R3', 'R12', 'R10', 'R28', 'R1', 'R7', 'R6', 'R20', 'R13', 'R23', 'R8', 'R24']"
2481805.2031645253,130.9361486748645,11.92572062625609,"['D2', 'R11', 'R17', 'R14', 'R2', 'R26', 'R5', 'R23', 'R10', 'R3', 'R12', 'R7', 'R1', 'R6', 'R13', 'R28', 'R20', 'R24', 'R8', 'R70']"
2481819.146110959,131.09079537443424,12.051577106087011,"['D2', 'R11', 'R17', 'R14', 'R2', 'R3', 'R12', 'R10', 'R20', 'R13', 'R6', 'R7', 'R1', 'R5', 'R26', 'R28', 'R23', 'R70', 'R24', 'R8']"
2482621.472187114,139.98970926258215,12.690422360712203,"['D2', 'R10', 'R12', 'R3', 'R26', 'R11', 'R5', 'R17', 'R14', 'R2', 'R6', 'R1', 'R7', 'R13', 'R28', 'R20', 'R23', 'R70', 'R24', 'R8']"
2481564.2097220714,128.26319567514832,11.870537255937617,"['D2', 'R5', 'R26', 'R11', 'R17', 'R14', 'R2', 'R12', 'R3', 'R10', 'R23', 'R1', 'R6', 'R28', 'R7', 'R13', 'R20', 'R70', 'R24', 'R8']"
