total_cost,total_distance,total_fuel_consumed,route
2479954.858917824,110.41325330328544,10.006355194343591,"['D2', 'R5', 'R11', 'R26', 'R14', 'R17', 'R2', 'R1', 'R7', 'R28', 'R6', 'R13', 'R20', 'R23', 'R3', 'R12', 'R10', 'R70', 'R8', 'R24']"
2480123.892655988,112.28807293687618,10.210167475031412,"['D2', 'R14', 'R17', 'R2', 'R11', 'R26', 'R5', 'R7', 'R1', 'R6', 'R13', 'R20', 'R28', 'R23', 'R10', 'R3', 'R12', 'R70', 'R8', 'R24']"
2480953.0586406887,121.48467880089669,11.209767434999378,"['D2', 'R2', 'R17', 'R14', 'R11', 'R26', 'R5', 'R1', 'R7', 'R28', 'R13', 'R6', 'R12', 'R3', 'R10', 'R23', 'R20', 'R24', 'R8', 'R70']"
2479554.5474558696,105.9732415247331,9.697833772818539,"['D2', 'R14', 'R17', 'R2', 'R11', 'R26', 'R5', 'R1', 'R7', 'R28', 'R6', 'R13', 'R20', 'R23', 'R3', 'R12', 'R10', 'R70', 'R8', 'R24']"
2480952.4832620667,121.47829705043344,11.197927187876411,"['D2', 'R14', 'R17', 'R2', 'R11', 'R26', 'R5', 'R3', 'R12', 'R10', 'R23', 'R6', 'R13', 'R20', 'R1', 'R7', 'R28', 'R70', 'R8', 'R24']"
