total_cost,total_distance,total_fuel_consumed,route
2485221.2320045778,168.824667308987,15.04977088360629,"['D2', 'R26', 'R17', 'R14', 'R2', 'R11', 'R7', 'R1', 'R28', 'R6', 'R13', 'R8', 'R3', 'R23', 'R12', 'R10', 'R5', 'R20', 'R70', 'R24']"
2482614.5746616474,139.91320609635937,12.879257131601099,"['D2', 'R17', 'R14', 'R2', 'R11', 'R3', 'R12', 'R10', 'R23', 'R13', 'R7', 'R1', 'R26', 'R5', 'R6', 'R28', 'R20', 'R70', 'R24', 'R8']"
2482386.837141737,137.38727974419626,12.679038806184854,"['D2', 'R17', 'R14', 'R2', 'R26', 'R11', 'R5', 'R28', 'R7', 'R1', 'R12', 'R3', 'R10', 'R13', 'R6', 'R23', 'R70', 'R20', 'R8', 'R24']"
2481975.991402001,132.83042814996978,12.024600892446678,"['D2', 'R17', 'R14', 'R2', 'R26', 'R1', 'R5', 'R11', 'R7', 'R20', 'R6', 'R13', 'R28', 'R10', 'R12', 'R3', 'R23', 'R70', 'R24', 'R8']"
2481730.2618171894,130.1049447336844,11.618814171257856,"['D2', 'R70', 'R2', 'R17', 'R14', 'R11', 'R26', 'R5', 'R1', 'R12', 'R3', 'R10', 'R7', 'R28', 'R6', 'R13', 'R23', 'R20', 'R8', 'R24']"
