total_cost,total_distance,total_fuel_consumed,route
2482263.3172856206,136.0172724669577,12.587864033733076,"['D2', 'R26', 'R2', 'R14', 'R17', 'R11', 'R5', 'R28', 'R13', 'R6', 'R7', 'R1', 'R3', 'R10', 'R12', 'R23', 'R20', 'R24', 'R70', 'R8']"
2482659.3330803504,140.40963931178564,12.987331195196123,"['D2', 'R26', 'R2', 'R14', 'R17', 'R11', 'R5', 'R1', 'R7', 'R6', 'R20', 'R10', 'R3', 'R12', 'R23', 'R28', 'R13', 'R24', 'R70', 'R8']"
2480891.1246356447,120.79774440599873,11.120470652895557,"['D2', 'R2', 'R14', 'R17', 'R11', 'R5', 'R26', 'R1', 'R7', 'R6', 'R20', 'R13', 'R28', 'R10', 'R3', 'R12', 'R23', 'R70', 'R24', 'R8']"
2481815.355775139,131.04875526994792,12.042925835978622,"['D2', 'R2', 'R14', 'R17', 'R26', 'R5', 'R7', 'R1', 'R11', 'R3', 'R12', 'R10', 'R6', 'R20', 'R13', 'R28', 'R24', 'R23', 'R70', 'R8']"
2481318.6375273783,125.53945793454835,11.420909092950426,"['D2', 'R26', 'R11', 'R5', 'R2', 'R14', 'R17', 'R1', 'R6', 'R28', 'R7', 'R12', 'R3', 'R10', 'R13', 'R20', 'R23', 'R70', 'R8', 'R24']"
