total_cost,total_distance,total_fuel_consumed,route
2216010.543684394,66.66530262194284,5.707929857301558,"['D5', 'R4', 'R32', 'R15', 'R18', 'R16', 'R31', 'R21', 'R9', 'R37', 'R33', 'R38', 'R22', 'R27', 'R36', 'R30', 'R35', 'R34']"
2216195.9262834643,68.72145389822855,6.020674011954843,"['D5', 'R4', 'R15', 'R32', 'R22', 'R38', 'R35', 'R30', 'R36', 'R27', 'R31', 'R18', 'R16', 'R21', 'R9', 'R33', 'R37', 'R34']"
2216231.082301972,69.11138311858761,6.059307230835551,"['D5', 'R4', 'R27', 'R36', 'R22', 'R38', 'R35', 'R30', 'R18', 'R16', 'R21', 'R9', 'R33', 'R37', 'R31', 'R15', 'R32', 'R34']"
2215824.569388006,64.60258859811553,5.703100797315664,"['D5', 'R4', 'R27', 'R36', 'R38', 'R35', 'R30', 'R32', 'R15', 'R31', 'R16', 'R18', 'R21', 'R9', 'R33', 'R37', 'R22', 'R34']"
2215641.6743647046,62.5740280024952,5.568904177489365,"['D5', 'R4', 'R36', 'R27', 'R22', 'R38', 'R35', 'R30', 'R32', 'R15', 'R31', 'R16', 'R18', 'R21', 'R9', 'R33', 'R37', 'R34']"
