total_cost,total_distance,total_fuel_consumed,route
2218281.626952826,91.85477986719314,8.048691132538078,"['D5', 'R27', 'R36', 'R21', 'R18', 'R16', 'R31', 'R32', 'R4', 'R22', 'R35', 'R30', 'R38', 'R9', 'R37', 'R33', 'R15', 'R34']"
2216939.251872397,76.96597019074085,6.743798511513965,"['D5', 'R32', 'R4', 'R22', 'R27', 'R36', 'R38', 'R30', 'R35', 'R15', 'R18', 'R16', 'R21', 'R31', 'R9', 'R37', 'R33', 'R34']"
2217315.7584546576,81.14195269141165,7.064633268035621,"['D5', 'R27', 'R36', 'R30', 'R4', 'R22', 'R35', 'R38', 'R32', 'R21', 'R16', 'R31', 'R18', 'R9', 'R37', 'R33', 'R15', 'R34']"
2217772.0381586086,86.2027302418887,7.473613940815867,"['D5', 'R32', 'R9', 'R18', 'R16', 'R21', 'R31', 'R15', 'R4', 'R22', 'R36', 'R27', 'R38', 'R30', 'R35', 'R34', 'R37', 'R33']"
2216984.9265561136,77.47256606159733,6.756764206294887,"['D5', 'R15', 'R4', 'R22', 'R38', 'R36', 'R27', 'R35', 'R30', 'R32', 'R18', 'R16', 'R31', 'R21', 'R37', 'R33', 'R9', 'R34']"
