total_cost,total_distance,total_fuel_consumed,route
2217539.320957338,83.621572286357,7.445234036227104,"['D5', 'R36', 'R27', 'R30', 'R38', 'R22', 'R4', 'R15', 'R31', 'R16', 'R18', 'R21', 'R32', 'R9', 'R37', 'R33', 'R35', 'R34']"
2217443.064000123,82.5539485373012,7.268740742463504,"['D5', 'R31', 'R16', 'R18', 'R21', 'R15', 'R27', 'R4', 'R36', 'R30', 'R35', 'R38', 'R22', 'R32', 'R9', 'R37', 'R33', 'R34']"
2217222.1132948375,80.10329741390694,6.972707845304747,"['D5', 'R22', 'R4', 'R36', 'R15', 'R32', 'R27', 'R30', 'R38', 'R35', 'R18', 'R31', 'R16', 'R21', 'R9', 'R37', 'R33', 'R34']"
2216681.2842660216,74.10475006678607,6.478025160716952,"['D5', 'R22', 'R27', 'R4', 'R36', 'R38', 'R30', 'R35', 'R31', 'R16', 'R18', 'R21', 'R9', 'R33', 'R37', 'R15', 'R32', 'R34']"
2216985.7570967567,77.48177791434351,6.858010841084512,"['D5', 'R4', 'R27', 'R36', 'R22', 'R38', 'R30', 'R35', 'R32', 'R31', 'R18', 'R9', 'R16', 'R21', 'R37', 'R33', 'R15', 'R34']"
