total_cost,total_distance,total_fuel_consumed,route
2216601.014448328,73.21444596637295,6.4264107557069945,"['D5', 'R22', 'R27', 'R36', 'R4', 'R30', 'R38', 'R35', 'R15', 'R32', 'R31', 'R18', 'R16', 'R21', 'R33', 'R37', 'R9', 'R34']"
2217801.1519184224,86.52564239599079,7.644197113818595,"['D5', 'R36', 'R27', 'R38', 'R30', 'R35', 'R22', 'R4', 'R9', 'R18', 'R16', 'R21', 'R31', 'R15', 'R32', 'R37', 'R33', 'R34']"
2216621.646048163,73.44327914999347,6.4524935445785445,"['D5', 'R36', 'R27', 'R30', 'R38', 'R35', 'R22', 'R32', 'R15', 'R4', 'R31', 'R16', 'R18', 'R21', 'R37', 'R33', 'R9', 'R34']"
2217126.9629530767,79.04794757183855,6.855121650296635,"['D5', 'R38', 'R30', 'R22', 'R4', 'R27', 'R36', 'R35', 'R32', 'R15', 'R21', 'R18', 'R16', 'R31', 'R9', 'R33', 'R37', 'R34']"
2216988.6313506183,77.51365739372699,6.796117959445074,"['D5', 'R32', 'R4', 'R36', 'R27', 'R30', 'R22', 'R38', 'R35', 'R15', 'R16', 'R18', 'R21', 'R31', 'R9', 'R37', 'R33', 'R34']"
