total_cost,total_distance,total_fuel_consumed,route
2217535.453496767,83.57867676095421,7.313326156908955,"['D5', 'R22', 'R36', 'R27', 'R4', 'R31', 'R15', 'R32', 'R30', 'R38', 'R35', 'R16', 'R18', 'R21', 'R33', 'R37', 'R9', 'R34']"
2216524.9809640097,72.37112870463197,6.210379277557158,"['D5', 'R22', 'R15', 'R27', 'R36', 'R4', 'R32', 'R31', 'R18', 'R16', 'R21', 'R33', 'R37', 'R9', 'R30', 'R35', 'R38', 'R34']"
2216317.9005150353,70.07431804608709,6.079170494854044,"['D5', 'R27', 'R36', 'R4', 'R32', 'R15', 'R16', 'R18', 'R21', 'R31', 'R37', 'R33', 'R9', 'R30', 'R35', 'R38', 'R22', 'R34']"
2215552.3255755967,61.58302546136913,5.458986554396961,"['D5', 'R22', 'R30', 'R35', 'R38', 'R36', 'R27', 'R4', 'R32', 'R15', 'R31', 'R18', 'R16', 'R21', 'R9', 'R33', 'R37', 'R34']"
2216725.862423544,74.59918393460418,6.214103875249421,"['D5', 'R15', 'R32', 'R4', 'R36', 'R27', 'R38', 'R22', 'R30', 'R35', 'R34', 'R16', 'R18', 'R31', 'R21', 'R37', 'R33', 'R9']"
