total_cost,total_distance,total_fuel_consumed,route
2479957.264140412,110.4399305724555,9.928708396543199,"['D3', 'R28', 'R5', 'R11', 'R14', 'R17', 'R2', 'R26', 'R12', 'R3', 'R10', 'R70', 'R23', 'R20', 'R6', 'R1', 'R7', 'R13', 'R24', 'R8']"
2480659.193455513,118.22530451988277,10.889277599961874,"['D3', 'R7', 'R1', 'R6', 'R13', 'R28', 'R5', 'R11', 'R14', 'R17', 'R2', 'R26', 'R12', 'R3', 'R10', 'R70', 'R23', 'R20', 'R8', 'R24']"
2482007.042569042,133.17482884918047,12.406555197752052,"['D3', 'R11', 'R26', 'R5', 'R17', 'R14', 'R2', 'R10', 'R3', 'R12', 'R1', 'R6', 'R7', 'R28', 'R13', 'R23', 'R20', 'R70', 'R24', 'R8']"
2479933.2771430854,110.1738813563218,10.071321877347085,"['D3', 'R11', 'R14', 'R17', 'R2', 'R26', 'R5', 'R1', 'R7', 'R6', 'R13', 'R28', 'R20', 'R23', 'R3', 'R12', 'R10', 'R70', 'R8', 'R24']"
2480099.611914427,112.01876568797128,10.212770965955075,"['D3', 'R1', 'R7', 'R28', 'R6', 'R13', 'R20', 'R14', 'R17', 'R2', 'R11', 'R26', 'R5', 'R12', 'R3', 'R10', 'R23', 'R70', 'R8', 'R24']"
