total_cost,total_distance,total_fuel_consumed,route
2480985.9416720322,121.84939742715807,11.232356897538548,"['D3', 'R7', 'R1', 'R3', 'R12', 'R10', 'R23', 'R5', 'R2', 'R14', 'R17', 'R11', 'R26', 'R28', 'R6', 'R13', 'R20', 'R70', 'R8', 'R24']"
2479980.080616494,110.69299707735763,10.259873845967487,"['D3', 'R7', 'R1', 'R2', 'R17', 'R14', 'R5', 'R26', 'R11', 'R12', 'R3', 'R10', 'R23', 'R20', 'R13', 'R6', 'R28', 'R24', 'R8', 'R70']"
2480988.1284555327,121.87365190253485,11.349252381165439,"['D3', 'R1', 'R7', 'R5', 'R26', 'R11', 'R17', 'R14', 'R2', 'R3', 'R12', 'R10', 'R23', 'R6', 'R28', 'R24', 'R20', 'R13', 'R70', 'R8']"
2481043.404573939,122.48674105966006,11.218893377842702,"['D3', 'R1', 'R7', 'R6', 'R13', 'R20', 'R12', 'R3', 'R10', 'R23', 'R2', 'R17', 'R14', 'R11', 'R26', 'R5', 'R28', 'R70', 'R8', 'R24']"
2480631.2803510837,117.91570930660924,10.724558906452504,"['D3', 'R1', 'R7', 'R28', 'R13', 'R6', 'R20', 'R10', 'R3', 'R12', 'R23', 'R14', 'R17', 'R2', 'R26', 'R5', 'R11', 'R70', 'R8', 'R24']"
