total_cost,total_distance,total_fuel_consumed,route
2483216.8662525984,146.59345887975226,13.747850477696655,"['D3', 'R5', 'R26', 'R11', 'R2', 'R14', 'R17', 'R10', 'R3', 'R12', 'R1', 'R7', 'R23', 'R6', 'R13', 'R28', 'R20', 'R8', 'R70', 'R24']"
2482254.4856637516,135.9193174772837,12.605356162500318,"['D3', 'R26', 'R14', 'R17', 'R2', 'R11', 'R5', 'R1', 'R7', 'R28', 'R13', 'R6', 'R3', 'R12', 'R10', 'R23', 'R24', 'R20', 'R70', 'R8']"
2482491.5395880365,138.54857573243464,12.895708298707184,"['D3', 'R26', 'R14', 'R17', 'R2', 'R3', 'R12', 'R10', 'R5', 'R11', 'R1', 'R7', 'R6', 'R28', 'R13', 'R20', 'R23', 'R8', 'R24', 'R70']"
2480642.8603492896,118.04414761855799,10.776339375776228,"['D3', 'R7', 'R6', 'R1', 'R10', 'R12', 'R3', 'R2', 'R14', 'R17', 'R26', 'R11', 'R5', 'R28', 'R24', 'R13', 'R20', 'R23', 'R70', 'R8']"
2481540.2856607684,127.99784450718883,11.904855647446194,"['D3', 'R1', 'R5', 'R26', 'R14', 'R17', 'R2', 'R11', 'R12', 'R3', 'R10', 'R7', 'R6', 'R28', 'R13', 'R20', 'R24', 'R23', 'R70', 'R8']"
