total_cost,total_distance,total_fuel_consumed,route
2481532.216430078,127.90834549775701,12.00631445488007,"['D3', 'R7', 'R1', 'R11', 'R5', 'R26', 'R2', 'R14', 'R17', 'R12', 'R3', 'R10', 'R6', 'R13', 'R20', 'R23', 'R28', 'R70', 'R24', 'R8']"
2480890.7936582924,120.79407340608108,11.268059730843257,"['D3', 'R1', 'R7', 'R11', 'R26', 'R5', 'R14', 'R17', 'R2', 'R12', 'R3', 'R10', 'R20', 'R13', 'R6', 'R28', 'R23', 'R70', 'R24', 'R8']"
2479941.50729009,110.26516515183826,10.14347462318602,"['D3', 'R2', 'R14', 'R17', 'R11', 'R5', 'R26', 'R1', 'R7', 'R28', 'R6', 'R13', 'R20', 'R23', 'R10', 'R12', 'R3', 'R70', 'R24', 'R8']"
2480285.1875604796,114.07705812422304,10.38840414590978,"['D3', 'R28', 'R7', 'R1', 'R6', 'R5', 'R26', 'R11', 'R2', 'R17', 'R14', 'R3', 'R12', 'R23', 'R10', 'R70', 'R20', 'R13', 'R24', 'R8']"
2481599.154779028,128.6507850380223,12.06773489890896,"['D3', 'R7', 'R1', 'R2', 'R17', 'R14', 'R11', 'R5', 'R26', 'R3', 'R12', 'R10', 'R23', 'R20', 'R13', 'R6', 'R28', 'R8', 'R70', 'R24']"
