total_cost,total_distance,total_fuel_consumed,route
2483477.2671846724,149.48166797551374,13.839116217772656,"['D3', 'R7', 'R6', 'R20', 'R28', 'R1', 'R5', 'R2', 'R14', 'R17', 'R11', 'R26', 'R12', 'R3', 'R10', 'R13', 'R23', 'R24', 'R70', 'R8']"
2482975.364193514,143.91486461306442,13.407123457199994,"['D3', 'R28', 'R7', 'R1', 'R3', 'R12', 'R10', 'R26', 'R5', 'R11', 'R2', 'R17', 'R14', 'R23', 'R6', 'R20', 'R13', 'R8', 'R70', 'R24']"
2481530.793198104,127.89255987250112,11.653470245401298,"['D3', 'R17', 'R14', 'R2', 'R5', 'R11', 'R26', 'R1', 'R28', 'R6', 'R20', 'R7', 'R10', 'R3', 'R12', 'R70', 'R23', 'R13', 'R8', 'R24']"
2483109.2431038828,145.39976823294603,13.38722375012215,"['D3', 'R1', 'R3', 'R12', 'R11', 'R17', 'R14', 'R2', 'R23', 'R10', 'R5', 'R26', 'R28', 'R6', 'R7', 'R13', 'R20', 'R24', 'R70', 'R8']"
2482868.5761667104,142.73043663165853,13.246197390432922,"['D3', 'R5', 'R2', 'R17', 'R14', 'R11', 'R26', 'R7', 'R1', 'R13', 'R6', 'R12', 'R3', 'R10', 'R23', 'R28', 'R20', 'R24', 'R70', 'R8']"
