total_cost,total_distance,total_fuel_consumed,route
2217045.5415649093,78.14487095063929,6.8258867750803525,"['D5', 'R4', 'R36', 'R27', 'R32', 'R22', 'R35', 'R38', 'R30', 'R15', 'R16', 'R18', 'R31', 'R21', 'R37', 'R33', 'R9', 'R34']"
2216371.10231275,70.66440009705396,6.183636024017884,"['D5', 'R4', 'R38', 'R35', 'R27', 'R36', 'R30', 'R22', 'R32', 'R15', 'R31', 'R16', 'R18', 'R21', 'R37', 'R33', 'R9', 'R34']"
2215903.23110114,65.47505657874797,5.782594505027767,"['D5', 'R32', 'R4', 'R36', 'R27', 'R30', 'R35', 'R38', 'R22', 'R15', 'R31', 'R16', 'R18', 'R21', 'R9', 'R37', 'R33', 'R34']"
2216801.4159774845,75.43717809987645,6.572326627701502,"['D5', 'R38', 'R22', 'R36', 'R27', 'R4', 'R15', 'R32', 'R21', 'R16', 'R18', 'R31', 'R37', 'R33', 'R9', 'R30', 'R35', 'R34']"
2217798.274477375,86.49372756627747,7.50375729578254,"['D5', 'R27', 'R4', 'R32', 'R36', 'R35', 'R22', 'R30', 'R38', 'R15', 'R16', 'R18', 'R31', 'R9', 'R21', 'R33', 'R37', 'R34']"
