total_cost,total_distance,total_fuel_consumed,route
2215957.9748929227,66.08224149204476,5.878980775786033,"['D5', 'R4', 'R36', 'R27', 'R22', 'R38', 'R35', 'R30', 'R32', 'R15', 'R16', 'R18', 'R31', 'R21', 'R9', 'R37', 'R33', 'R34']"
2216846.1133179017,75.93293387202621,6.669749677727218,"['D5', 'R4', 'R27', 'R36', 'R35', 'R30', 'R22', 'R38', 'R15', 'R32', 'R18', 'R16', 'R31', 'R21', 'R37', 'R33', 'R9', 'R34']"
2216029.6334678386,66.8770349139191,5.770676071855635,"['D5', 'R27', 'R36', 'R4', 'R15', 'R32', 'R16', 'R18', 'R21', 'R33', 'R37', 'R9', 'R31', 'R22', 'R38', 'R35', 'R30', 'R34']"
2216259.9964858326,69.4320816973438,6.173383591015014,"['D5', 'R4', 'R36', 'R27', 'R22', 'R38', 'R35', 'R30', 'R32', 'R31', 'R21', 'R16', 'R18', 'R9', 'R37', 'R33', 'R15', 'R34']"
2215641.6743647046,62.5740280024952,5.568904177489365,"['D5', 'R4', 'R36', 'R27', 'R22', 'R38', 'R35', 'R30', 'R32', 'R15', 'R31', 'R16', 'R18', 'R21', 'R9', 'R33', 'R37', 'R34']"
