total_cost,total_distance,total_fuel_consumed,route
2217657.695845169,84.9345146979762,7.4150883889342065,"['D5', 'R36', 'R27', 'R38', 'R22', 'R31', 'R15', 'R32', 'R4', 'R30', 'R35', 'R18', 'R16', 'R21', 'R37', 'R33', 'R9', 'R34']"
2217086.1546455356,78.59532659201366,6.984455324448419,"['D5', 'R22', 'R27', 'R36', 'R4', 'R38', 'R35', 'R30', 'R32', 'R31', 'R18', 'R16', 'R21', 'R15', 'R37', 'R33', 'R9', 'R34']"
2216837.341190284,75.83563875648264,6.604757137680203,"['D5', 'R38', 'R27', 'R36', 'R4', 'R22', 'R30', 'R35', 'R15', 'R32', 'R31', 'R18', 'R16', 'R21', 'R33', 'R37', 'R9', 'R34']"
2217899.1524147135,87.61260442229012,7.678233460267434,"['D5', 'R36', 'R27', 'R4', 'R22', 'R15', 'R21', 'R18', 'R16', 'R31', 'R9', 'R33', 'R37', 'R35', 'R38', 'R30', 'R32', 'R34']"
2217190.442292776,79.75202188083378,6.869315799662939,"['D5', 'R32', 'R38', 'R36', 'R27', 'R22', 'R4', 'R15', 'R21', 'R18', 'R16', 'R31', 'R33', 'R37', 'R9', 'R30', 'R35', 'R34']"
