total_cost,total_distance,total_fuel_consumed,route
2217124.1275649266,79.01649916733442,6.917929674740135,"['D5', 'R15', 'R4', 'R22', 'R27', 'R36', 'R30', 'R38', 'R35', 'R32', 'R31', 'R18', 'R9', 'R21', 'R16', 'R33', 'R37', 'R34']"
2217675.5824593767,85.13290216699681,7.430307943552819,"['D5', 'R32', 'R4', 'R36', 'R27', 'R38', 'R22', 'R16', 'R18', 'R21', 'R31', 'R15', 'R33', 'R37', 'R9', 'R35', 'R30', 'R34']"
2215884.887830635,65.2716041552243,5.5800870262027455,"['D5', 'R31', 'R16', 'R18', 'R21', 'R9', 'R37', 'R33', 'R15', 'R4', 'R27', 'R36', 'R32', 'R22', 'R38', 'R30', 'R35', 'R34']"
2216787.590488559,75.28383416769171,6.645086559875034,"['D5', 'R36', 'R27', 'R38', 'R22', 'R4', 'R32', 'R15', 'R16', 'R18', 'R21', 'R31', 'R9', 'R37', 'R33', 'R35', 'R30', 'R34']"
2216892.660851228,76.44921086100645,6.6065939263705475,"['D5', 'R15', 'R4', 'R27', 'R30', 'R36', 'R22', 'R32', 'R31', 'R18', 'R16', 'R21', 'R37', 'R33', 'R9', 'R35', 'R38', 'R34']"
