total_cost,total_distance,total_fuel_consumed,route
2216779.91271047,75.19867691293693,6.564292110660692,"['D5', 'R22', 'R36', 'R27', 'R4', 'R32', 'R15', 'R18', 'R16', 'R21', 'R9', 'R33', 'R37', 'R31', 'R34', 'R30', 'R35', 'R38']"
2215308.9786381,58.883968923027766,5.269908773561901,"['D5', 'R22', 'R38', 'R35', 'R30', 'R27', 'R36', 'R4', 'R32', 'R15', 'R31', 'R18', 'R16', 'R21', 'R9', 'R37', 'R33', 'R34']"
2216113.8837028197,67.811487387089,5.958081775257998,"['D5', 'R22', 'R27', 'R36', 'R4', 'R35', 'R38', 'R30', 'R32', 'R15', 'R31', 'R16', 'R18', 'R21', 'R9', 'R33', 'R37', 'R34']"
2215805.4949739617,64.39102677420225,5.606402310129903,"['D5', 'R4', 'R32', 'R15', 'R31', 'R18', 'R16', 'R21', 'R9', 'R33', 'R37', 'R22', 'R27', 'R36', 'R35', 'R38', 'R30', 'R34']"
2216285.3512435653,69.71330128178376,6.180829902672553,"['D5', 'R22', 'R4', 'R27', 'R36', 'R30', 'R35', 'R38', 'R32', 'R15', 'R18', 'R16', 'R21', 'R31', 'R9', 'R33', 'R37', 'R34']"
