total_cost,total_distance,total_fuel_consumed,route
2216474.5142111746,71.81138211152128,6.335439763804145,"['D5', 'R4', 'R36', 'R27', 'R22', 'R38', 'R35', 'R30', 'R18', 'R16', 'R31', 'R21', 'R37', 'R33', 'R9', 'R15', 'R32', 'R34']"
2215731.04933045,63.56532087899713,5.674812328452234,"['D5', 'R4', 'R27', 'R36', 'R30', 'R35', 'R38', 'R22', 'R32', 'R15', 'R18', 'R31', 'R21', 'R16', 'R9', 'R37', 'R33', 'R34']"
2215616.7314942516,62.29737682178498,5.4945645633194005,"['D5', 'R22', 'R27', 'R36', 'R4', 'R32', 'R15', 'R18', 'R31', 'R16', 'R21', 'R37', 'R33', 'R9', 'R30', 'R35', 'R38', 'R34']"
2215423.3924834197,60.15297785514251,5.179889144455668,"['D5', 'R4', 'R32', 'R15', 'R18', 'R31', 'R16', 'R21', 'R33', 'R37', 'R9', 'R22', 'R36', 'R27', 'R30', 'R35', 'R38', 'R34']"
2215676.469761531,62.959957426033256,5.541449149546074,"['D5', 'R22', 'R36', 'R27', 'R4', 'R32', 'R15', 'R18', 'R31', 'R16', 'R21', 'R33', 'R37', 'R9', 'R30', 'R35', 'R38', 'R34']"
