total_cost,total_distance,total_fuel_consumed,route
2216118.053121154,67.85773204474705,5.989765787322167,"['D5', 'R27', 'R36', 'R32', 'R15', 'R18', 'R31', 'R16', 'R21', 'R9', 'R33', 'R37', 'R22', 'R38', 'R35', 'R30', 'R4', 'R34']"
2216408.5444564843,71.0796856309302,6.302231103691263,"['D5', 'R22', 'R27', 'R36', 'R4', 'R38', 'R35', 'R30', 'R15', 'R18', 'R31', 'R16', 'R21', 'R9', 'R33', 'R37', 'R32', 'R34']"
2215942.0767562496,65.90590900897973,5.709868353715617,"['D5', 'R4', 'R36', 'R27', 'R38', 'R35', 'R30', 'R31', 'R16', 'R21', 'R9', 'R33', 'R37', 'R18', 'R15', 'R32', 'R22', 'R34']"
2216203.612719003,68.80670717616525,5.986782976044512,"['D5', 'R36', 'R27', 'R35', 'R38', 'R22', 'R4', 'R15', 'R16', 'R21', 'R9', 'R33', 'R37', 'R31', 'R18', 'R32', 'R30', 'R34']"
2215795.4364240076,64.27946344285265,5.587863058248093,"['D5', 'R22', 'R27', 'R36', 'R18', 'R31', 'R16', 'R21', 'R9', 'R33', 'R37', 'R15', 'R32', 'R4', 'R38', 'R35', 'R30', 'R34']"
