total_cost,total_distance,total_fuel_consumed,route
2218781.5170119307,97.39925700899018,8.608943572063714,"['D5', 'R27', 'R36', 'R38', 'R35', 'R22', 'R4', 'R15', 'R18', 'R32', 'R31', 'R16', 'R30', 'R37', 'R33', 'R9', 'R21', 'R34']"
2218972.705790345,99.51980690267703,8.694221120120362,"['D5', 'R38', 'R27', 'R36', 'R15', 'R4', 'R22', 'R35', 'R32', 'R31', 'R16', 'R18', 'R21', 'R37', 'R33', 'R9', 'R34', 'R30']"
2217730.150596487,85.73813882527676,7.447966556039921,"['D5', 'R15', 'R38', 'R30', 'R36', 'R27', 'R4', 'R22', 'R32', 'R18', 'R16', 'R21', 'R31', 'R37', 'R33', 'R9', 'R35', 'R34']"
2218312.47286204,92.19690397116509,8.194412294068963,"['D5', 'R36', 'R30', 'R38', 'R22', 'R27', 'R32', 'R15', 'R21', 'R16', 'R31', 'R18', 'R4', 'R35', 'R9', 'R37', 'R33', 'R34']"
2217016.1714734896,77.81911572193621,6.86812533954431,"['D5', 'R36', 'R27', 'R4', 'R22', 'R38', 'R30', 'R35', 'R32', 'R18', 'R15', 'R31', 'R9', 'R16', 'R21', 'R37', 'R33', 'R34']"
