total_cost,total_distance,total_fuel_consumed,route
2217250.3049355187,80.41598198223988,6.903635830061208,"['D5', 'R18', 'R31', 'R32', 'R27', 'R36', 'R22', 'R4', 'R15', 'R33', 'R37', 'R9', 'R16', 'R21', 'R38', 'R35', 'R30', 'R34']"
2216599.227113128,73.19462192910822,6.494855748196079,"['D5', 'R22', 'R30', 'R38', 'R27', 'R36', 'R4', 'R32', 'R15', 'R31', 'R18', 'R21', 'R16', 'R9', 'R33', 'R37', 'R35', 'R34']"
2216999.5952994046,77.63526285941214,6.729718064606149,"['D5', 'R38', 'R27', 'R22', 'R36', 'R4', 'R15', 'R31', 'R18', 'R21', 'R16', 'R37', 'R33', 'R9', 'R32', 'R35', 'R30', 'R34']"
2217485.7846019664,83.027779524914,7.031690394924662,"['D5', 'R4', 'R36', 'R31', 'R18', 'R15', 'R32', 'R27', 'R22', 'R30', 'R38', 'R35', 'R34', 'R33', 'R37', 'R9', 'R21', 'R16']"
2217454.0220375624,82.67548843792012,7.226550364067572,"['D5', 'R4', 'R18', 'R15', 'R32', 'R35', 'R30', 'R36', 'R27', 'R22', 'R38', 'R16', 'R21', 'R31', 'R9', 'R33', 'R37', 'R34']"
