total_cost,total_distance,total_fuel_consumed,route
2216931.703451901,76.88224769189503,6.7952780232690015,"['D5', 'R22', 'R4', 'R36', 'R27', 'R38', 'R30', 'R35', 'R18', 'R15', 'R31', 'R21', 'R16', 'R9', 'R37', 'R33', 'R32', 'R34']"
2216456.0748928785,71.60686438419044,6.273022074549408,"['D5', 'R36', 'R27', 'R4', 'R32', 'R15', 'R18', 'R16', 'R31', 'R21', 'R9', 'R37', 'R33', 'R38', 'R22', 'R35', 'R30', 'R34']"
2216841.0146870166,75.87638295271097,6.662315312059811,"['D5', 'R15', 'R32', 'R4', 'R27', 'R36', 'R22', 'R35', 'R38', 'R30', 'R18', 'R16', 'R31', 'R21', 'R9', 'R37', 'R33', 'R34']"
2217260.074300367,80.52433784790506,7.012853866261706,"['D5', 'R4', 'R30', 'R27', 'R36', 'R35', 'R22', 'R38', 'R18', 'R15', 'R32', 'R31', 'R21', 'R16', 'R33', 'R37', 'R9', 'R34']"
2216930.825949057,76.87251496291591,6.607158394692179,"['D5', 'R18', 'R16', 'R31', 'R15', 'R32', 'R4', 'R22', 'R36', 'R27', 'R38', 'R30', 'R35', 'R34', 'R21', 'R9', 'R37', 'R33']"
