total_cost,total_distance,total_fuel_consumed,route
2216724.037604053,74.57894414433088,6.5608971467019455,"['D5', 'R22', 'R27', 'R36', 'R32', 'R4', 'R38', 'R35', 'R30', 'R15', 'R18', 'R16', 'R31', 'R21', 'R33', 'R37', 'R9', 'R34']"
2216443.5138634634,71.46754506946891,6.253423172618216,"['D5', 'R22', 'R4', 'R27', 'R36', 'R30', 'R38', 'R35', 'R32', 'R18', 'R16', 'R21', 'R37', 'R33', 'R9', 'R31', 'R15', 'R34']"
2216609.446638226,73.30797069904797,6.418910005290702,"['D5', 'R22', 'R27', 'R36', 'R4', 'R35', 'R38', 'R30', 'R15', 'R32', 'R31', 'R21', 'R16', 'R18', 'R9', 'R33', 'R37', 'R34']"
2216725.856524651,74.59911850766386,6.592239189472036,"['D5', 'R22', 'R27', 'R36', 'R35', 'R38', 'R30', 'R4', 'R15', 'R32', 'R18', 'R16', 'R21', 'R31', 'R33', 'R37', 'R9', 'R34']"
2217289.9603690524,80.85581598327727,7.1516473436092145,"['D5', 'R22', 'R27', 'R36', 'R4', 'R38', 'R35', 'R30', 'R18', 'R16', 'R21', 'R31', 'R15', 'R32', 'R9', 'R37', 'R33', 'R34']"
