total_cost,total_distance,total_fuel_consumed,route
2216668.632724369,73.96442684526338,6.3619364174886766,"['D5', 'R36', 'R27', 'R32', 'R4', 'R22', 'R38', 'R35', 'R30', 'R37', 'R33', 'R9', 'R21', 'R16', 'R18', 'R31', 'R15', 'R34']"
2218138.31941915,90.26529968001398,7.748560454449201,"['D5', 'R4', 'R31', 'R16', 'R18', 'R21', 'R32', 'R27', 'R36', 'R15', 'R9', 'R33', 'R37', 'R35', 'R22', 'R38', 'R30', 'R34']"
2217475.8761804225,82.91788132678148,7.256373205408929,"['D5', 'R27', 'R4', 'R22', 'R36', 'R30', 'R35', 'R38', 'R21', 'R16', 'R18', 'R31', 'R32', 'R15', 'R9', 'R37', 'R33', 'R34']"
2216902.6811948484,76.56035043088305,6.50401056929498,"['D5', 'R18', 'R31', 'R21', 'R16', 'R37', 'R33', 'R9', 'R32', 'R27', 'R36', 'R22', 'R4', 'R15', 'R30', 'R38', 'R35', 'R34']"
2217765.9743272774,86.13547390503038,7.44595981250859,"['D5', 'R27', 'R36', 'R38', 'R4', 'R22', 'R21', 'R16', 'R18', 'R31', 'R15', 'R32', 'R37', 'R33', 'R9', 'R30', 'R35', 'R34']"
