total_cost,total_distance,total_fuel_consumed,route
2215923.280956394,65.69743740454666,5.6903280720353715,"['D5', 'R22', 'R4', 'R32', 'R15', 'R31', 'R16', 'R21', 'R18', 'R9', 'R33', 'R37', 'R27', 'R36', 'R38', 'R35', 'R30', 'R34']"
2216932.78123427,76.89420179980434,6.695387747095487,"['D5', 'R38', 'R27', 'R36', 'R4', 'R32', 'R15', 'R22', 'R35', 'R30', 'R31', 'R18', 'R16', 'R21', 'R9', 'R37', 'R33', 'R34']"
2215478.5920123765,60.76521752857808,5.410463549684714,"['D5', 'R27', 'R36', 'R30', 'R35', 'R38', 'R22', 'R4', 'R32', 'R15', 'R31', 'R18', 'R16', 'R21', 'R9', 'R33', 'R37', 'R34']"
2215695.6806950266,63.1730334408459,5.5854937310670385,"['D5', 'R36', 'R27', 'R35', 'R30', 'R38', 'R22', 'R4', 'R32', 'R15', 'R31', 'R18', 'R16', 'R21', 'R9', 'R33', 'R37', 'R34']"
2216866.780618122,76.16216302265111,6.718483021621518,"['D5', 'R22', 'R38', 'R27', 'R36', 'R4', 'R15', 'R32', 'R16', 'R18', 'R21', 'R31', 'R37', 'R33', 'R9', 'R35', 'R30', 'R34']"
