total_cost,total_distance,total_fuel_consumed,route
2216749.8908933885,74.86569313874126,6.516270993529936,"['D5', 'R4', 'R27', 'R38', 'R36', 'R22', 'R30', 'R35', 'R15', 'R32', 'R31', 'R16', 'R18', 'R21', 'R9', 'R37', 'R33', 'R34']"
2216036.1798784747,66.94964372754029,5.9156930017517055,"['D5', 'R4', 'R36', 'R27', 'R38', 'R22', 'R32', 'R15', 'R31', 'R16', 'R18', 'R21', 'R9', 'R33', 'R37', 'R30', 'R35', 'R34']"
2215587.7683574376,61.97613528657463,5.52574243443944,"['D5', 'R4', 'R36', 'R27', 'R30', 'R35', 'R38', 'R22', 'R32', 'R15', 'R31', 'R16', 'R18', 'R21', 'R9', 'R37', 'R33', 'R34']"
2217188.5295593524,79.73080700258022,7.064516965759325,"['D5', 'R18', 'R16', 'R31', 'R15', 'R32', 'R4', 'R36', 'R27', 'R22', 'R38', 'R35', 'R30', 'R33', 'R37', 'R9', 'R21', 'R34']"
2216385.532530393,70.82445131314567,6.2639004765363975,"['D5', 'R4', 'R36', 'R27', 'R22', 'R30', 'R35', 'R38', 'R32', 'R15', 'R21', 'R16', 'R18', 'R31', 'R9', 'R37', 'R33', 'R34']"
