total_cost,total_distance,total_fuel_consumed,route
2481157.656638495,123.75395561774127,11.407031381384076,"['D3', 'R7', 'R1', 'R28', 'R6', 'R20', 'R13', 'R23', 'R10', 'R3', 'R12', 'R17', 'R14', 'R2', 'R11', 'R26', 'R5', 'R8', 'R70', 'R24']"
2480701.8161120736,118.69804915787277,11.067340086636596,"['D3', 'R7', 'R1', 'R5', 'R11', 'R17', 'R14', 'R2', 'R26', 'R3', 'R12', 'R10', 'R6', 'R28', 'R13', 'R20', 'R23', 'R70', 'R24', 'R8']"
2480731.960041604,119.03238732924261,10.972382544306589,"['D3', 'R1', 'R7', 'R5', 'R11', 'R17', 'R14', 'R2', 'R26', 'R28', 'R6', 'R13', 'R20', 'R3', 'R12', 'R10', 'R70', 'R23', 'R8', 'R24']"
2483135.312475845,145.6889138847068,13.427514467175971,"['D3', 'R13', 'R7', 'R1', 'R5', 'R11', 'R14', 'R17', 'R2', 'R26', 'R10', 'R12', 'R3', 'R28', 'R6', 'R23', 'R20', 'R24', 'R70', 'R8']"
2480791.97849926,119.69807563509477,11.21725007387535,"['D3', 'R7', 'R1', 'R26', 'R5', 'R11', 'R2', 'R17', 'R14', 'R3', 'R12', 'R10', 'R23', 'R20', 'R6', 'R13', 'R28', 'R70', 'R24', 'R8']"
