total_cost,total_distance,total_fuel_consumed,route
2480227.421078352,113.43634736415248,10.520227183988135,"['D3', 'R7', 'R1', 'R10', 'R12', 'R3', 'R11', 'R26', 'R14', 'R17', 'R2', 'R5', 'R28', 'R13', 'R6', 'R20', 'R23', 'R70', 'R8', 'R24']"
2480937.082713448,121.3074835120689,11.11323831352628,"['D3', 'R7', 'R28', 'R11', 'R17', 'R14', 'R2', 'R5', 'R26', 'R1', 'R12', 'R3', 'R10', 'R13', 'R6', 'R20', 'R23', 'R70', 'R8', 'R24']"
2481394.96469646,126.38603256943155,11.738260761381785,"['D3', 'R1', 'R7', 'R28', 'R2', 'R17', 'R14', 'R11', 'R26', 'R5', 'R12', 'R3', 'R10', 'R23', 'R13', 'R6', 'R20', 'R70', 'R24', 'R8']"
2482828.0205088295,142.28061788852003,13.26024796720905,"['D3', 'R28', 'R7', 'R6', 'R1', 'R3', 'R10', 'R12', 'R17', 'R2', 'R14', 'R26', 'R11', 'R5', 'R13', 'R20', 'R23', 'R24', 'R70', 'R8']"
2479869.2491488876,109.4637217046139,9.95605298956551,"['D3', 'R5', 'R11', 'R2', 'R14', 'R17', 'R26', 'R7', 'R6', 'R1', 'R28', 'R13', 'R20', 'R23', 'R10', 'R3', 'R12', 'R70', 'R8', 'R24']"
