total_cost,total_distance,total_fuel_consumed,route
2481135.085744094,123.50361295578911,11.271455217607198,"['D3', 'R11', 'R26', 'R5', 'R2', 'R17', 'R14', 'R10', 'R3', 'R12', 'R70', 'R6', 'R7', 'R1', 'R28', 'R20', 'R13', 'R23', 'R24', 'R8']"
2481206.2160468632,124.29254710362984,11.491933902686595,"['D3', 'R5', 'R26', 'R14', 'R17', 'R2', 'R11', 'R1', 'R7', 'R13', 'R28', 'R6', 'R23', 'R10', 'R3', 'R12', 'R70', 'R20', 'R8', 'R24']"
2484603.2886316977,161.9708144598203,15.127609508411918,"['D3', 'R26', 'R17', 'R2', 'R14', 'R11', 'R12', 'R3', 'R10', 'R1', 'R7', 'R13', 'R28', 'R6', 'R23', 'R5', 'R20', 'R8', 'R70', 'R24']"
2482250.5576163065,135.87574995903944,12.175890354571662,"['D3', 'R6', 'R7', 'R20', 'R2', 'R17', 'R14', 'R11', 'R26', 'R5', 'R1', 'R28', 'R10', 'R3', 'R12', 'R70', 'R23', 'R13', 'R8', 'R24']"
2482660.642909453,140.4241671412269,13.054631890348226,"['D3', 'R6', 'R13', 'R28', 'R7', 'R1', 'R11', 'R17', 'R14', 'R2', 'R12', 'R3', 'R10', 'R26', 'R5', 'R23', 'R20', 'R24', 'R70', 'R8']"
