total_cost,total_distance,total_fuel_consumed,route
2479925.322514995,110.08565344937449,10.009378988344814,"['D3', 'R1', 'R7', 'R28', 'R20', 'R13', 'R6', 'R26', 'R11', 'R5', 'R17', 'R14', 'R2', 'R12', 'R3', 'R10', 'R23', 'R70', 'R8', 'R24']"
2479985.3506064904,110.75144860793176,10.11635904065341,"['D3', 'R7', 'R28', 'R6', 'R13', 'R20', 'R23', 'R10', 'R12', 'R3', 'R1', 'R14', 'R17', 'R2', 'R11', 'R26', 'R5', 'R70', 'R8', 'R24']"
2480159.0360730872,112.67786239005247,10.04793627791262,"['D3', 'R7', 'R1', 'R6', 'R13', 'R20', 'R28', 'R3', 'R12', 'R10', 'R23', 'R70', 'R11', 'R5', 'R26', 'R17', 'R14', 'R2', 'R24', 'R8']"
2480131.868480766,112.37653594461915,10.455626299772089,"['D3', 'R7', 'R1', 'R11', 'R26', 'R5', 'R2', 'R17', 'R14', 'R12', 'R3', 'R10', 'R23', 'R6', 'R13', 'R20', 'R28', 'R24', 'R8', 'R70']"
2481028.9664908545,122.32660260486742,11.297036341841244,"['D3', 'R7', 'R1', 'R12', 'R3', 'R10', 'R11', 'R26', 'R5', 'R17', 'R14', 'R2', 'R20', 'R13', 'R6', 'R28', 'R23', 'R70', 'R8', 'R24']"
