total_cost,total_distance,total_fuel_consumed,route
2481509.3979484583,127.65525674865518,11.73489716169274,"['D3', 'R1', 'R7', 'R6', 'R13', 'R3', 'R12', 'R10', 'R17', 'R14', 'R2', 'R11', 'R5', 'R26', 'R23', 'R20', 'R28', 'R24', 'R8', 'R70']"
2480797.4020564966,119.75823044029218,11.181665532264317,"['D3', 'R1', 'R7', 'R6', 'R13', 'R28', 'R5', 'R26', 'R11', 'R14', 'R17', 'R2', 'R3', 'R12', 'R10', 'R23', 'R20', 'R70', 'R24', 'R8']"
2481098.9278094145,123.10257108934127,11.366363839128681,"['D3', 'R1', 'R7', 'R10', 'R12', 'R3', 'R11', 'R5', 'R26', 'R17', 'R14', 'R2', 'R23', 'R20', 'R6', 'R28', 'R13', 'R24', 'R8', 'R70']"
2481401.697176565,126.46070515266993,11.707463785275774,"['D3', 'R28', 'R7', 'R1', 'R26', 'R11', 'R5', 'R14', 'R17', 'R2', 'R3', 'R12', 'R10', 'R6', 'R20', 'R13', 'R24', 'R23', 'R70', 'R8']"
2482605.183054113,139.8090400855497,12.859078265140601,"['D3', 'R1', 'R7', 'R6', 'R28', 'R13', 'R10', 'R3', 'R12', 'R23', 'R17', 'R14', 'R2', 'R11', 'R5', 'R26', 'R20', 'R70', 'R24', 'R8']"
