total_cost,total_distance,total_fuel_consumed,route
262203.9434558887,24.44480319308696,3.6190443426037335,"['W4', 'D5', 'D4']"
262203.9434558887,24.44480319308696,3.6190443426037335,"['W4', 'D5', 'D4']"
262203.9434558887,24.44480319308696,3.6190443426037335,"['W4', 'D5', 'D4']"
262203.9434558887,24.44480319308696,3.6190443426037335,"['W4', 'D5', 'D4']"
262203.9434558887,24.44480319308696,3.6190443426037335,"['W4', 'D5', 'D4']"
