total_cost,total_distance,total_fuel_consumed,route
262053.58164881216,22.777081286736397,3.4576519000536794,"['W4', 'D4', 'D5']"
262053.58164881216,22.777081286736397,3.4576519000536794,"['W4', 'D4', 'D5']"
262053.58164881216,22.777081286736397,3.4576519000536794,"['W4', 'D4', 'D5']"
262053.58164881216,22.777081286736397,3.4576519000536794,"['W4', 'D4', 'D5']"
262053.58164881216,22.777081286736397,3.4576519000536794,"['W4', 'D4', 'D5']"
