total_cost,total_distance,total_fuel_consumed,route
2216148.6439137226,68.19702654971664,5.972267026773282,"['D5', 'R30', 'R35', 'R38', 'R27', 'R36', 'R4', 'R32', 'R15', 'R16', 'R18', 'R31', 'R21', 'R33', 'R37', 'R9', 'R22', 'R34']"
2216231.6259244434,69.11741264910191,6.1356447755257175,"['D5', 'R4', 'R36', 'R27', 'R38', 'R35', 'R30', 'R22', 'R32', 'R15', 'R18', 'R16', 'R31', 'R21', 'R33', 'R37', 'R9', 'R34']"
2217295.384983521,80.9159825146495,7.098607743729248,"['D5', 'R4', 'R32', 'R31', 'R16', 'R18', 'R21', 'R33', 'R37', 'R9', 'R38', 'R22', 'R36', 'R27', 'R30', 'R35', 'R15', 'R34']"
2216808.1856337325,75.51226301832871,6.565554773784887,"['D5', 'R32', 'R4', 'R36', 'R27', 'R22', 'R38', 'R15', 'R16', 'R31', 'R18', 'R21', 'R37', 'R33', 'R9', 'R30', 'R35', 'R34']"
2216350.8159818896,70.43939642734806,6.168664744731355,"['D5', 'R4', 'R27', 'R38', 'R36', 'R32', 'R15', 'R31', 'R16', 'R18', 'R21', 'R9', 'R33', 'R37', 'R30', 'R35', 'R22', 'R34']"
