total_cost,total_distance,total_fuel_consumed,route
2215428.1999727376,60.2062996088969,5.118711014596283,"['D5', 'R22', 'R4', 'R31', 'R18', 'R16', 'R21', 'R9', 'R33', 'R37', 'R15', 'R32', 'R27', 'R36', 'R30', 'R35', 'R38', 'R34']"
2215947.459672705,65.96561305129781,5.818795711483425,"['D5', 'R22', 'R4', 'R36', 'R27', 'R35', 'R38', 'R30', 'R32', 'R15', 'R31', 'R18', 'R16', 'R21', 'R9', 'R37', 'R33', 'R34']"
2216747.923721538,74.8438744624826,6.523521158052909,"['D5', 'R38', 'R22', 'R4', 'R36', 'R27', 'R35', 'R30', 'R15', 'R32', 'R18', 'R16', 'R21', 'R9', 'R37', 'R33', 'R31', 'R34']"
2217846.4014834035,87.0275231078462,7.745673124284339,"['D5', 'R36', 'R27', 'R4', 'R32', 'R15', 'R18', 'R16', 'R21', 'R31', 'R38', 'R30', 'R35', 'R22', 'R37', 'R33', 'R9', 'R34']"
2215895.1554962695,65.38548687078617,5.515646612262137,"['D5', 'R22', 'R32', 'R15', 'R9', 'R37', 'R33', 'R21', 'R16', 'R18', 'R31', 'R27', 'R36', 'R4', 'R30', 'R35', 'R38', 'R34']"
