total_cost,total_distance,total_fuel_consumed,route
2216080.063553393,67.43637481580176,5.908012041860414,"['D5', 'R22', 'R27', 'R36', 'R4', 'R15', 'R32', 'R31', 'R16', 'R18', 'R21', 'R9', 'R33', 'R37', 'R35', 'R30', 'R38', 'R34']"
2216381.4448823696,70.77911360214941,6.214363639853518,"['D5', 'R4', 'R27', 'R36', 'R22', 'R38', 'R30', 'R35', 'R32', 'R16', 'R18', 'R21', 'R9', 'R33', 'R37', 'R31', 'R15', 'R34']"
2216903.1887603705,76.56598003960391,6.709288443655675,"['D5', 'R4', 'R32', 'R15', 'R27', 'R36', 'R30', 'R38', 'R35', 'R22', 'R21', 'R16', 'R18', 'R31', 'R9', 'R33', 'R37', 'R34']"
2215808.3848820915,64.4230798812309,5.706606455091156,"['D5', 'R22', 'R27', 'R36', 'R4', 'R32', 'R15', 'R31', 'R16', 'R18', 'R21', 'R9', 'R37', 'R33', 'R38', 'R35', 'R30', 'R34']"
2216525.197599442,72.373531493373,6.398823950788118,"['D5', 'R4', 'R27', 'R36', 'R22', 'R38', 'R35', 'R30', 'R15', 'R32', 'R21', 'R16', 'R18', 'R31', 'R9', 'R37', 'R33', 'R34']"
