total_cost,total_distance,total_fuel_consumed,route
2216302.26574627,69.90090668001417,6.147742411913719,"['D5', 'R36', 'R27', 'R4', 'R22', 'R38', 'R35', 'R30', 'R32', 'R15', 'R21', 'R16', 'R18', 'R33', 'R37', 'R9', 'R31', 'R34']"
2217794.334762188,86.4500306365127,7.472052807404088,"['D5', 'R15', 'R4', 'R27', 'R38', 'R30', 'R36', 'R32', 'R22', 'R35', 'R18', 'R16', 'R31', 'R21', 'R9', 'R33', 'R37', 'R34']"
2216978.2661746833,77.39869315310237,6.784479701817048,"['D5', 'R27', 'R36', 'R4', 'R15', 'R32', 'R22', 'R38', 'R35', 'R30', 'R16', 'R31', 'R18', 'R21', 'R37', 'R33', 'R9', 'R34']"
2216728.214825869,74.62527535347,6.1348789385220215,"['D5', 'R32', 'R4', 'R27', 'R36', 'R22', 'R38', 'R35', 'R30', 'R34', 'R37', 'R33', 'R9', 'R21', 'R18', 'R16', 'R31', 'R15']"
2217769.202812446,86.17128230308076,7.6277292279639415,"['D5', 'R31', 'R18', 'R16', 'R21', 'R15', 'R4', 'R36', 'R27', 'R22', 'R38', 'R30', 'R32', 'R9', 'R33', 'R37', 'R35', 'R34']"
