total_cost,total_distance,total_fuel_consumed,route
2217289.936224707,80.8555481888511,7.030223788404399,"['D5', 'R38', 'R27', 'R36', 'R4', 'R32', 'R22', 'R30', 'R35', 'R15', 'R16', 'R18', 'R31', 'R21', 'R33', 'R37', 'R9', 'R34']"
2217673.831295054,85.1134793151511,7.413800558195952,"['D5', 'R27', 'R4', 'R22', 'R36', 'R30', 'R35', 'R32', 'R18', 'R16', 'R21', 'R31', 'R15', 'R37', 'R33', 'R9', 'R38', 'R34']"
2217223.03982086,80.11357387821907,6.946902434498037,"['D5', 'R4', 'R35', 'R36', 'R27', 'R22', 'R30', 'R38', 'R32', 'R31', 'R21', 'R18', 'R16', 'R9', 'R37', 'R33', 'R15', 'R34']"
2218298.947849184,92.04689273717875,8.174990954076756,"['D5', 'R36', 'R27', 'R22', 'R38', 'R4', 'R32', 'R16', 'R21', 'R18', 'R31', 'R15', 'R30', 'R35', 'R33', 'R37', 'R9', 'R34']"
2217606.760838617,84.36957451881968,7.3580339490119755,"['D5', 'R15', 'R32', 'R4', 'R27', 'R30', 'R36', 'R38', 'R22', 'R35', 'R21', 'R16', 'R18', 'R31', 'R33', 'R37', 'R9', 'R34']"
