Cluster,Warehouse Cost,Distribution Cost,Outlet Cost,Total Cost
Cluster1,131665.81688842733,261716.1144284716,2478932.09409767,2872314.0254145693
Cluster2,0.0,inf,inf,inf
