total_cost,total_distance,total_fuel_consumed,route
2481546.6049382137,128.0679340973179,11.80078424429801,"['D2', 'R14', 'R17', 'R2', 'R11', 'R26', 'R5', 'R1', 'R7', 'R20', 'R13', 'R6', 'R10', 'R12', 'R3', 'R23', 'R28', 'R70', 'R8', 'R24']"
2479900.6236081054,109.81170816443728,9.981424468254936,"['D2', 'R2', 'R17', 'R14', 'R11', 'R5', 'R26', 'R7', 'R1', 'R28', 'R13', 'R6', 'R20', 'R23', 'R10', 'R12', 'R3', 'R70', 'R8', 'R24']"
2480450.4779448514,115.91035874945982,9.526118532188367,"['D2', 'R8', 'R7', 'R1', 'R12', 'R3', 'R10', 'R70', 'R5', 'R26', 'R11', 'R17', 'R14', 'R2', 'R23', 'R20', 'R13', 'R6', 'R28', 'R24']"
2481328.5183638795,125.64905017613378,11.539180470708109,"['D2', 'R26', 'R11', 'R5', 'R17', 'R14', 'R2', 'R3', 'R12', 'R10', 'R6', 'R7', 'R1', 'R13', 'R20', 'R28', 'R23', 'R70', 'R8', 'R24']"
2481158.0698824306,123.75853906866254,10.881750903384702,"['D2', 'R8', 'R5', 'R26', 'R11', 'R17', 'R14', 'R2', 'R12', 'R3', 'R10', 'R23', 'R6', 'R1', 'R7', 'R13', 'R20', 'R28', 'R24', 'R70']"
