total_cost,total_distance,total_fuel_consumed,route
2480528.8467507176,116.77957798045651,10.692967541119456,"['D2', 'R17', 'R14', 'R2', 'R11', 'R26', 'R5', 'R1', 'R7', 'R6', 'R13', 'R28', 'R20', 'R23', 'R12', 'R3', 'R10', 'R70', 'R24', 'R8']"
2482362.2410035594,137.11447430744812,12.644973431724505,"['D2', 'R17', 'R2', 'R14', 'R11', 'R1', 'R7', 'R5', 'R26', 'R3', 'R12', 'R10', 'R23', 'R13', 'R6', 'R20', 'R28', 'R8', 'R24', 'R70']"
2483368.1684633493,148.27161117290498,13.256048875179706,"['D2', 'R23', 'R1', 'R7', 'R14', 'R17', 'R2', 'R26', 'R5', 'R11', 'R3', 'R12', 'R10', 'R13', 'R28', 'R6', 'R20', 'R70', 'R24', 'R8']"
2480345.1163383494,114.74175175631525,10.486299857294153,"['D2', 'R17', 'R2', 'R14', 'R11', 'R26', 'R5', 'R28', 'R7', 'R1', 'R6', 'R20', 'R13', 'R23', 'R10', 'R3', 'R12', 'R70', 'R24', 'R8']"
2481080.2165503483,122.89503716003239,11.382803100589632,"['D2', 'R5', 'R26', 'R11', 'R2', 'R14', 'R17', 'R3', 'R12', 'R10', 'R1', 'R7', 'R6', 'R20', 'R13', 'R28', 'R23', 'R70', 'R24', 'R8']"
