total_cost,total_distance,total_fuel_consumed,route
2480017.0700829984,111.10326179013094,10.183241411646359,"['D2', 'R2', 'R17', 'R14', 'R11', 'R26', 'R5', 'R28', 'R7', 'R1', 'R6', 'R13', 'R20', 'R23', 'R10', 'R3', 'R12', 'R70', 'R24', 'R8']"
2480983.5483421176,121.82285206430655,11.170109756753977,"['D2', 'R5', 'R11', 'R26', 'R17', 'R14', 'R2', 'R12', 'R3', 'R10', 'R23', 'R28', 'R7', 'R1', 'R6', 'R13', 'R20', 'R24', 'R8', 'R70']"
2482123.661295544,134.4682929851835,12.506526424909453,"['D2', 'R2', 'R14', 'R17', 'R5', 'R11', 'R26', 'R3', 'R12', 'R10', 'R1', 'R7', 'R6', 'R13', 'R20', 'R23', 'R28', 'R24', 'R70', 'R8']"
2481057.9090881995,122.64761632874497,10.824535272797492,"['D2', 'R70', 'R11', 'R26', 'R5', 'R17', 'R14', 'R2', 'R10', 'R3', 'R12', 'R1', 'R7', 'R28', 'R13', 'R20', 'R6', 'R23', 'R24', 'R8']"
2481331.0902620615,125.67757610982376,11.454906065235091,"['D2', 'R11', 'R12', 'R3', 'R10', 'R26', 'R5', 'R17', 'R14', 'R2', 'R1', 'R7', 'R28', 'R6', 'R13', 'R20', 'R23', 'R70', 'R24', 'R8']"
