total_cost,total_distance,total_fuel_consumed,route
2215510.2458763313,61.11630297616683,5.4553522277798825,"['D6', 'R30', 'R35', 'R38', 'R22', 'R4', 'R32', 'R15', 'R18', 'R31', 'R16', 'R21', 'R9', 'R33', 'R37', 'R36', 'R27', 'R34']"
2215314.062625664,58.94035742750579,5.296652553668779,"['D6', 'R27', 'R36', 'R30', 'R35', 'R38', 'R22', 'R4', 'R32', 'R15', 'R18', 'R31', 'R16', 'R21', 'R9', 'R37', 'R33', 'R34']"
2215543.6902886624,61.48724809962789,5.504756360821361,"['D6', 'R30', 'R35', 'R38', 'R36', 'R27', 'R22', 'R4', 'R15', 'R32', 'R18', 'R31', 'R16', 'R21', 'R9', 'R33', 'R37', 'R34']"
2216087.186860261,67.51538221229866,6.078195577352043,"['D6', 'R30', 'R35', 'R38', 'R36', 'R27', 'R22', 'R4', 'R32', 'R15', 'R31', 'R16', 'R21', 'R18', 'R9', 'R37', 'R33', 'R34']"
2215593.2406326695,62.03683044220919,5.472522597828196,"['D6', 'R27', 'R36', 'R4', 'R32', 'R15', 'R18', 'R31', 'R16', 'R21', 'R9', 'R37', 'R33', 'R30', 'R35', 'R38', 'R22', 'R34']"
