total_cost,total_distance,total_fuel_consumed,route
2216019.8104164167,66.76808358936619,5.929709712278175,"['D6', 'R30', 'R36', 'R27', 'R4', 'R22', 'R35', 'R38', 'R32', 'R15', 'R18', 'R31', 'R16', 'R21', 'R33', 'R37', 'R9', 'R34']"
2217036.2973680985,78.04233993010914,6.875381957331047,"['D6', 'R27', 'R36', 'R35', 'R38', 'R30', 'R4', 'R22', 'R18', 'R31', 'R15', 'R16', 'R21', 'R33', 'R37', 'R9', 'R32', 'R34']"
2217062.7765607755,78.33603106450816,6.879377173199537,"['D6', 'R36', 'R27', 'R22', 'R38', 'R32', 'R4', 'R15', 'R31', 'R18', 'R21', 'R16', 'R37', 'R33', 'R9', 'R35', 'R30', 'R34']"
2218109.010666435,89.94022478299873,7.918845929359925,"['D6', 'R36', 'R27', 'R38', 'R22', 'R32', 'R4', 'R30', 'R35', 'R31', 'R9', 'R21', 'R16', 'R18', 'R15', 'R33', 'R37', 'R34']"
2217418.180206378,82.27795259957846,7.369733752100208,"['D6', 'R30', 'R38', 'R27', 'R36', 'R32', 'R4', 'R22', 'R15', 'R18', 'R21', 'R16', 'R31', 'R9', 'R37', 'R33', 'R34', 'R35']"
