total_cost,total_distance,total_fuel_consumed,route
2216039.487865857,66.98633391589627,5.887851325433841,"['D6', 'R36', 'R27', 'R4', 'R32', 'R15', 'R18', 'R16', 'R31', 'R21', 'R9', 'R37', 'R33', 'R38', 'R35', 'R30', 'R22', 'R34']"
2217022.8548432095,77.8932436025951,6.84702443108276,"['D6', 'R4', 'R27', 'R36', 'R38', 'R30', 'R35', 'R22', 'R15', 'R18', 'R31', 'R32', 'R16', 'R21', 'R33', 'R37', 'R9', 'R34']"
2218557.495403874,94.91454529585924,8.41491014265815,"['D6', 'R36', 'R27', 'R4', 'R38', 'R35', 'R22', 'R15', 'R18', 'R16', 'R31', 'R32', 'R30', 'R9', 'R21', 'R33', 'R37', 'R34']"
2217431.352185622,82.42404819899699,7.287165747221424,"['D6', 'R36', 'R27', 'R4', 'R18', 'R15', 'R32', 'R22', 'R38', 'R30', 'R35', 'R21', 'R16', 'R31', 'R33', 'R37', 'R9', 'R34']"
2217662.170869653,84.98414895356301,7.513353788561247,"['D6', 'R38', 'R30', 'R36', 'R27', 'R4', 'R18', 'R15', 'R32', 'R22', 'R35', 'R31', 'R16', 'R9', 'R21', 'R37', 'R33', 'R34']"
