total_cost,total_distance,total_fuel_consumed,route
2216279.3722063727,69.64698543004253,6.182350281857429,"['D6', 'R36', 'R27', 'R30', 'R38', 'R35', 'R22', 'R4', 'R18', 'R15', 'R32', 'R31', 'R21', 'R16', 'R9', 'R33', 'R37', 'R34']"
2216246.7927595265,69.28563397877502,6.14234483581882,"['D6', 'R35', 'R30', 'R27', 'R36', 'R22', 'R38', 'R4', 'R15', 'R32', 'R18', 'R31', 'R21', 'R16', 'R33', 'R37', 'R9', 'R34']"
2216866.797946759,76.16235522138142,6.764108075422881,"['D6', 'R27', 'R36', 'R22', 'R38', 'R35', 'R30', 'R15', 'R31', 'R18', 'R32', 'R4', 'R16', 'R21', 'R37', 'R33', 'R9', 'R34']"
2216290.507899328,69.77049577782076,6.135906097550133,"['D6', 'R35', 'R30', 'R27', 'R36', 'R4', 'R15', 'R32', 'R31', 'R18', 'R16', 'R21', 'R33', 'R37', 'R9', 'R38', 'R22', 'R34']"
2216264.0657824324,69.47721586549,6.1594785411555355,"['D6', 'R30', 'R27', 'R36', 'R4', 'R22', 'R38', 'R35', 'R15', 'R32', 'R18', 'R31', 'R21', 'R16', 'R9', 'R33', 'R37', 'R34']"
