total_cost,total_distance,total_fuel_consumed,route
2217289.7919730507,80.85394823703646,7.009125325568085,"['D6', 'R22', 'R30', 'R27', 'R36', 'R4', 'R35', 'R38', 'R32', 'R31', 'R18', 'R15', 'R9', 'R33', 'R37', 'R21', 'R16', 'R34']"
2217796.399549509,86.47293200431508,7.549781906274424,"['D6', 'R4', 'R36', 'R22', 'R27', 'R35', 'R30', 'R38', 'R15', 'R21', 'R16', 'R18', 'R32', 'R31', 'R37', 'R33', 'R9', 'R34']"
2217284.641366912,80.79682083975256,7.090590941643646,"['D6', 'R38', 'R27', 'R36', 'R30', 'R4', 'R15', 'R31', 'R18', 'R32', 'R16', 'R21', 'R9', 'R37', 'R33', 'R35', 'R22', 'R34']"
2216920.750270834,76.76076165521879,6.774758910111705,"['D6', 'R30', 'R27', 'R36', 'R22', 'R4', 'R35', 'R38', 'R15', 'R31', 'R18', 'R16', 'R21', 'R9', 'R33', 'R37', 'R32', 'R34']"
2216304.1795321535,69.92213323151972,6.181484112306864,"['D6', 'R30', 'R22', 'R27', 'R36', 'R38', 'R35', 'R4', 'R32', 'R15', 'R31', 'R18', 'R21', 'R16', 'R9', 'R33', 'R37', 'R34']"
