total_cost,total_distance,total_fuel_consumed,route
262476.2776261616,27.465368524418363,4.284996706703438,"['W4', 'D4', 'D6']"
262476.2776261616,27.465368524418363,4.284996706703438,"['W4', 'D4', 'D6']"
263051.8479629322,33.849245374137155,4.902791240547192,"['W4', 'D6', 'D4']"
262476.2776261616,27.465368524418363,4.284996706703438,"['W4', 'D4', 'D6']"
263051.8479629322,33.849245374137155,4.902791240547192,"['W4', 'D6', 'D4']"
