total_cost,total_distance,total_fuel_consumed,route
2215375.240821021,59.61890884007569,5.246946257753821,"['D6', 'R30', 'R27', 'R36', 'R4', 'R32', 'R15', 'R18', 'R16', 'R21', 'R9', 'R33', 'R37', 'R31', 'R22', 'R38', 'R35', 'R34']"
2215858.132375123,64.97484888113013,5.757407826274684,"['D6', 'R35', 'R30', 'R38', 'R22', 'R4', 'R27', 'R36', 'R32', 'R15', 'R16', 'R18', 'R21', 'R9', 'R37', 'R33', 'R31', 'R34']"
2216207.8274545595,68.8534544649409,6.098353360770152,"['D6', 'R38', 'R35', 'R30', 'R36', 'R27', 'R4', 'R15', 'R32', 'R18', 'R16', 'R21', 'R31', 'R9', 'R37', 'R33', 'R22', 'R34']"
2215718.758394933,63.4289972818617,5.634088393007234,"['D6', 'R30', 'R36', 'R27', 'R4', 'R32', 'R15', 'R31', 'R18', 'R16', 'R21', 'R9', 'R37', 'R33', 'R35', 'R38', 'R22', 'R34']"
2216039.4799571666,66.98624619749762,5.888019443594891,"['D6', 'R30', 'R35', 'R38', 'R4', 'R36', 'R27', 'R22', 'R16', 'R18', 'R21', 'R9', 'R33', 'R37', 'R31', 'R15', 'R32', 'R34']"
