total_cost,total_distance,total_fuel_consumed,route
2215912.3116936386,65.57577299954136,5.829567170601686,"['D6', 'R30', 'R36', 'R27', 'R4', 'R32', 'R15', 'R31', 'R16', 'R18', 'R21', 'R9', 'R33', 'R37', 'R35', 'R22', 'R38', 'R34']"
2216617.6795712453,73.39928539535671,6.40079521710724,"['D6', 'R4', 'R27', 'R36', 'R22', 'R30', 'R35', 'R38', 'R31', 'R16', 'R18', 'R21', 'R37', 'R33', 'R9', 'R15', 'R32', 'R34']"
2216043.897065949,67.03523808728582,5.967742837154283,"['D6', 'R36', 'R27', 'R22', 'R38', 'R35', 'R30', 'R32', 'R4', 'R15', 'R31', 'R16', 'R18', 'R9', 'R33', 'R37', 'R21', 'R34']"
2215628.3327523926,62.426050936034855,5.587530671341677,"['D6', 'R36', 'R27', 'R22', 'R38', 'R35', 'R30', 'R4', 'R32', 'R15', 'R31', 'R18', 'R16', 'R21', 'R37', 'R33', 'R9', 'R34']"
2216981.833965991,77.43826492891942,6.835094731133864,"['D6', 'R27', 'R36', 'R4', 'R30', 'R38', 'R22', 'R15', 'R32', 'R18', 'R16', 'R31', 'R21', 'R37', 'R33', 'R9', 'R35', 'R34']"
