total_cost,total_distance,total_fuel_consumed,route
2216701.941448873,74.33386700169598,6.50624719098686,"['D6', 'R22', 'R27', 'R35', 'R30', 'R38', 'R36', 'R32', 'R4', 'R15', 'R18', 'R16', 'R31', 'R21', 'R37', 'R33', 'R9', 'R34']"
2216854.710527991,76.02828890850571,6.573435414366243,"['D6', 'R27', 'R30', 'R4', 'R36', 'R38', 'R22', 'R16', 'R31', 'R18', 'R21', 'R9', 'R33', 'R37', 'R15', 'R32', 'R35', 'R34']"
2218456.720103972,93.79680683198666,8.086891134808923,"['D6', 'R35', 'R27', 'R15', 'R22', 'R36', 'R38', 'R32', 'R4', 'R31', 'R16', 'R18', 'R33', 'R37', 'R21', 'R9', 'R30', 'R34']"
2216909.0003358526,76.6304385076833,6.714881612017036,"['D6', 'R27', 'R30', 'R38', 'R36', 'R22', 'R35', 'R4', 'R32', 'R15', 'R16', 'R21', 'R18', 'R31', 'R33', 'R37', 'R9', 'R34']"
2217069.634981334,78.41210050282233,6.873737079716365,"['D6', 'R36', 'R27', 'R30', 'R35', 'R22', 'R32', 'R4', 'R38', 'R15', 'R16', 'R31', 'R18', 'R21', 'R37', 'R33', 'R9', 'R34']"
