total_cost,total_distance,total_fuel_consumed,route
2215806.469153054,64.40183177744144,5.672968221286364,"['D6', 'R36', 'R27', 'R38', 'R22', 'R4', 'R32', 'R31', 'R18', 'R16', 'R21', 'R9', 'R37', 'R33', 'R15', 'R30', 'R35', 'R34']"
2216129.7991353003,67.9880117047505,6.0183892466028315,"['D6', 'R27', 'R36', 'R22', 'R30', 'R35', 'R38', 'R4', 'R15', 'R32', 'R31', 'R18', 'R16', 'R21', 'R33', 'R37', 'R9', 'R34']"
2216144.2745029796,68.1485636976455,6.0473524823239675,"['D6', 'R27', 'R36', 'R4', 'R22', 'R38', 'R35', 'R30', 'R15', 'R32', 'R31', 'R16', 'R18', 'R21', 'R33', 'R37', 'R9', 'R34']"
2215812.480446622,64.4685053973181,5.745742329960786,"['D6', 'R27', 'R36', 'R4', 'R22', 'R38', 'R35', 'R30', 'R32', 'R15', 'R31', 'R16', 'R18', 'R21', 'R33', 'R37', 'R9', 'R34']"
2216438.6970246444,71.41411961673093,6.326441912880689,"['D6', 'R36', 'R27', 'R22', 'R38', 'R30', 'R35', 'R4', 'R15', 'R32', 'R21', 'R16', 'R18', 'R31', 'R9', 'R33', 'R37', 'R34']"
