total_cost,total_distance,total_fuel_consumed,route
2480681.301428053,118.47051273350817,10.931242874789096,"['D2', 'R2', 'R17', 'R14', 'R11', 'R5', 'R26', 'R1', 'R7', 'R28', 'R6', 'R13', 'R20', 'R10', 'R3', 'R12', 'R23', 'R70', 'R24', 'R8']"
2480863.2138989954,120.48817545470187,11.152406140691376,"['D2', 'R2', 'R17', 'R14', 'R5', 'R26', 'R11', 'R12', 'R3', 'R10', 'R1', 'R7', 'R28', 'R20', 'R13', 'R6', 'R23', 'R70', 'R24', 'R8']"
2480023.4740716,111.17429094498621,9.904839587410038,"['D2', 'R28', 'R7', 'R1', 'R5', 'R26', 'R11', 'R17', 'R14', 'R2', 'R12', 'R3', 'R10', 'R70', 'R23', 'R20', 'R13', 'R6', 'R24', 'R8']"
2480336.041301783,114.64109695856376,10.40409441289879,"['D2', 'R14', 'R17', 'R2', 'R11', 'R5', 'R26', 'R7', 'R1', 'R6', 'R13', 'R28', 'R20', 'R23', 'R3', 'R10', 'R12', 'R70', 'R8', 'R24']"
2481367.509430722,126.08151542504146,11.479634739414204,"['D2', 'R14', 'R17', 'R2', 'R11', 'R5', 'R26', 'R28', 'R7', 'R1', 'R6', 'R13', 'R23', 'R20', 'R10', 'R12', 'R3', 'R70', 'R24', 'R8']"
