total_cost,total_distance,total_fuel_consumed,route
2481197.448811009,124.19530624455315,10.964909435800548,"['D2', 'R28', 'R13', 'R6', 'R7', 'R1', 'R12', 'R3', 'R10', 'R23', 'R70', 'R14', 'R17', 'R2', 'R26', 'R5', 'R11', 'R20', 'R24', 'R8']"
2480564.1506123324,117.17114698682822,10.686109928936931,"['D2', 'R17', 'R14', 'R2', 'R11', 'R5', 'R26', 'R1', 'R7', 'R13', 'R6', 'R28', 'R20', 'R23', 'R10', 'R3', 'R12', 'R70', 'R24', 'R8']"
2479956.1857998986,110.42797027394393,9.954016959323104,"['D2', 'R11', 'R26', 'R5', 'R1', 'R7', 'R28', 'R6', 'R13', 'R20', 'R23', 'R10', 'R3', 'R12', 'R17', 'R14', 'R2', 'R70', 'R8', 'R24']"
2480848.3629329978,120.32345755321987,11.080886650872019,"['D2', 'R26', 'R11', 'R17', 'R14', 'R2', 'R12', 'R3', 'R10', 'R23', 'R1', 'R7', 'R6', 'R13', 'R20', 'R28', 'R5', 'R70', 'R8', 'R24']"
2480249.958842511,113.6863225655564,10.393993506580308,"['D2', 'R2', 'R14', 'R17', 'R11', 'R5', 'R26', 'R7', 'R1', 'R6', 'R28', 'R13', 'R20', 'R23', 'R10', 'R3', 'R12', 'R70', 'R24', 'R8']"
