total_cost,total_distance,total_fuel_consumed,route
2481384.7162118144,126.27236259776379,11.679556289485218,"['D2', 'R2', 'R17', 'R14', 'R11', 'R26', 'R5', 'R1', 'R7', 'R6', 'R13', 'R28', 'R3', 'R12', 'R10', 'R20', 'R23', 'R70', 'R24', 'R8']"
2480711.3564243233,118.80386451112584,10.81965202849024,"['D2', 'R14', 'R17', 'R2', 'R5', 'R11', 'R26', 'R7', 'R1', 'R28', 'R6', 'R13', 'R23', 'R10', 'R3', 'R12', 'R70', 'R20', 'R24', 'R8']"
2481822.971941591,131.13322916582368,11.744508536768274,"['D2', 'R11', 'R26', 'R5', 'R14', 'R17', 'R2', 'R1', 'R7', 'R28', 'R6', 'R20', 'R13', 'R24', 'R3', 'R12', 'R10', 'R70', 'R23', 'R8']"
2482204.9982056636,135.37043262714616,12.458144199532452,"['D2', 'R26', 'R11', 'R5', 'R2', 'R14', 'R17', 'R23', 'R10', 'R3', 'R12', 'R1', 'R7', 'R6', 'R28', 'R13', 'R20', 'R24', 'R70', 'R8']"
2480836.954562618,120.19692283294394,10.960210636585147,"['D2', 'R26', 'R5', 'R11', 'R14', 'R17', 'R2', 'R10', 'R3', 'R12', 'R70', 'R1', 'R7', 'R6', 'R28', 'R13', 'R20', 'R23', 'R8', 'R24']"
