total_cost,total_distance,total_fuel_consumed,route
2480822.1272363802,120.03246712932906,10.515440540130323,"['D2', 'R70', 'R2', 'R14', 'R17', 'R26', 'R5', 'R11', 'R28', 'R7', 'R6', 'R1', 'R10', 'R12', 'R3', 'R23', 'R13', 'R20', 'R24', 'R8']"
2483631.3459710735,151.19061636062128,13.78725120076346,"['D2', 'R5', 'R2', 'R14', 'R17', 'R26', 'R11', 'R3', 'R12', 'R13', 'R1', 'R7', 'R6', 'R23', 'R10', 'R28', 'R20', 'R70', 'R24', 'R8']"
2482181.1550775706,135.1059791212333,12.4520999822886,"['D2', 'R14', 'R17', 'R2', 'R11', 'R5', 'R28', 'R1', 'R7', 'R10', 'R12', 'R3', 'R23', 'R6', 'R20', 'R13', 'R26', 'R70', 'R24', 'R8']"
2482250.313663969,135.87304418777236,12.405767038610449,"['D2', 'R2', 'R17', 'R14', 'R11', 'R26', 'R5', 'R12', 'R3', 'R1', 'R6', 'R7', 'R13', 'R28', 'R20', 'R70', 'R10', 'R23', 'R8', 'R24']"
2481219.9198574745,124.44454145380047,11.27903730124568,"['D2', 'R5', 'R26', 'R11', 'R2', 'R14', 'R17', 'R3', 'R12', 'R23', 'R6', 'R7', 'R1', 'R28', 'R10', 'R70', 'R20', 'R13', 'R24', 'R8']"
