total_cost,total_distance,total_fuel_consumed,route
2481595.8456852557,128.61408257825983,11.637215482919316,"['D2', 'R14', 'R17', 'R2', 'R7', 'R6', 'R5', 'R26', 'R11', 'R1', 'R10', 'R3', 'R12', 'R23', 'R20', 'R13', 'R28', 'R24', 'R8', 'R70']"
2484656.643431519,162.5625935172939,14.82407927799214,"['D2', 'R10', 'R12', 'R26', 'R5', 'R14', 'R17', 'R2', 'R1', 'R28', 'R7', 'R6', 'R20', 'R13', 'R11', 'R3', 'R23', 'R24', 'R70', 'R8']"
2484500.1841447023,160.8272420663511,13.855980734099255,"['D2', 'R24', 'R28', 'R3', 'R12', 'R6', 'R7', 'R5', 'R11', 'R2', 'R17', 'R14', 'R26', 'R10', 'R23', 'R1', 'R13', 'R20', 'R8', 'R70']"
2483191.0206568046,146.30679521744125,13.603786240678343,"['D2', 'R26', 'R5', 'R11', 'R14', 'R17', 'R2', 'R3', 'R12', 'R1', 'R28', 'R7', 'R13', 'R6', 'R20', 'R10', 'R23', 'R24', 'R70', 'R8']"
2483523.063565015,149.98961363148456,13.789414909532631,"['D2', 'R11', 'R17', 'R14', 'R2', 'R3', 'R12', 'R26', 'R5', 'R1', 'R6', 'R7', 'R28', 'R23', 'R10', 'R13', 'R20', 'R24', 'R70', 'R8']"
