total_cost,total_distance,total_fuel_consumed,route
2482305.6706515215,136.48703029637727,12.709983256624252,"['D2', 'R14', 'R17', 'R2', 'R11', 'R26', 'R5', 'R3', 'R12', 'R10', 'R7', 'R1', 'R28', 'R6', 'R13', 'R20', 'R23', 'R8', 'R24', 'R70']"
2482862.2229928873,142.6599710834907,13.315088881208744,"['D2', 'R11', 'R5', 'R26', 'R14', 'R17', 'R2', 'R12', 'R3', 'R10', 'R1', 'R7', 'R13', 'R6', 'R28', 'R20', 'R23', 'R24', 'R70', 'R8']"
2484043.634024579,155.7634652238139,14.348443542058565,"['D2', 'R26', 'R5', 'R11', 'R17', 'R14', 'R2', 'R12', 'R3', 'R10', 'R1', 'R7', 'R28', 'R6', 'R8', 'R13', 'R20', 'R23', 'R24', 'R70']"
2481383.32116543,126.25688958995326,11.526069883519805,"['D2', 'R17', 'R14', 'R2', 'R5', 'R11', 'R26', 'R1', 'R28', 'R7', 'R12', 'R3', 'R10', 'R20', 'R6', 'R13', 'R23', 'R70', 'R8', 'R24']"
2482525.0011671223,138.91971125911888,12.785404128684505,"['D2', 'R10', 'R3', 'R12', 'R17', 'R14', 'R2', 'R26', 'R11', 'R5', 'R7', 'R1', 'R28', 'R6', 'R23', 'R20', 'R13', 'R24', 'R70', 'R8']"
