total_cost,total_distance,total_fuel_consumed,route
2481188.082962481,124.09142593701515,11.418140218865169,"['D2', 'R17', 'R14', 'R2', 'R26', 'R11', 'R5', 'R1', 'R7', 'R6', 'R13', 'R28', 'R3', 'R12', 'R10', 'R23', 'R20', 'R24', 'R8', 'R70']"
2481871.693659419,131.67362088974673,11.758173064634198,"['D2', 'R13', 'R6', 'R1', 'R5', 'R11', 'R26', 'R17', 'R14', 'R2', 'R12', 'R3', 'R10', 'R7', 'R28', 'R20', 'R23', 'R70', 'R8', 'R24']"
2483252.862625305,146.99270879885546,13.646797316088557,"['D2', 'R5', 'R11', 'R26', 'R14', 'R17', 'R2', 'R12', 'R3', 'R10', 'R1', 'R6', 'R7', 'R28', 'R13', 'R23', 'R70', 'R24', 'R20', 'R8']"
2480955.76515909,121.51469786036274,10.958179042358072,"['D2', 'R11', 'R26', 'R5', 'R28', 'R7', 'R1', 'R6', 'R13', 'R20', 'R23', 'R12', 'R3', 'R10', 'R17', 'R14', 'R2', 'R70', 'R24', 'R8']"
2481312.2107647397,125.46817618389098,11.565525381011865,"['D2', 'R26', 'R11', 'R2', 'R14', 'R17', 'R12', 'R3', 'R10', 'R6', 'R7', 'R1', 'R5', 'R28', 'R13', 'R20', 'R23', 'R70', 'R24', 'R8']"
