total_cost,total_distance,total_fuel_consumed,route
2481048.5461153463,122.54376791644637,11.294434743622045,"['D2', 'R5', 'R26', 'R11', 'R14', 'R17', 'R2', 'R12', 'R3', 'R10', 'R23', 'R20', 'R6', 'R7', 'R1', 'R13', 'R28', 'R70', 'R8', 'R24']"
2480253.9458453055,113.73054398076502,10.417585547214609,"['D2', 'R17', 'R14', 'R2', 'R11', 'R26', 'R5', 'R1', 'R7', 'R6', 'R13', 'R20', 'R28', 'R3', 'R12', 'R10', 'R23', 'R70', 'R8', 'R24']"
2480374.1391477673,115.06365514383128,10.355948187890942,"['D2', 'R5', 'R26', 'R11', 'R17', 'R14', 'R2', 'R12', 'R3', 'R10', 'R23', 'R70', 'R6', 'R28', 'R7', 'R1', 'R13', 'R20', 'R24', 'R8']"
2481210.0841251425,124.3354494802868,10.963663379821236,"['D2', 'R6', 'R13', 'R20', 'R1', 'R7', 'R28', 'R11', 'R26', 'R5', 'R17', 'R14', 'R2', 'R3', 'R12', 'R10', 'R23', 'R70', 'R8', 'R24']"
2479784.2127702283,108.52054980289107,9.844079621908543,"['D2', 'R11', 'R5', 'R26', 'R14', 'R17', 'R2', 'R1', 'R7', 'R28', 'R6', 'R13', 'R20', 'R23', 'R10', 'R12', 'R3', 'R70', 'R8', 'R24']"
