total_cost,total_distance,total_fuel_consumed,route
2483017.1258155843,144.37805917906215,13.156332906406082,"['D2', 'R2', 'R14', 'R17', 'R11', 'R26', 'R12', 'R3', 'R5', 'R1', 'R10', 'R7', 'R13', 'R6', 'R20', 'R28', 'R24', 'R23', 'R70', 'R8']"
2483867.625016393,153.81128012858233,14.21329995046176,"['D2', 'R17', 'R14', 'R2', 'R26', 'R5', 'R28', 'R1', 'R11', 'R3', 'R12', 'R10', 'R13', 'R6', 'R7', 'R20', 'R23', 'R24', 'R70', 'R8']"
2482903.627755883,143.1192075852166,12.852433441714895,"['D2', 'R1', 'R26', 'R5', 'R17', 'R14', 'R2', 'R11', 'R7', 'R13', 'R6', 'R23', 'R12', 'R3', 'R10', 'R70', 'R28', 'R20', 'R8', 'R24']"
2482040.6245146515,133.54729940829557,12.133159223908796,"['D2', 'R3', 'R10', 'R12', 'R14', 'R17', 'R2', 'R26', 'R5', 'R1', 'R6', 'R7', 'R11', 'R28', 'R20', 'R13', 'R23', 'R70', 'R8', 'R24']"
2483435.1360706207,149.01437522871674,13.635117422692925,"['D2', 'R12', 'R3', 'R10', 'R2', 'R17', 'R14', 'R26', 'R11', 'R5', 'R7', 'R13', 'R6', 'R1', 'R28', 'R24', 'R20', 'R23', 'R8', 'R70']"
