total_cost,total_distance,total_fuel_consumed,route
2482601.7343770955,139.7707894531458,12.652431994171817,"['D2', 'R12', 'R3', 'R10', 'R28', 'R7', 'R1', 'R2', 'R14', 'R17', 'R11', 'R5', 'R26', 'R23', 'R13', 'R6', 'R20', 'R70', 'R8', 'R24']"
2481669.771579178,129.43402372647125,11.861586532088841,"['D2', 'R14', 'R17', 'R2', 'R11', 'R26', 'R5', 'R23', 'R10', 'R12', 'R3', 'R7', 'R1', 'R13', 'R6', 'R28', 'R20', 'R70', 'R8', 'R24']"
2481841.2994353445,131.3365066032039,11.877114815667456,"['D2', 'R3', 'R12', 'R10', 'R23', 'R7', 'R1', 'R26', 'R11', 'R5', 'R14', 'R17', 'R2', 'R28', 'R6', 'R13', 'R20', 'R70', 'R8', 'R24']"
2480801.931800169,119.8084716079108,11.023658088708608,"['D2', 'R17', 'R14', 'R2', 'R11', 'R26', 'R5', 'R28', 'R7', 'R1', 'R10', 'R3', 'R12', 'R23', 'R20', 'R13', 'R6', 'R24', 'R8', 'R70']"
2481000.095536951,122.00638350655515,11.190967381497883,"['D2', 'R12', 'R10', 'R3', 'R14', 'R17', 'R2', 'R11', 'R26', 'R5', 'R7', 'R1', 'R28', 'R6', 'R13', 'R20', 'R23', 'R70', 'R24', 'R8']"
