total_cost,total_distance,total_fuel_consumed,route
2481551.8840667107,128.12648698659459,11.724549107017259,"['D2', 'R5', 'R11', 'R17', 'R14', 'R2', 'R3', 'R12', 'R10', 'R1', 'R7', 'R26', 'R6', 'R13', 'R28', 'R20', 'R23', 'R70', 'R8', 'R24']"
2483617.9231587416,151.04173867282367,13.840232232313262,"['D2', 'R17', 'R14', 'R2', 'R26', 'R11', 'R5', 'R7', 'R1', 'R6', 'R28', 'R13', 'R10', 'R3', 'R12', 'R24', 'R23', 'R20', 'R70', 'R8']"
2481498.648983136,127.53603574906748,11.589792604446497,"['D2', 'R26', 'R17', 'R14', 'R2', 'R5', 'R11', 'R12', 'R3', 'R6', 'R13', 'R28', 'R1', 'R7', 'R23', 'R10', 'R70', 'R20', 'R24', 'R8']"
2483231.9073638692,146.76028575719914,13.352058701648655,"['D2', 'R6', 'R7', 'R1', 'R11', 'R14', 'R17', 'R2', 'R5', 'R26', 'R3', 'R12', 'R10', 'R23', 'R28', 'R13', 'R20', 'R24', 'R70', 'R8']"
2482181.520345358,135.11003044984938,12.213874077603966,"['D2', 'R26', 'R2', 'R17', 'R14', 'R11', 'R5', 'R13', 'R23', 'R3', 'R12', 'R10', 'R1', 'R7', 'R20', 'R6', 'R28', 'R70', 'R8', 'R24']"
