total_cost,total_distance,total_fuel_consumed,route
2479851.572020768,109.2676577281363,9.95519532635195,"['D2', 'R14', 'R17', 'R2', 'R26', 'R5', 'R11', 'R1', 'R7', 'R28', 'R13', 'R6', 'R20', 'R23', 'R12', 'R3', 'R10', 'R70', 'R8', 'R24']"
2479651.948248249,107.05355199921762,9.750479089217666,"['D2', 'R2', 'R17', 'R14', 'R11', 'R5', 'R26', 'R1', 'R7', 'R6', 'R28', 'R13', 'R20', 'R23', 'R10', 'R3', 'R12', 'R70', 'R8', 'R24']"
2482558.317578687,139.2892366757693,12.56730606409473,"['D2', 'R3', 'R12', 'R10', 'R23', 'R14', 'R17', 'R2', 'R11', 'R5', 'R26', 'R1', 'R7', 'R13', 'R6', 'R28', 'R24', 'R8', 'R70', 'R20']"
2480883.5741209863,120.71399867997499,10.867809477869626,"['D2', 'R11', 'R26', 'R5', 'R1', 'R7', 'R28', 'R6', 'R13', 'R20', 'R12', 'R3', 'R10', 'R23', 'R17', 'R14', 'R2', 'R70', 'R8', 'R24']"
2480418.763727897,115.55860390303486,10.573817926663073,"['D2', 'R2', 'R17', 'R14', 'R11', 'R5', 'R26', 'R1', 'R7', 'R6', 'R13', 'R20', 'R10', 'R12', 'R3', 'R23', 'R70', 'R28', 'R24', 'R8']"
