total_cost,total_distance,total_fuel_consumed,route
2481554.760557306,128.1583912744711,11.839922549060724,"['D2', 'R2', 'R14', 'R17', 'R26', 'R5', 'R11', 'R1', 'R3', 'R12', 'R10', 'R6', 'R20', 'R13', 'R7', 'R28', 'R23', 'R70', 'R24', 'R8']"
2481861.743103139,131.56325535869001,11.897783742623695,"['D2', 'R17', 'R14', 'R2', 'R5', 'R11', 'R7', 'R1', 'R12', 'R3', 'R23', 'R10', 'R70', 'R20', 'R6', 'R28', 'R13', 'R26', 'R24', 'R8']"
2480812.062154408,119.92083134880349,11.100910631718701,"['D2', 'R26', 'R5', 'R11', 'R14', 'R17', 'R2', 'R3', 'R12', 'R10', 'R6', 'R1', 'R7', 'R28', 'R13', 'R20', 'R23', 'R70', 'R24', 'R8']"
2481072.198726484,122.80610832391861,11.222016223665717,"['D2', 'R5', 'R11', 'R14', 'R17', 'R2', 'R26', 'R1', 'R7', 'R28', 'R13', 'R6', 'R20', 'R3', 'R12', 'R10', 'R23', 'R70', 'R24', 'R8']"
2483335.7587372507,147.91214216116794,13.546825135621077,"['D2', 'R26', 'R11', 'R17', 'R14', 'R2', 'R5', 'R3', 'R10', 'R12', 'R6', 'R23', 'R28', 'R13', 'R7', 'R1', 'R20', 'R70', 'R24', 'R8']"
