total_cost,total_distance,total_fuel_consumed,route
2480655.475943186,118.18407212939246,10.904900837028924,"['D2', 'R14', 'R17', 'R2', 'R26', 'R5', 'R11', 'R1', 'R7', 'R28', 'R6', 'R13', 'R20', 'R10', 'R12', 'R3', 'R23', 'R70', 'R24', 'R8']"
2482301.8891942296,136.44508866714156,12.54995238723688,"['D2', 'R17', 'R14', 'R2', 'R11', 'R5', 'R26', 'R7', 'R1', 'R3', 'R12', 'R10', 'R23', 'R6', 'R13', 'R28', 'R8', 'R70', 'R20', 'R24']"
2479951.674767645,110.37793664203198,10.022205223165667,"['D2', 'R26', 'R17', 'R14', 'R2', 'R11', 'R5', 'R1', 'R7', 'R28', 'R13', 'R6', 'R20', 'R23', 'R12', 'R3', 'R10', 'R70', 'R8', 'R24']"
2480661.0003572935,118.24534557779103,10.71613344705049,"['D2', 'R11', 'R26', 'R2', 'R14', 'R17', 'R5', 'R28', 'R7', 'R1', 'R6', 'R13', 'R20', 'R3', 'R12', 'R10', 'R23', 'R70', 'R8', 'R24']"
2481216.651237523,124.40828790509221,11.22429985222966,"['D2', 'R28', 'R6', 'R1', 'R7', 'R5', 'R26', 'R11', 'R14', 'R17', 'R2', 'R3', 'R12', 'R10', 'R23', 'R20', 'R13', 'R24', 'R8', 'R70']"
