total_cost,total_distance,total_fuel_consumed,route
2481945.8839360583,132.49649441058241,11.5291839729131,"['D2', 'R8', 'R7', 'R1', 'R11', 'R5', 'R26', 'R14', 'R17', 'R2', 'R10', 'R3', 'R12', 'R20', 'R13', 'R6', 'R28', 'R23', 'R70', 'R24']"
2482195.785893363,135.26825525025873,12.460502453362496,"['D2', 'R2', 'R17', 'R14', 'R11', 'R5', 'R26', 'R28', 'R1', 'R7', 'R6', 'R13', 'R23', 'R3', 'R12', 'R10', 'R20', 'R70', 'R24', 'R8']"
2482059.613412537,133.75791273887356,12.32538871820423,"['D2', 'R11', 'R5', 'R26', 'R17', 'R14', 'R2', 'R7', 'R28', 'R6', 'R1', 'R3', 'R12', 'R10', 'R23', 'R20', 'R13', 'R24', 'R70', 'R8']"
2480770.394608412,119.45868021752645,10.930172939800245,"['D2', 'R11', 'R17', 'R14', 'R2', 'R26', 'R5', 'R7', 'R1', 'R10', 'R3', 'R12', 'R28', 'R6', 'R13', 'R20', 'R23', 'R70', 'R8', 'R24']"
2483631.7378996806,151.19496339486304,13.933630930256331,"['D2', 'R11', 'R26', 'R14', 'R17', 'R2', 'R5', 'R1', 'R12', 'R3', 'R10', 'R6', 'R7', 'R23', 'R13', 'R28', 'R20', 'R24', 'R70', 'R8']"
