total_cost,total_distance,total_fuel_consumed,route
2482506.82946628,138.7181617821645,11.901411732966944,"['D2', 'R8', 'R17', 'R14', 'R2', 'R26', 'R11', 'R5', 'R28', 'R12', 'R3', 'R1', 'R6', 'R23', 'R7', 'R10', 'R70', 'R13', 'R20', 'R24']"
2483028.6429763953,144.50580053676856,13.359537407864643,"['D2', 'R17', 'R14', 'R2', 'R11', 'R26', 'R5', 'R1', 'R13', 'R28', 'R7', 'R6', 'R20', 'R10', 'R12', 'R3', 'R23', 'R24', 'R70', 'R8']"
2483874.1067689047,153.88317179353072,14.170278097480196,"['D2', 'R17', 'R14', 'R2', 'R26', 'R11', 'R1', 'R13', 'R28', 'R7', 'R5', 'R10', 'R3', 'R12', 'R6', 'R20', 'R23', 'R24', 'R70', 'R8']"
2483388.9857523344,148.5025039078807,13.80688914156979,"['D2', 'R2', 'R14', 'R17', 'R26', 'R11', 'R10', 'R3', 'R12', 'R1', 'R5', 'R7', 'R6', 'R13', 'R28', 'R20', 'R23', 'R24', 'R70', 'R8']"
2483909.4913467476,154.27563605531506,13.977893499787005,"['D2', 'R6', 'R3', 'R12', 'R2', 'R14', 'R17', 'R11', 'R26', 'R5', 'R7', 'R1', 'R28', 'R10', 'R23', 'R13', 'R20', 'R24', 'R70', 'R8']"
