total_cost,total_distance,total_fuel_consumed,route
2482855.945977497,142.59035023843148,13.206723897322952,"['D2', 'R26', 'R5', 'R11', 'R2', 'R14', 'R17', 'R10', 'R3', 'R12', 'R23', 'R6', 'R13', 'R7', 'R1', 'R28', 'R20', 'R8', 'R24', 'R70']"
2482884.3828782747,142.90575508290704,13.222125206993109,"['D2', 'R5', 'R26', 'R11', 'R17', 'R14', 'R2', 'R10', 'R12', 'R3', 'R23', 'R6', 'R13', 'R7', 'R1', 'R28', 'R20', 'R8', 'R24', 'R70']"
2479921.8981490983,110.04767246116901,10.170934370532771,"['D2', 'R26', 'R5', 'R11', 'R14', 'R17', 'R2', 'R12', 'R3', 'R10', 'R1', 'R7', 'R28', 'R6', 'R13', 'R20', 'R23', 'R70', 'R8', 'R24']"
2481973.744078873,132.80550220578374,12.288644482523212,"['D2', 'R14', 'R17', 'R2', 'R11', 'R26', 'R5', 'R3', 'R10', 'R12', 'R23', 'R6', 'R13', 'R1', 'R7', 'R28', 'R20', 'R70', 'R24', 'R8']"
2482482.58863207,138.44929716138284,12.412570011261371,"['D2', 'R28', 'R7', 'R1', 'R6', 'R13', 'R11', 'R14', 'R17', 'R2', 'R26', 'R5', 'R10', 'R12', 'R3', 'R23', 'R20', 'R70', 'R8', 'R24']"
