total_cost,total_distance,total_fuel_consumed,route
2483098.988129333,145.28602627920512,13.052154849687085,"['D2', 'R13', 'R6', 'R7', 'R1', 'R26', 'R11', 'R5', 'R14', 'R17', 'R2', 'R3', 'R12', 'R10', 'R28', 'R23', 'R20', 'R24', 'R8', 'R70']"
2480174.835117119,112.85309579768855,10.411124268333337,"['D2', 'R26', 'R5', 'R11', 'R2', 'R17', 'R14', 'R12', 'R3', 'R10', 'R1', 'R7', 'R6', 'R28', 'R13', 'R20', 'R23', 'R70', 'R8', 'R24']"
2480245.228541382,113.6338569363609,10.30493434779871,"['D2', 'R14', 'R17', 'R2', 'R5', 'R11', 'R26', 'R1', 'R7', 'R6', 'R20', 'R13', 'R28', 'R23', 'R10', 'R12', 'R3', 'R70', 'R8', 'R24']"
2480761.560566766,119.36069838915355,11.014837005543088,"['D2', 'R14', 'R17', 'R2', 'R11', 'R26', 'R5', 'R1', 'R7', 'R6', 'R28', 'R13', 'R20', 'R10', 'R3', 'R12', 'R23', 'R70', 'R24', 'R8']"
2480888.7035864997,120.77089159826943,11.078247181215803,"['D2', 'R17', 'R14', 'R2', 'R12', 'R3', 'R10', 'R7', 'R1', 'R26', 'R5', 'R11', 'R28', 'R13', 'R6', 'R20', 'R23', 'R70', 'R8', 'R24']"
