total_cost,total_distance,total_fuel_consumed,route
2479773.0359516605,108.39658331478215,9.858119063172497,"['D1', 'R13', 'R20', 'R1', 'R7', 'R28', 'R6', 'R5', 'R26', 'R11', 'R17', 'R14', 'R2', 'R12', 'R3', 'R10', 'R23', 'R70', 'R8', 'R24']"
2481016.6410988965,122.18989683780806,11.145015512323232,"['D1', 'R20', 'R13', 'R1', 'R7', 'R6', 'R14', 'R17', 'R2', 'R11', 'R5', 'R26', 'R12', 'R3', 'R10', 'R23', 'R70', 'R28', 'R8', 'R24']"
2480773.492268643,119.49303758477309,10.884729796084647,"['D1', 'R6', 'R13', 'R20', 'R1', 'R7', 'R28', 'R10', 'R3', 'R12', 'R17', 'R14', 'R2', 'R11', 'R5', 'R26', 'R70', 'R23', 'R24', 'R8']"
2483750.3175864555,152.51017731205917,14.046734239274311,"['D1', 'R20', 'R6', 'R7', 'R1', 'R28', 'R26', 'R11', 'R5', 'R2', 'R17', 'R14', 'R12', 'R3', 'R10', 'R8', 'R23', 'R13', 'R24', 'R70']"
2480144.8427881664,112.5204390879182,10.27994832512352,"['D1', 'R20', 'R13', 'R28', 'R7', 'R1', 'R6', 'R5', 'R11', 'R2', 'R17', 'R14', 'R26', 'R3', 'R12', 'R10', 'R70', 'R23', 'R24', 'R8']"
