total_cost,total_distance,total_fuel_consumed,route
2482531.663273925,138.99360330440334,13.040902834588476,"['D1', 'R13', 'R6', 'R28', 'R7', 'R1', 'R17', 'R14', 'R2', 'R5', 'R26', 'R11', 'R10', 'R3', 'R12', 'R23', 'R20', 'R8', 'R70', 'R24']"
2482753.7184106647,141.45650411118584,12.691677405439544,"['D1', 'R13', 'R11', 'R17', 'R14', 'R2', 'R5', 'R7', 'R6', 'R28', 'R20', 'R3', 'R10', 'R12', 'R1', 'R26', 'R8', 'R24', 'R23', 'R70']"
2481885.0483765043,131.82174330639515,12.206142335474249,"['D1', 'R6', 'R1', 'R7', 'R5', 'R11', 'R26', 'R2', 'R17', 'R14', 'R3', 'R12', 'R10', 'R13', 'R28', 'R23', 'R20', 'R70', 'R8', 'R24']"
2481717.0950414687,129.95890684858878,11.84040967085309,"['D1', 'R7', 'R1', 'R2', 'R17', 'R14', 'R11', 'R5', 'R26', 'R10', 'R12', 'R3', 'R70', 'R20', 'R13', 'R28', 'R6', 'R23', 'R8', 'R24']"
2480900.4087125524,120.90071775235499,11.184714373576009,"['D1', 'R6', 'R1', 'R11', 'R2', 'R14', 'R17', 'R26', 'R5', 'R3', 'R12', 'R10', 'R7', 'R28', 'R13', 'R20', 'R23', 'R70', 'R24', 'R8']"
