total_cost,total_distance,total_fuel_consumed,route
2482497.8065015115,138.61808453318395,12.556567684927053,"['D1', 'R28', 'R11', 'R5', 'R26', 'R14', 'R17', 'R2', 'R1', 'R13', 'R7', 'R3', 'R12', 'R23', 'R10', 'R20', 'R6', 'R70', 'R8', 'R24']"
2481513.107240431,127.69639796396993,11.736686196607684,"['D1', 'R6', 'R13', 'R28', 'R11', 'R14', 'R17', 'R2', 'R26', 'R5', 'R1', 'R7', 'R3', 'R10', 'R12', 'R70', 'R20', 'R23', 'R8', 'R24']"
2481722.9481805703,130.02382631510312,11.91454502204657,"['D1', 'R6', 'R13', 'R7', 'R1', 'R10', 'R3', 'R17', 'R2', 'R14', 'R26', 'R11', 'R5', 'R12', 'R70', 'R28', 'R20', 'R23', 'R24', 'R8']"
2480984.011069934,121.82798436040682,11.03137310763275,"['D1', 'R13', 'R7', 'R2', 'R14', 'R17', 'R26', 'R5', 'R11', 'R28', 'R1', 'R6', 'R20', 'R12', 'R3', 'R10', 'R23', 'R70', 'R8', 'R24']"
2481583.02249139,128.47185549456546,11.642424470933411,"['D1', 'R20', 'R13', 'R12', 'R3', 'R6', 'R28', 'R1', 'R7', 'R5', 'R14', 'R17', 'R2', 'R11', 'R26', 'R10', 'R23', 'R70', 'R24', 'R8']"
