total_cost,total_distance,total_fuel_consumed,route
2480890.169744106,120.7871533285921,11.38324855367101,"['D1', 'R13', 'R6', 'R7', 'R1', 'R5', 'R26', 'R11', 'R17', 'R14', 'R2', 'R3', 'R12', 'R10', 'R23', 'R20', 'R28', 'R24', 'R70', 'R8']"
2479723.0074594826,107.84169764289106,9.830705526859557,"['D1', 'R13', 'R6', 'R20', 'R28', 'R1', 'R7', 'R11', 'R5', 'R26', 'R2', 'R14', 'R17', 'R3', 'R12', 'R10', 'R23', 'R70', 'R8', 'R24']"
2480856.460277234,120.41326838104007,11.223225185953158,"['D1', 'R13', 'R6', 'R7', 'R1', 'R11', 'R26', 'R5', 'R2', 'R17', 'R14', 'R12', 'R3', 'R10', 'R23', 'R28', 'R20', 'R24', 'R8', 'R70']"
2479056.1045618737,100.44481546000398,9.233728292874769,"['D1', 'R13', 'R6', 'R7', 'R1', 'R5', 'R11', 'R26', 'R2', 'R14', 'R17', 'R12', 'R3', 'R10', 'R70', 'R23', 'R20', 'R28', 'R24', 'R8']"
2480611.8256130912,117.69992916028838,10.928534988708698,"['D1', 'R13', 'R6', 'R7', 'R1', 'R28', 'R5', 'R26', 'R11', 'R2', 'R17', 'R14', 'R10', 'R12', 'R3', 'R23', 'R20', 'R70', 'R8', 'R24']"
