total_cost,total_distance,total_fuel_consumed,route
2480608.36656793,117.6615635307285,10.758475931245462,"['D1', 'R28', 'R7', 'R1', 'R26', 'R11', 'R5', 'R14', 'R17', 'R2', 'R12', 'R3', 'R10', 'R70', 'R6', 'R13', 'R20', 'R23', 'R24', 'R8']"
2479782.762401991,108.50446319865816,9.802812357448532,"['D1', 'R13', 'R20', 'R1', 'R7', 'R6', 'R11', 'R5', 'R26', 'R14', 'R17', 'R2', 'R12', 'R3', 'R10', 'R70', 'R23', 'R28', 'R24', 'R8']"
2480294.6300346865,114.18178831728676,10.423103111671713,"['D1', 'R13', 'R7', 'R1', 'R5', 'R11', 'R26', 'R17', 'R14', 'R2', 'R70', 'R12', 'R3', 'R10', 'R28', 'R6', 'R20', 'R23', 'R24', 'R8']"
2480750.1533386633,119.23417633832685,10.942375352174391,"['D1', 'R6', 'R13', 'R28', 'R7', 'R1', 'R10', 'R3', 'R12', 'R17', 'R14', 'R2', 'R11', 'R26', 'R5', 'R24', 'R20', 'R23', 'R70', 'R8']"
2482673.0116649326,140.56135387014595,12.996579389003927,"['D1', 'R20', 'R6', 'R13', 'R1', 'R7', 'R3', 'R10', 'R12', 'R11', 'R5', 'R17', 'R14', 'R2', 'R26', 'R23', 'R28', 'R24', 'R70', 'R8']"
