total_cost,total_distance,total_fuel_consumed,route
2480421.87766952,115.59314185359838,10.724001844601283,"['D1', 'R13', 'R6', 'R1', 'R7', 'R28', 'R11', 'R5', 'R26', 'R14', 'R17', 'R2', 'R3', 'R12', 'R10', 'R23', 'R20', 'R70', 'R8', 'R24']"
2479368.8045269614,103.91309368857362,9.331059109516286,"['D1', 'R20', 'R13', 'R6', 'R7', 'R1', 'R3', 'R12', 'R10', 'R23', 'R70', 'R5', 'R26', 'R11', 'R2', 'R17', 'R14', 'R28', 'R24', 'R8']"
2480800.7691330938,119.79557601035998,11.175211841790798,"['D1', 'R13', 'R6', 'R1', 'R7', 'R5', 'R26', 'R11', 'R14', 'R17', 'R2', 'R3', 'R12', 'R10', 'R23', 'R28', 'R20', 'R24', 'R8', 'R70']"
2480703.378148548,118.71537431841091,10.976833587729649,"['D1', 'R13', 'R6', 'R20', 'R7', 'R1', 'R5', 'R26', 'R11', 'R14', 'R17', 'R2', 'R3', 'R12', 'R10', 'R23', 'R28', 'R70', 'R8', 'R24']"
2480195.345584585,113.0805854545842,10.516452600668535,"['D1', 'R13', 'R6', 'R28', 'R7', 'R1', 'R10', 'R3', 'R12', 'R2', 'R17', 'R14', 'R11', 'R26', 'R5', 'R20', 'R23', 'R70', 'R8', 'R24']"
