total_cost,total_distance,total_fuel_consumed,route
2480576.414867452,117.30717466118242,10.88549244768066,"['D1', 'R13', 'R6', 'R7', 'R1', 'R14', 'R17', 'R2', 'R11', 'R26', 'R5', 'R3', 'R12', 'R10', 'R28', 'R20', 'R23', 'R70', 'R8', 'R24']"
2481738.914439738,130.2009143715365,12.202461023858314,"['D1', 'R13', 'R6', 'R7', 'R1', 'R11', 'R26', 'R5', 'R17', 'R14', 'R2', 'R12', 'R3', 'R10', 'R20', 'R23', 'R28', 'R70', 'R24', 'R8']"
2481241.3487548563,124.68221777791072,11.652892800641283,"['D1', 'R20', 'R13', 'R6', 'R7', 'R1', 'R14', 'R17', 'R2', 'R11', 'R26', 'R5', 'R12', 'R3', 'R10', 'R23', 'R28', 'R24', 'R70', 'R8']"
2480709.96727315,118.78845688941644,11.048393549512772,"['D1', 'R13', 'R6', 'R7', 'R1', 'R11', 'R5', 'R26', 'R2', 'R17', 'R14', 'R3', 'R12', 'R10', 'R70', 'R23', 'R28', 'R20', 'R8', 'R24']"
2482220.998217966,135.54789505286755,12.42097481286891,"['D1', 'R6', 'R13', 'R20', 'R3', 'R12', 'R10', 'R1', 'R7', 'R28', 'R26', 'R17', 'R14', 'R2', 'R11', 'R5', 'R23', 'R24', 'R8', 'R70']"
