total_cost,total_distance,total_fuel_consumed,route
2483705.185909586,152.00960414359383,14.029615590679029,"['D1', 'R20', 'R28', 'R7', 'R12', 'R3', 'R26', 'R5', 'R11', 'R17', 'R14', 'R2', 'R10', 'R6', 'R13', 'R1', 'R23', 'R24', 'R70', 'R8']"
2480338.4505077875,114.66781840936233,10.514052112978002,"['D1', 'R20', 'R13', 'R28', 'R6', 'R1', 'R7', 'R11', 'R17', 'R14', 'R2', 'R5', 'R26', 'R12', 'R3', 'R10', 'R70', 'R23', 'R8', 'R24']"
2481998.8956931382,133.0844686461689,12.19017575081312,"['D1', 'R6', 'R26', 'R11', 'R17', 'R14', 'R2', 'R5', 'R3', 'R12', 'R10', 'R1', 'R13', 'R28', 'R7', 'R20', 'R23', 'R70', 'R24', 'R8']"
2480645.2363649667,118.07050094240304,10.768600938873794,"['D1', 'R20', 'R13', 'R7', 'R28', 'R6', 'R14', 'R17', 'R2', 'R11', 'R26', 'R5', 'R1', 'R12', 'R3', 'R10', 'R23', 'R70', 'R24', 'R8']"
2483786.9530457756,152.9165155920062,14.112717134200235,"['D1', 'R28', 'R6', 'R5', 'R17', 'R14', 'R2', 'R11', 'R26', 'R1', 'R7', 'R3', 'R12', 'R10', 'R13', 'R20', 'R23', 'R8', 'R70', 'R24']"
