total_cost,total_distance,total_fuel_consumed,route
2482689.3899979284,140.74301239938185,13.039995775882392,"['D1', 'R6', 'R28', 'R1', 'R10', 'R3', 'R12', 'R5', 'R26', 'R11', 'R17', 'R14', 'R2', 'R23', 'R7', 'R13', 'R20', 'R24', 'R70', 'R8']"
2482232.572153299,135.6762661191157,12.333802201534139,"['D1', 'R28', 'R7', 'R1', 'R6', 'R20', 'R13', 'R17', 'R14', 'R2', 'R11', 'R26', 'R3', 'R12', 'R10', 'R70', 'R5', 'R23', 'R8', 'R24']"
2482196.965261898,135.28133609025997,12.463620414284936,"['D1', 'R6', 'R28', 'R11', 'R26', 'R2', 'R14', 'R17', 'R5', 'R7', 'R1', 'R12', 'R3', 'R23', 'R10', 'R20', 'R13', 'R70', 'R24', 'R8']"
2481584.131631373,128.48415740209103,11.62682141047826,"['D1', 'R6', 'R7', 'R2', 'R17', 'R14', 'R10', 'R3', 'R12', 'R26', 'R11', 'R5', 'R1', 'R70', 'R23', 'R13', 'R28', 'R20', 'R24', 'R8']"
2480892.1810036316,120.80946099857839,10.98105968038679,"['D1', 'R20', 'R13', 'R7', 'R11', 'R26', 'R2', 'R17', 'R14', 'R5', 'R1', 'R6', 'R28', 'R23', 'R3', 'R12', 'R10', 'R70', 'R24', 'R8']"
