total_cost,total_distance,total_fuel_consumed,route
2481586.9279240845,128.51517218373073,11.758514788357775,"['D1', 'R20', 'R13', 'R6', 'R3', 'R12', 'R26', 'R14', 'R17', 'R2', 'R11', 'R10', 'R1', 'R7', 'R28', 'R5', 'R70', 'R23', 'R24', 'R8']"
2482470.730582871,138.31777487656367,12.964079870521918,"['D1', 'R20', 'R6', 'R7', 'R5', 'R26', 'R11', 'R17', 'R14', 'R2', 'R3', 'R12', 'R10', 'R1', 'R28', 'R13', 'R23', 'R24', 'R70', 'R8']"
2479990.477164879,110.80830928215177,10.126692576992884,"['D1', 'R6', 'R20', 'R13', 'R28', 'R7', 'R1', 'R26', 'R2', 'R17', 'R14', 'R11', 'R5', 'R12', 'R3', 'R10', 'R70', 'R23', 'R24', 'R8']"
2481920.35081327,132.21329650920654,12.274328122843304,"['D1', 'R6', 'R13', 'R28', 'R7', 'R11', 'R14', 'R17', 'R2', 'R5', 'R26', 'R1', 'R3', 'R12', 'R10', 'R23', 'R20', 'R24', 'R70', 'R8']"
2482365.2533059265,137.14788493707235,12.603822139366635,"['D1', 'R6', 'R1', 'R7', 'R28', 'R13', 'R20', 'R10', 'R12', 'R3', 'R11', 'R17', 'R14', 'R2', 'R5', 'R26', 'R8', 'R23', 'R70', 'R24']"
