total_cost,total_distance,total_fuel_consumed,route
2482312.684167949,136.56481996394484,12.553741633527693,"['D1', 'R20', 'R10', 'R12', 'R3', 'R14', 'R17', 'R2', 'R11', 'R1', 'R28', 'R13', 'R6', 'R23', 'R26', 'R5', 'R7', 'R70', 'R24', 'R8']"
2482242.0865775887,135.78179433882303,12.55534732812756,"['D1', 'R13', 'R7', 'R6', 'R23', 'R10', 'R12', 'R3', 'R11', 'R26', 'R5', 'R2', 'R14', 'R17', 'R1', 'R28', 'R20', 'R24', 'R70', 'R8']"
2480944.007227169,121.38428601562792,11.189441827158609,"['D1', 'R20', 'R13', 'R28', 'R6', 'R7', 'R5', 'R26', 'R17', 'R14', 'R2', 'R11', 'R12', 'R3', 'R23', 'R10', 'R1', 'R70', 'R24', 'R8']"
2483011.466563027,144.31529018441586,13.421742903237828,"['D1', 'R13', 'R7', 'R28', 'R6', 'R1', 'R11', 'R14', 'R17', 'R2', 'R5', 'R26', 'R12', 'R3', 'R10', 'R20', 'R23', 'R24', 'R70', 'R8']"
2481154.768984093,123.72192750768411,11.216312231088638,"['D1', 'R20', 'R28', 'R6', 'R13', 'R5', 'R26', 'R2', 'R14', 'R17', 'R11', 'R12', 'R3', 'R1', 'R7', 'R23', 'R10', 'R70', 'R24', 'R8']"
