total_cost,total_distance,total_fuel_consumed,route
2480071.77388322,111.71000314130276,10.249803426506727,"['D1', 'R13', 'R6', 'R20', 'R1', 'R7', 'R28', 'R5', 'R26', 'R11', 'R17', 'R14', 'R2', 'R12', 'R3', 'R10', 'R23', 'R70', 'R24', 'R8']"
2480455.4164728313,115.96513390451535,10.587084379888411,"['D1', 'R13', 'R28', 'R1', 'R7', 'R6', 'R20', 'R5', 'R26', 'R11', 'R17', 'R14', 'R2', 'R12', 'R3', 'R10', 'R23', 'R70', 'R24', 'R8']"
2481786.73195924,130.73127727640218,12.153500565615417,"['D1', 'R13', 'R6', 'R1', 'R7', 'R28', 'R3', 'R12', 'R10', 'R2', 'R14', 'R17', 'R11', 'R26', 'R5', 'R23', 'R20', 'R70', 'R24', 'R8']"
2481484.724890968,127.38159816956141,11.937968450003488,"['D1', 'R13', 'R6', 'R1', 'R7', 'R28', 'R5', 'R26', 'R11', 'R14', 'R17', 'R2', 'R10', 'R3', 'R12', 'R23', 'R20', 'R24', 'R70', 'R8']"
2480211.4770688745,113.25950608778666,10.473847356307596,"['D1', 'R13', 'R20', 'R6', 'R28', 'R7', 'R1', 'R17', 'R14', 'R2', 'R11', 'R5', 'R26', 'R10', 'R3', 'R12', 'R23', 'R70', 'R24', 'R8']"
