total_cost,total_distance,total_fuel_consumed,route
2479848.1312719667,109.22949503069077,10.074572078069117,"['D1', 'R13', 'R20', 'R6', 'R28', 'R1', 'R7', 'R26', 'R5', 'R11', 'R2', 'R14', 'R17', 'R12', 'R3', 'R10', 'R23', 'R70', 'R24', 'R8']"
2481628.7971868487,128.97956063496628,11.866767107557209,"['D1', 'R13', 'R20', 'R6', 'R28', 'R26', 'R5', 'R11', 'R17', 'R14', 'R2', 'R12', 'R3', 'R10', 'R7', 'R1', 'R8', 'R70', 'R23', 'R24']"
2482010.2606876935,133.2105222681217,12.349223331747819,"['D1', 'R13', 'R6', 'R1', 'R7', 'R28', 'R10', 'R3', 'R12', 'R26', 'R5', 'R14', 'R17', 'R2', 'R11', 'R23', 'R20', 'R70', 'R24', 'R8']"
2481212.0290297493,124.3570211817767,11.479293087809502,"['D1', 'R20', 'R13', 'R28', 'R6', 'R7', 'R1', 'R3', 'R10', 'R12', 'R14', 'R17', 'R2', 'R26', 'R5', 'R11', 'R24', 'R23', 'R70', 'R8']"
2479618.648060717,106.68420652969118,9.879840333567529,"['D1', 'R13', 'R20', 'R6', 'R28', 'R7', 'R1', 'R26', 'R5', 'R11', 'R14', 'R17', 'R2', 'R12', 'R3', 'R10', 'R23', 'R70', 'R24', 'R8']"
