total_cost,total_distance,total_fuel_consumed,route
2479856.427385337,109.32151048511008,9.998876993685865,"['D1', 'R20', 'R13', 'R28', 'R1', 'R7', 'R6', 'R5', 'R26', 'R11', 'R14', 'R17', 'R2', 'R3', 'R10', 'R12', 'R70', 'R23', 'R24', 'R8']"
2481399.326115523,126.43440678264506,11.512834961457354,"['D1', 'R20', 'R13', 'R1', 'R28', 'R7', 'R5', 'R2', 'R14', 'R17', 'R11', 'R26', 'R3', 'R12', 'R6', 'R10', 'R70', 'R23', 'R24', 'R8']"
2480836.9993680776,120.19741978790842,10.921596956004723,"['D1', 'R20', 'R6', 'R13', 'R1', 'R7', 'R11', 'R5', 'R2', 'R14', 'R17', 'R26', 'R28', 'R10', 'R3', 'R12', 'R70', 'R23', 'R24', 'R8']"
2481144.44744772,123.6074472905869,10.74864138378352,"['D1', 'R6', 'R7', 'R28', 'R24', 'R13', 'R1', 'R5', 'R26', 'R11', 'R14', 'R17', 'R2', 'R3', 'R12', 'R10', 'R70', 'R23', 'R20', 'R8']"
2482366.1415552776,137.15773685977535,12.726880236707075,"['D1', 'R6', 'R13', 'R28', 'R1', 'R7', 'R26', 'R11', 'R5', 'R17', 'R2', 'R14', 'R12', 'R3', 'R23', 'R10', 'R20', 'R24', 'R70', 'R8']"
