total_cost,total_distance,total_fuel_consumed,route
2479803.891053355,108.73880937616032,9.90202341376406,"['D1', 'R13', 'R6', 'R28', 'R7', 'R1', 'R12', 'R3', 'R10', 'R23', 'R70', 'R2', 'R17', 'R14', 'R11', 'R5', 'R26', 'R20', 'R24', 'R8']"
2480215.052576028,113.2991634430752,10.526157591304738,"['D1', 'R13', 'R28', 'R6', 'R7', 'R1', 'R5', 'R26', 'R11', 'R14', 'R17', 'R2', 'R3', 'R12', 'R10', 'R23', 'R20', 'R24', 'R8', 'R70']"
2480246.1406494086,113.64397348501322,10.563924805990197,"['D1', 'R13', 'R6', 'R1', 'R7', 'R28', 'R5', 'R26', 'R11', 'R14', 'R17', 'R2', 'R3', 'R12', 'R10', 'R23', 'R20', 'R24', 'R8', 'R70']"
2480468.7467145673,116.11298485545768,10.624308024796056,"['D1', 'R13', 'R6', 'R20', 'R28', 'R7', 'R1', 'R12', 'R3', 'R10', 'R11', 'R26', 'R5', 'R2', 'R14', 'R17', 'R23', 'R70', 'R8', 'R24']"
2481623.8847783306,128.92507518113032,11.732146650690117,"['D1', 'R13', 'R20', 'R1', 'R7', 'R10', 'R3', 'R12', 'R5', 'R26', 'R11', 'R17', 'R14', 'R2', 'R6', 'R28', 'R24', 'R8', 'R23', 'R70']"
