total_cost,total_distance,total_fuel_consumed,route
2481202.2535810117,124.24859783730828,11.487164524212275,"['D1', 'R13', 'R1', 'R6', 'R28', 'R7', 'R5', 'R26', 'R11', 'R2', 'R14', 'R17', 'R3', 'R12', 'R10', 'R23', 'R20', 'R70', 'R24', 'R8']"
2481067.9239335535,122.75869491518563,11.354979020690951,"['D1', 'R20', 'R13', 'R7', 'R11', 'R5', 'R26', 'R14', 'R17', 'R2', 'R12', 'R3', 'R10', 'R23', 'R1', 'R28', 'R6', 'R70', 'R24', 'R8']"
2480433.717506799,115.72446214284429,10.617755842804327,"['D1', 'R20', 'R13', 'R1', 'R7', 'R6', 'R28', 'R5', 'R11', 'R26', 'R14', 'R17', 'R2', 'R10', 'R3', 'R12', 'R23', 'R70', 'R24', 'R8']"
2480340.894311625,114.69492359832816,10.480119476078658,"['D1', 'R28', 'R10', 'R3', 'R12', 'R17', 'R14', 'R2', 'R26', 'R5', 'R11', 'R1', 'R7', 'R6', 'R13', 'R20', 'R23', 'R70', 'R8', 'R24']"
2479411.575558628,104.387484013182,9.609168727986056,"['D1', 'R20', 'R13', 'R6', 'R1', 'R7', 'R5', 'R11', 'R26', 'R14', 'R17', 'R2', 'R12', 'R3', 'R10', 'R23', 'R70', 'R28', 'R24', 'R8']"
