total_cost,total_distance,total_fuel_consumed,route
2480209.3839355716,113.23629032355774,10.423746961274125,"['D1', 'R13', 'R10', 'R12', 'R3', 'R17', 'R14', 'R2', 'R26', 'R5', 'R11', 'R1', 'R7', 'R28', 'R6', 'R20', 'R23', 'R70', 'R8', 'R24']"
2481001.961943612,122.02708455648045,11.145083521995888,"['D1', 'R6', 'R13', 'R7', 'R1', 'R28', 'R26', 'R17', 'R14', 'R2', 'R11', 'R5', 'R3', 'R12', 'R10', 'R20', 'R23', 'R70', 'R8', 'R24']"
2480727.2787480983,118.98046526285174,10.781434308154395,"['D1', 'R28', 'R13', 'R7', 'R1', 'R5', 'R11', 'R2', 'R17', 'R14', 'R26', 'R12', 'R3', 'R10', 'R70', 'R23', 'R20', 'R6', 'R8', 'R24']"
2480252.8926684256,113.71886278201353,10.448277568131408,"['D1', 'R13', 'R20', 'R6', 'R28', 'R1', 'R7', 'R14', 'R17', 'R2', 'R5', 'R26', 'R11', 'R3', 'R10', 'R12', 'R70', 'R23', 'R8', 'R24']"
2482794.8434990156,141.91263863149646,13.15149207514428,"['D1', 'R6', 'R13', 'R28', 'R1', 'R7', 'R26', 'R17', 'R14', 'R2', 'R5', 'R11', 'R3', 'R12', 'R10', 'R20', 'R23', 'R8', 'R24', 'R70']"
