total_cost,total_distance,total_fuel_consumed,route
2217094.255885069,78.68518062410033,6.7374203001371775,"['D5', 'R15', 'R27', 'R36', 'R4', 'R32', 'R21', 'R16', 'R18', 'R31', 'R37', 'R33', 'R9', 'R38', 'R30', 'R35', 'R22', 'R34']"
2217094.599624581,78.68899317415149,6.908894067461617,"['D5', 'R15', 'R32', 'R4', 'R36', 'R27', 'R35', 'R30', 'R22', 'R38', 'R16', 'R18', 'R21', 'R31', 'R9', 'R37', 'R33', 'R34']"
2218032.335575235,89.08979120713482,7.896979661913692,"['D5', 'R32', 'R4', 'R36', 'R27', 'R22', 'R38', 'R30', 'R35', 'R18', 'R31', 'R16', 'R9', 'R21', 'R15', 'R33', 'R37', 'R34']"
2216967.072490097,77.27453959734714,6.7273510658749895,"['D5', 'R27', 'R36', 'R22', 'R38', 'R30', 'R4', 'R15', 'R32', 'R9', 'R37', 'R33', 'R21', 'R18', 'R31', 'R16', 'R35', 'R34']"
2217502.3679427435,83.21171187603458,7.202644855231389,"['D5', 'R32', 'R4', 'R15', 'R27', 'R36', 'R22', 'R35', 'R30', 'R38', 'R21', 'R16', 'R18', 'R31', 'R9', 'R37', 'R33', 'R34']"
