total_cost,total_distance,total_fuel_consumed,route
2216688.91273284,74.18936039086114,6.368178845029364,"['D5', 'R36', 'R4', 'R15', 'R18', 'R16', 'R21', 'R31', 'R37', 'R33', 'R9', 'R32', 'R27', 'R38', 'R22', 'R35', 'R30', 'R34']"
2217063.91185322,78.34862303925797,6.827816651734867,"['D5', 'R22', 'R27', 'R36', 'R38', 'R4', 'R30', 'R35', 'R15', 'R32', 'R18', 'R16', 'R31', 'R21', 'R9', 'R33', 'R37', 'R34']"
2216863.671458945,76.12767811607097,6.63426680582195,"['D5', 'R22', 'R27', 'R30', 'R36', 'R38', 'R35', 'R4', 'R18', 'R16', 'R31', 'R21', 'R33', 'R37', 'R9', 'R15', 'R32', 'R34']"
2217488.7741595632,83.06093788335477,7.199795408000508,"['D5', 'R27', 'R38', 'R35', 'R36', 'R22', 'R4', 'R32', 'R30', 'R15', 'R21', 'R18', 'R16', 'R31', 'R9', 'R33', 'R37', 'R34']"
2217386.9405986667,81.93146183081808,7.144473641290377,"['D5', 'R36', 'R27', 'R32', 'R15', 'R4', 'R38', 'R22', 'R35', 'R30', 'R18', 'R16', 'R31', 'R21', 'R33', 'R37', 'R9', 'R34']"
