total_cost,total_distance,total_fuel_consumed,route
2217099.2551536895,78.74062947747795,6.945970084914936,"['D5', 'R4', 'R27', 'R36', 'R30', 'R38', 'R22', 'R32', 'R31', 'R18', 'R15', 'R16', 'R37', 'R33', 'R9', 'R21', 'R35', 'R34']"
2216556.843839673,72.72453238323871,6.404383784868495,"['D5', 'R4', 'R27', 'R36', 'R38', 'R22', 'R30', 'R35', 'R32', 'R31', 'R18', 'R16', 'R21', 'R9', 'R33', 'R37', 'R15', 'R34']"
2216101.1476670704,67.67022700831981,5.878520097243435,"['D5', 'R4', 'R22', 'R27', 'R36', 'R32', 'R15', 'R21', 'R16', 'R18', 'R9', 'R37', 'R33', 'R31', 'R38', 'R30', 'R35', 'R34']"
2215783.9701109473,64.152286057537,5.564135115375433,"['D5', 'R4', 'R27', 'R36', 'R32', 'R31', 'R18', 'R16', 'R21', 'R9', 'R33', 'R37', 'R15', 'R30', 'R35', 'R38', 'R22', 'R34']"
2216869.9845886882,76.19769951961183,6.739607888468155,"['D5', 'R4', 'R27', 'R36', 'R35', 'R38', 'R22', 'R30', 'R32', 'R15', 'R18', 'R16', 'R31', 'R9', 'R21', 'R37', 'R33', 'R34']"
