total_cost,total_distance,total_fuel_consumed,route
2216617.190145545,73.39385698253398,6.28044448964443,"['D5', 'R27', 'R36', 'R4', 'R15', 'R32', 'R22', 'R18', 'R16', 'R21', 'R33', 'R37', 'R9', 'R31', 'R30', 'R35', 'R38', 'R34']"
2215722.378338442,63.46914749825174,5.664517996677834,"['D5', 'R4', 'R36', 'R27', 'R30', 'R35', 'R38', 'R22', 'R32', 'R15', 'R31', 'R16', 'R18', 'R21', 'R37', 'R33', 'R9', 'R34']"
2216040.8219232447,67.00113047077492,5.908685847502959,"['D5', 'R38', 'R35', 'R30', 'R27', 'R36', 'R4', 'R22', 'R32', 'R15', 'R31', 'R16', 'R18', 'R21', 'R33', 'R37', 'R9', 'R34']"
2217217.0804908886,80.04747660701662,7.105486745000393,"['D5', 'R4', 'R27', 'R36', 'R30', 'R38', 'R35', 'R22', 'R18', 'R16', 'R21', 'R31', 'R15', 'R32', 'R33', 'R37', 'R9', 'R34']"
2216248.1404486047,69.30058172808675,6.140095860485696,"['D5', 'R4', 'R22', 'R38', 'R35', 'R30', 'R36', 'R27', 'R31', 'R18', 'R16', 'R21', 'R9', 'R37', 'R33', 'R32', 'R15', 'R34']"
