total_cost,total_distance,total_fuel_consumed,route
2215984.6154179242,66.37772202667082,5.843691308483958,"['D5', 'R22', 'R4', 'R36', 'R27', 'R32', 'R15', 'R31', 'R18', 'R16', 'R21', 'R9', 'R37', 'R33', 'R38', 'R35', 'R30', 'R34']"
2215975.513406216,66.27676803700149,5.78939957026203,"['D5', 'R36', 'R27', 'R4', 'R32', 'R15', 'R31', 'R18', 'R16', 'R21', 'R9', 'R33', 'R37', 'R35', 'R30', 'R38', 'R22', 'R34']"
2216404.7844714606,71.03798215905864,6.2589634725318275,"['D5', 'R4', 'R36', 'R27', 'R22', 'R38', 'R30', 'R35', 'R31', 'R16', 'R18', 'R21', 'R9', 'R33', 'R37', 'R15', 'R32', 'R34']"
2215988.062348201,66.41595328528064,5.823719048787637,"['D5', 'R22', 'R36', 'R27', 'R4', 'R32', 'R15', 'R18', 'R16', 'R31', 'R21', 'R9', 'R33', 'R37', 'R30', 'R35', 'R38', 'R34']"
2215320.528746379,59.01207571405486,5.279742458417749,"['D5', 'R22', 'R38', 'R35', 'R30', 'R36', 'R27', 'R4', 'R32', 'R15', 'R31', 'R16', 'R18', 'R21', 'R9', 'R33', 'R37', 'R34']"
