total_cost,total_distance,total_fuel_consumed,route
2480677.3763478766,118.42697812640503,10.807348279968714,"['D1', 'R13', 'R28', 'R7', 'R1', 'R6', 'R20', 'R23', 'R3', 'R12', 'R10', 'R17', 'R14', 'R2', 'R26', 'R5', 'R11', 'R24', 'R8', 'R70']"
2481121.3620308433,123.3513978576315,11.123058342492481,"['D1', 'R13', 'R6', 'R23', 'R10', 'R3', 'R12', 'R11', 'R26', 'R5', 'R1', 'R7', 'R28', 'R20', 'R24', 'R17', 'R14', 'R2', 'R70', 'R8']"
2479281.2019163105,102.941458699099,9.449142262354803,"['D1', 'R20', 'R13', 'R28', 'R6', 'R7', 'R1', 'R5', 'R11', 'R26', 'R17', 'R14', 'R2', 'R12', 'R3', 'R10', 'R23', 'R70', 'R8', 'R24']"
2482169.0342713255,134.9715424947421,12.42829165426243,"['D1', 'R20', 'R12', 'R3', 'R10', 'R2', 'R14', 'R17', 'R11', 'R26', 'R5', 'R7', 'R6', 'R1', 'R28', 'R13', 'R23', 'R24', 'R8', 'R70']"
2479829.7286641714,109.02538447395519,9.934148867951304,"['D1', 'R13', 'R28', 'R1', 'R7', 'R6', 'R20', 'R23', 'R10', 'R3', 'R12', 'R17', 'R14', 'R2', 'R5', 'R26', 'R11', 'R70', 'R8', 'R24']"
