total_cost,total_distance,total_fuel_consumed,route
2482605.5114129195,139.8126820421429,12.939260318335352,"['D1', 'R13', 'R6', 'R26', 'R17', 'R14', 'R2', 'R3', 'R10', 'R12', 'R1', 'R7', 'R5', 'R11', 'R28', 'R23', 'R20', 'R70', 'R24', 'R8']"
2482163.9537993735,134.9151929832917,12.482600162348035,"['D1', 'R20', 'R13', 'R28', 'R7', 'R5', 'R11', 'R17', 'R14', 'R26', 'R2', 'R1', 'R10', 'R12', 'R3', 'R23', 'R6', 'R24', 'R70', 'R8']"
2481314.6331840497,125.49504418866493,11.636691850506304,"['D1', 'R13', 'R6', 'R7', 'R26', 'R11', 'R5', 'R14', 'R17', 'R2', 'R3', 'R12', 'R10', 'R23', 'R1', 'R20', 'R28', 'R70', 'R8', 'R24']"
2481135.3985370775,123.50708226572235,11.170616184042053,"['D1', 'R28', 'R7', 'R6', 'R13', 'R20', 'R17', 'R14', 'R2', 'R11', 'R5', 'R26', 'R1', 'R12', 'R3', 'R10', 'R23', 'R70', 'R24', 'R8']"
2481728.7819966706,130.08853146262638,11.867358589968209,"['D1', 'R28', 'R1', 'R7', 'R6', 'R13', 'R20', 'R3', 'R10', 'R12', 'R2', 'R17', 'R14', 'R26', 'R11', 'R5', 'R24', 'R23', 'R70', 'R8']"
