total_cost,total_distance,total_fuel_consumed,route
2481355.5719185374,125.94911178502383,11.450551387313388,"['D1', 'R6', 'R13', 'R20', 'R7', 'R28', 'R10', 'R3', 'R12', 'R2', 'R14', 'R17', 'R26', 'R1', 'R11', 'R5', 'R23', 'R70', 'R8', 'R24']"
2480337.460660827,114.65683962762682,10.48667998930851,"['D1', 'R13', 'R6', 'R20', 'R7', 'R1', 'R28', 'R26', 'R5', 'R11', 'R2', 'R14', 'R17', 'R3', 'R12', 'R10', 'R23', 'R70', 'R24', 'R8']"
2480974.412071503,121.72151809564014,11.090120354948883,"['D1', 'R6', 'R13', 'R11', 'R26', 'R5', 'R14', 'R17', 'R2', 'R3', 'R12', 'R10', 'R23', 'R20', 'R7', 'R1', 'R28', 'R24', 'R8', 'R70']"
2480103.1421145033,112.05792052466083,10.267871523471152,"['D1', 'R13', 'R20', 'R6', 'R28', 'R1', 'R7', 'R26', 'R11', 'R2', 'R17', 'R14', 'R5', 'R10', 'R12', 'R3', 'R70', 'R23', 'R24', 'R8']"
2479252.524750894,102.62338898507456,9.395589689398392,"['D1', 'R13', 'R6', 'R1', 'R7', 'R11', 'R5', 'R26', 'R14', 'R17', 'R2', 'R10', 'R3', 'R12', 'R70', 'R23', 'R20', 'R28', 'R24', 'R8']"
