total_cost,total_distance,total_fuel_consumed,route
2480800.914762025,119.79719123807986,10.866971674542548,"['D1', 'R20', 'R5', 'R26', 'R14', 'R17', 'R2', 'R11', 'R1', 'R7', 'R28', 'R6', 'R13', 'R12', 'R3', 'R10', 'R70', 'R23', 'R24', 'R8']"
2481230.956651598,124.56695487575921,11.343955749733396,"['D1', 'R20', 'R6', 'R1', 'R7', 'R28', 'R13', 'R23', 'R12', 'R3', 'R10', 'R11', 'R14', 'R17', 'R2', 'R26', 'R5', 'R8', 'R24', 'R70']"
2481977.397342121,132.84602198448252,12.118429552964342,"['D1', 'R6', 'R13', 'R20', 'R1', 'R7', 'R3', 'R12', 'R10', 'R28', 'R14', 'R17', 'R2', 'R11', 'R5', 'R26', 'R23', 'R70', 'R24', 'R8']"
2481968.560005853,132.74800361416294,12.124550342353123,"['D1', 'R6', 'R13', 'R1', 'R7', 'R28', 'R14', 'R17', 'R2', 'R11', 'R26', 'R5', 'R23', 'R3', 'R12', 'R10', 'R70', 'R20', 'R8', 'R24']"
2482808.47270695,142.06380553404995,13.017639736438817,"['D1', 'R20', 'R13', 'R7', 'R28', 'R6', 'R12', 'R11', 'R14', 'R17', 'R2', 'R26', 'R5', 'R1', 'R10', 'R3', 'R23', 'R8', 'R24', 'R70']"
