total_cost,total_distance,total_fuel_consumed,route
2480561.1609361,117.13798731256611,10.656162272940984,"['D1', 'R13', 'R20', 'R28', 'R7', 'R1', 'R12', 'R3', 'R10', 'R23', 'R6', 'R17', 'R14', 'R2', 'R11', 'R26', 'R5', 'R70', 'R8', 'R24']"
2479910.810494619,109.92469492701275,10.266621469044239,"['D1', 'R13', 'R6', 'R7', 'R1', 'R5', 'R26', 'R11', 'R14', 'R17', 'R2', 'R12', 'R3', 'R10', 'R23', 'R20', 'R28', 'R24', 'R8', 'R70']"
2480225.713148657,113.41740404455696,10.354352122845187,"['D1', 'R13', 'R6', 'R7', 'R1', 'R28', 'R20', 'R23', 'R10', 'R12', 'R3', 'R11', 'R5', 'R26', 'R2', 'R17', 'R14', 'R70', 'R24', 'R8']"
2480653.2902647085,118.15982991025898,11.010968402199596,"['D1', 'R13', 'R6', 'R10', 'R3', 'R12', 'R14', 'R17', 'R2', 'R11', 'R26', 'R5', 'R7', 'R1', 'R28', 'R20', 'R23', 'R70', 'R24', 'R8']"
2481388.5443233764,126.3148216878488,11.785138605722576,"['D1', 'R13', 'R20', 'R6', 'R28', 'R7', 'R1', 'R5', 'R26', 'R11', 'R17', 'R14', 'R2', 'R10', 'R3', 'R12', 'R23', 'R8', 'R24', 'R70']"
