total_cost,total_distance,total_fuel_consumed,route
2481347.043788647,125.85452294417286,11.53347734461455,"['D3', 'R1', 'R7', 'R6', 'R20', 'R13', 'R28', 'R3', 'R12', 'R10', 'R23', 'R2', 'R14', 'R17', 'R26', 'R5', 'R11', 'R8', 'R24', 'R70']"
2480750.2417972926,119.23515746775658,10.996994197828213,"['D3', 'R1', 'R7', 'R28', 'R6', 'R13', 'R26', 'R5', 'R11', 'R14', 'R17', 'R2', 'R3', 'R12', 'R10', 'R23', 'R20', 'R70', 'R8', 'R24']"
2481532.6310649333,127.91294437592228,12.011876870008571,"['D3', 'R7', 'R1', 'R11', 'R5', 'R26', 'R14', 'R17', 'R2', 'R10', 'R12', 'R3', 'R23', 'R6', 'R28', 'R13', 'R20', 'R24', 'R70', 'R8']"
2481838.7339444286,131.30805173501105,12.138733924237279,"['D3', 'R1', 'R7', 'R28', 'R6', 'R13', 'R20', 'R5', 'R11', 'R26', 'R17', 'R14', 'R2', 'R3', 'R12', 'R10', 'R23', 'R8', 'R24', 'R70']"
2480788.7064502197,119.66178405301818,10.798710671465438,"['D3', 'R1', 'R7', 'R28', 'R12', 'R3', 'R10', 'R23', 'R13', 'R6', 'R20', 'R26', 'R5', 'R11', 'R14', 'R17', 'R2', 'R70', 'R8', 'R24']"
