total_cost,total_distance,total_fuel_consumed,route
2481240.2265051706,124.66977046551699,11.249902113564117,"['D3', 'R28', 'R11', 'R2', 'R14', 'R17', 'R5', 'R26', 'R1', 'R6', 'R7', 'R20', 'R13', 'R12', 'R3', 'R23', 'R10', 'R70', 'R8', 'R24']"
2481510.3796623545,127.6661453233634,11.336213157441506,"['D3', 'R28', 'R11', 'R14', 'R17', 'R2', 'R5', 'R26', 'R7', 'R1', 'R6', 'R20', 'R13', 'R24', 'R12', 'R3', 'R23', 'R10', 'R70', 'R8']"
2483094.547565491,145.23677424013658,13.411445931446671,"['D3', 'R7', 'R6', 'R1', 'R10', 'R3', 'R12', 'R23', 'R2', 'R14', 'R17', 'R11', 'R26', 'R5', 'R28', 'R13', 'R24', 'R20', 'R8', 'R70']"
2482496.1471536146,138.59968005340198,12.81027426191478,"['D3', 'R7', 'R1', 'R10', 'R3', 'R12', 'R17', 'R14', 'R2', 'R28', 'R26', 'R11', 'R5', 'R13', 'R6', 'R20', 'R70', 'R23', 'R8', 'R24']"
2480594.763072714,117.5106818180404,10.85415814906359,"['D3', 'R5', 'R26', 'R11', 'R2', 'R17', 'R14', 'R12', 'R3', 'R1', 'R7', 'R6', 'R20', 'R13', 'R28', 'R70', 'R10', 'R23', 'R24', 'R8']"
