total_cost,total_distance,total_fuel_consumed,route
2482124.251509248,134.4748392773683,12.399744050085806,"['D3', 'R1', 'R7', 'R28', 'R17', 'R14', 'R2', 'R26', 'R5', 'R11', 'R3', 'R10', 'R12', 'R6', 'R13', 'R70', 'R23', 'R20', 'R8', 'R24']"
2480249.915726121,113.68584434472567,10.340514092069384,"['D3', 'R26', 'R5', 'R17', 'R14', 'R2', 'R11', 'R7', 'R1', 'R28', 'R6', 'R3', 'R12', 'R10', 'R70', 'R23', 'R13', 'R20', 'R24', 'R8']"
2480879.6652822453,120.67064421301127,11.012412502243391,"['D3', 'R5', 'R26', 'R14', 'R17', 'R2', 'R11', 'R1', 'R13', 'R7', 'R28', 'R6', 'R23', 'R3', 'R12', 'R10', 'R70', 'R20', 'R24', 'R8']"
2481489.21210335,127.43136760592358,11.807531023351238,"['D3', 'R5', 'R14', 'R17', 'R2', 'R11', 'R26', 'R1', 'R10', 'R3', 'R12', 'R23', 'R7', 'R28', 'R6', 'R13', 'R20', 'R70', 'R24', 'R8']"
2479842.1674803817,109.16334827398245,9.788172617095128,"['D3', 'R5', 'R17', 'R14', 'R2', 'R26', 'R11', 'R1', 'R23', 'R10', 'R3', 'R70', 'R12', 'R7', 'R28', 'R6', 'R20', 'R13', 'R24', 'R8']"
