total_cost,total_distance,total_fuel_consumed,route
2480567.955420673,117.21334761172974,10.735531730279725,"['D3', 'R1', 'R7', 'R28', 'R13', 'R20', 'R6', 'R23', 'R10', 'R3', 'R12', 'R5', 'R26', 'R11', 'R17', 'R14', 'R2', 'R24', 'R8', 'R70']"
2480041.033624397,111.36905084734718,10.255250991981935,"['D3', 'R7', 'R1', 'R6', 'R13', 'R20', 'R28', 'R5', 'R26', 'R11', 'R14', 'R17', 'R2', 'R3', 'R12', 'R10', 'R23', 'R70', 'R24', 'R8']"
2480502.906171623,116.49186082102386,10.652248357305718,"['D3', 'R7', 'R1', 'R6', 'R13', 'R20', 'R23', 'R10', 'R12', 'R3', 'R2', 'R17', 'R14', 'R11', 'R5', 'R26', 'R8', 'R70', 'R28', 'R24']"
2480023.31048192,111.17247650754982,10.333403047196065,"['D3', 'R28', 'R7', 'R1', 'R5', 'R26', 'R11', 'R17', 'R14', 'R2', 'R12', 'R3', 'R10', 'R23', 'R20', 'R6', 'R13', 'R24', 'R8', 'R70']"
2480920.31973277,121.12155870419257,11.07965100032773,"['D3', 'R7', 'R1', 'R28', 'R6', 'R13', 'R20', 'R17', 'R14', 'R2', 'R11', 'R26', 'R5', 'R10', 'R3', 'R12', 'R23', 'R70', 'R24', 'R8']"
