total_cost,total_distance,total_fuel_consumed,route
2480298.643506361,114.22630330924473,10.527424923855081,"['D3', 'R1', 'R7', 'R28', 'R6', 'R13', 'R20', 'R23', 'R3', 'R12', 'R10', 'R14', 'R17', 'R2', 'R11', 'R26', 'R5', 'R70', 'R24', 'R8']"
2480840.224175202,120.2331873913343,10.957561528696822,"['D3', 'R7', 'R1', 'R6', 'R13', 'R20', 'R3', 'R12', 'R10', 'R23', 'R11', 'R17', 'R14', 'R2', 'R26', 'R5', 'R28', 'R24', 'R8', 'R70']"
2479665.4568756926,107.20338149614952,9.809867727025583,"['D3', 'R1', 'R7', 'R28', 'R13', 'R6', 'R20', 'R23', 'R10', 'R12', 'R3', 'R2', 'R17', 'R14', 'R11', 'R5', 'R26', 'R70', 'R8', 'R24']"
2480241.030878367,113.58729900584176,10.38840181165146,"['D3', 'R7', 'R1', 'R28', 'R13', 'R6', 'R3', 'R12', 'R10', 'R2', 'R17', 'R14', 'R11', 'R26', 'R5', 'R70', 'R23', 'R20', 'R24', 'R8']"
2480908.6803936157,120.99246221845144,11.322716572234626,"['D3', 'R7', 'R1', 'R11', 'R26', 'R5', 'R2', 'R14', 'R17', 'R12', 'R3', 'R10', 'R23', 'R20', 'R13', 'R6', 'R28', 'R8', 'R24', 'R70']"
