total_cost,total_distance,total_fuel_consumed,route
2480509.895209229,116.56937898435116,10.692697951333825,"['D3', 'R1', 'R7', 'R6', 'R13', 'R20', 'R28', 'R26', 'R11', 'R17', 'R14', 'R2', 'R5', 'R12', 'R3', 'R10', 'R23', 'R70', 'R24', 'R8']"
2480101.1363975564,112.03567432959821,10.201529883325593,"['D3', 'R1', 'R7', 'R6', 'R13', 'R20', 'R11', 'R26', 'R5', 'R17', 'R14', 'R2', 'R3', 'R12', 'R10', 'R23', 'R70', 'R28', 'R24', 'R8']"
2479558.416339701,106.01615283608568,9.700792276056083,"['D3', 'R7', 'R1', 'R6', 'R13', 'R20', 'R28', 'R5', 'R26', 'R11', 'R17', 'R14', 'R2', 'R12', 'R3', 'R10', 'R23', 'R70', 'R8', 'R24']"
2480983.106992034,121.81795687704009,11.22537335424877,"['D3', 'R7', 'R1', 'R3', 'R12', 'R10', 'R23', 'R6', 'R13', 'R20', 'R28', 'R5', 'R11', 'R17', 'R14', 'R2', 'R26', 'R8', 'R24', 'R70']"
2480794.9325008625,119.73083962802323,11.06912172072375,"['D3', 'R7', 'R1', 'R28', 'R6', 'R13', 'R20', 'R10', 'R3', 'R12', 'R2', 'R17', 'R14', 'R11', 'R5', 'R26', 'R23', 'R70', 'R24', 'R8']"
