total_cost,total_distance,total_fuel_consumed,route
2482342.48056774,136.89530354635866,12.124276143881275,"['D3', 'R3', 'R12', 'R70', 'R6', 'R1', 'R28', 'R7', 'R26', 'R11', 'R14', 'R17', 'R2', 'R5', 'R10', 'R13', 'R20', 'R23', 'R24', 'R8']"
2481195.6345878257,124.17518398209978,11.175351630803442,"['D3', 'R28', 'R7', 'R6', 'R23', 'R12', 'R3', 'R10', 'R20', 'R13', 'R1', 'R26', 'R2', 'R17', 'R14', 'R11', 'R5', 'R70', 'R8', 'R24']"
2481572.457036608,128.35466988251773,11.783692159503884,"['D3', 'R1', 'R26', 'R11', 'R14', 'R17', 'R2', 'R7', 'R28', 'R5', 'R10', 'R3', 'R12', 'R6', 'R13', 'R20', 'R23', 'R70', 'R24', 'R8']"
2482562.740083711,139.3382884173778,13.049524110545057,"['D3', 'R1', 'R7', 'R3', 'R12', 'R10', 'R11', 'R26', 'R5', 'R14', 'R17', 'R2', 'R28', 'R6', 'R13', 'R20', 'R23', 'R24', 'R70', 'R8']"
2482324.942047762,136.70077692726582,12.490851404060708,"['D3', 'R1', 'R7', 'R12', 'R3', 'R10', 'R28', 'R6', 'R13', 'R26', 'R5', 'R14', 'R17', 'R2', 'R11', 'R70', 'R20', 'R23', 'R24', 'R8']"
