total_cost,total_distance,total_fuel_consumed,route
2484032.250649451,155.6372077357055,14.348968339457489,"['D3', 'R5', 'R6', 'R7', 'R1', 'R12', 'R3', 'R10', 'R11', 'R2', 'R14', 'R17', 'R26', 'R28', 'R20', 'R13', 'R24', 'R23', 'R8', 'R70']"
2480526.0805794206,116.74889728727831,10.832462655342738,"['D3', 'R1', 'R7', 'R5', 'R11', 'R14', 'R17', 'R2', 'R26', 'R12', 'R3', 'R10', 'R23', 'R20', 'R6', 'R28', 'R13', 'R24', 'R8', 'R70']"
2482687.5305435187,140.72238845961675,13.01541371011337,"['D3', 'R1', 'R6', 'R7', 'R5', 'R11', 'R14', 'R17', 'R2', 'R3', 'R12', 'R10', 'R13', 'R28', 'R20', 'R26', 'R70', 'R23', 'R8', 'R24']"
2482478.430197292,138.40317432666782,12.605665579519043,"['D3', 'R1', 'R7', 'R17', 'R14', 'R2', 'R26', 'R11', 'R5', 'R6', 'R28', 'R23', 'R3', 'R12', 'R20', 'R13', 'R70', 'R10', 'R8', 'R24']"
2483011.708296695,144.3179713475398,13.482658615579794,"['D3', 'R7', 'R1', 'R26', 'R17', 'R14', 'R2', 'R11', 'R5', 'R28', 'R6', 'R3', 'R12', 'R10', 'R13', 'R20', 'R23', 'R24', 'R70', 'R8']"
