total_cost,total_distance,total_fuel_consumed,route
2480245.6323783714,113.63833605115079,10.587566826124549,"['D3', 'R7', 'R1', 'R11', 'R5', 'R26', 'R17', 'R14', 'R2', 'R12', 'R3', 'R10', 'R6', 'R13', 'R28', 'R20', 'R23', 'R70', 'R8', 'R24']"
2480378.8205502476,115.11557841889353,10.719348287853961,"['D3', 'R1', 'R7', 'R11', 'R5', 'R26', 'R17', 'R14', 'R2', 'R12', 'R3', 'R10', 'R23', 'R6', 'R28', 'R13', 'R20', 'R24', 'R8', 'R70']"
2480212.6847375464,113.27290081573321,10.435153962308151,"['D3', 'R7', 'R1', 'R5', 'R11', 'R17', 'R14', 'R2', 'R26', 'R28', 'R6', 'R13', 'R20', 'R10', 'R3', 'R12', 'R23', 'R70', 'R8', 'R24']"
2480398.130763415,115.32975558357103,10.756185050266266,"['D3', 'R1', 'R7', 'R11', 'R5', 'R26', 'R14', 'R17', 'R2', 'R3', 'R12', 'R10', 'R23', 'R6', 'R28', 'R13', 'R20', 'R70', 'R8', 'R24']"
2480364.416279782,114.95581499315202,10.4891628674114,"['D3', 'R1', 'R7', 'R28', 'R13', 'R20', 'R6', 'R2', 'R17', 'R14', 'R5', 'R11', 'R26', 'R3', 'R10', 'R12', 'R23', 'R70', 'R8', 'R24']"
