total_cost,total_distance,total_fuel_consumed,route
2480808.51495384,119.8814879529782,11.02938446884235,"['D3', 'R28', 'R7', 'R1', 'R3', 'R12', 'R10', 'R26', 'R5', 'R11', 'R14', 'R17', 'R2', 'R13', 'R6', 'R20', 'R23', 'R70', 'R8', 'R24']"
2480672.576320099,118.37373913153831,10.852487357981014,"['D3', 'R1', 'R7', 'R13', 'R6', 'R20', 'R10', 'R3', 'R12', 'R2', 'R14', 'R17', 'R11', 'R26', 'R5', 'R28', 'R23', 'R70', 'R8', 'R24']"
2480276.617294744,113.98200193815941,10.40768100092332,"['D3', 'R1', 'R7', 'R5', 'R26', 'R11', 'R2', 'R17', 'R14', 'R23', 'R10', 'R3', 'R12', 'R70', 'R6', 'R13', 'R28', 'R20', 'R24', 'R8']"
2480502.413514602,116.48639656834935,10.704332752931862,"['D3', 'R7', 'R1', 'R26', 'R11', 'R14', 'R17', 'R2', 'R5', 'R28', 'R13', 'R6', 'R20', 'R10', 'R12', 'R3', 'R70', 'R23', 'R24', 'R8']"
2480015.338869577,111.08406022157637,10.330878210834255,"['D3', 'R7', 'R1', 'R3', 'R12', 'R10', 'R17', 'R14', 'R2', 'R11', 'R26', 'R5', 'R28', 'R13', 'R6', 'R20', 'R23', 'R70', 'R8', 'R24']"
