total_cost,total_distance,total_fuel_consumed,route
2480991.393235085,121.90986285586638,11.21569545276173,"['D3', 'R7', 'R6', 'R1', 'R5', 'R26', 'R11', 'R17', 'R14', 'R2', 'R12', 'R3', 'R10', 'R13', 'R28', 'R70', 'R23', 'R20', 'R24', 'R8']"
2482087.8641943233,134.07125326445714,12.3781697825204,"['D3', 'R3', 'R10', 'R12', 'R11', 'R2', 'R17', 'R14', 'R26', 'R1', 'R7', 'R6', 'R28', 'R5', 'R20', 'R13', 'R23', 'R70', 'R24', 'R8']"
2483318.9362636427,147.72555749381536,13.731511864356314,"['D3', 'R7', 'R6', 'R28', 'R1', 'R12', 'R3', 'R10', 'R11', 'R5', 'R17', 'R14', 'R2', 'R26', 'R23', 'R20', 'R13', 'R8', 'R70', 'R24']"
2482751.0474994406,141.42687998492028,13.028111078652598,"['D3', 'R11', 'R5', 'R26', 'R17', 'R14', 'R2', 'R6', 'R12', 'R3', 'R10', 'R7', 'R1', 'R28', 'R13', 'R23', 'R20', 'R70', 'R24', 'R8']"
2483282.0828385185,147.31680166945904,13.635556063709739,"['D3', 'R26', 'R2', 'R17', 'R14', 'R5', 'R11', 'R6', 'R7', 'R1', 'R12', 'R3', 'R10', 'R28', 'R13', 'R23', 'R20', 'R24', 'R70', 'R8']"
