total_cost,total_distance,total_fuel_consumed,route
2480917.38807096,121.0890424906884,11.049254743618585,"['D3', 'R11', 'R26', 'R5', 'R1', 'R7', 'R6', 'R20', 'R13', 'R28', 'R3', 'R12', 'R10', 'R2', 'R17', 'R14', 'R23', 'R70', 'R8', 'R24']"
2480138.2246199334,112.4470343825812,10.445605864050638,"['D3', 'R28', 'R7', 'R1', 'R5', 'R26', 'R11', 'R14', 'R17', 'R2', 'R3', 'R12', 'R10', 'R6', 'R20', 'R13', 'R23', 'R70', 'R8', 'R24']"
2481023.8881996926,122.27027728141618,11.337458408668478,"['D3', 'R1', 'R7', 'R28', 'R13', 'R6', 'R20', 'R23', 'R10', 'R3', 'R12', 'R2', 'R17', 'R14', 'R11', 'R5', 'R26', 'R24', 'R70', 'R8']"
2479558.439947595,106.01641468051994,9.737083672620964,"['D3', 'R1', 'R7', 'R28', 'R6', 'R13', 'R20', 'R23', 'R10', 'R12', 'R3', 'R17', 'R14', 'R2', 'R11', 'R26', 'R5', 'R70', 'R8', 'R24']"
2481423.5958143747,126.70359155251609,11.717681752086751,"['D3', 'R1', 'R7', 'R28', 'R6', 'R20', 'R13', 'R23', 'R10', 'R3', 'R12', 'R11', 'R14', 'R17', 'R2', 'R5', 'R26', 'R24', 'R70', 'R8']"
