total_cost,total_distance,total_fuel_consumed,route
2480464.930210004,116.07065450314828,10.690783003542498,"['D3', 'R7', 'R1', 'R14', 'R17', 'R2', 'R11', 'R26', 'R5', 'R3', 'R12', 'R10', 'R70', 'R23', 'R6', 'R28', 'R13', 'R20', 'R8', 'R24']"
2479936.1397534665,110.205631693279,10.029658469596054,"['D3', 'R7', 'R1', 'R28', 'R13', 'R6', 'R14', 'R17', 'R2', 'R26', 'R5', 'R11', 'R12', 'R3', 'R10', 'R70', 'R23', 'R20', 'R24', 'R8']"
2479454.3421473647,104.86182505949975,9.58085568998535,"['D3', 'R7', 'R1', 'R26', 'R11', 'R5', 'R17', 'R14', 'R2', 'R12', 'R3', 'R10', 'R70', 'R23', 'R6', 'R28', 'R13', 'R20', 'R24', 'R8']"
2481103.133475739,123.14921778770307,11.377479686487822,"['D3', 'R7', 'R1', 'R28', 'R6', 'R12', 'R3', 'R10', 'R17', 'R14', 'R2', 'R11', 'R26', 'R5', 'R13', 'R20', 'R23', 'R70', 'R24', 'R8']"
2480297.7643311094,114.21655203093918,10.35679178997994,"['D3', 'R7', 'R1', 'R10', 'R12', 'R3', 'R70', 'R14', 'R17', 'R2', 'R11', 'R26', 'R5', 'R23', 'R13', 'R6', 'R28', 'R20', 'R24', 'R8']"
