total_cost,total_distance,total_fuel_consumed,route
2482478.0199390175,138.39862399087707,12.696067629169036,"['D2', 'R2', 'R14', 'R17', 'R5', 'R11', 'R1', 'R7', 'R6', 'R28', 'R13', 'R20', 'R10', 'R3', 'R12', 'R26', 'R24', 'R23', 'R70', 'R8']"
2481308.167688043,125.423332830996,11.465614835813096,"['D2', 'R17', 'R14', 'R2', 'R5', 'R11', 'R26', 'R7', 'R28', 'R13', 'R6', 'R20', 'R23', 'R10', 'R3', 'R12', 'R1', 'R70', 'R24', 'R8']"
2483474.979007538,149.45628890348306,13.905190575038723,"['D2', 'R17', 'R14', 'R2', 'R5', 'R26', 'R11', 'R10', 'R12', 'R3', 'R7', 'R6', 'R28', 'R1', 'R13', 'R20', 'R23', 'R8', 'R70', 'R24']"
2482508.3230874357,138.73472812151456,12.777821313327808,"['D2', 'R12', 'R10', 'R3', 'R2', 'R17', 'R14', 'R26', 'R5', 'R11', 'R7', 'R1', 'R6', 'R13', 'R28', 'R23', 'R20', 'R70', 'R24', 'R8']"
2482958.731890005,143.7303891970409,13.334164433337651,"['D2', 'R17', 'R14', 'R2', 'R3', 'R12', 'R10', 'R11', 'R26', 'R5', 'R1', 'R7', 'R6', 'R13', 'R20', 'R28', 'R8', 'R23', 'R70', 'R24']"
