total_cost,total_distance,total_fuel_consumed,route
2482905.7592788916,143.14284914475897,12.877607087792564,"['D2', 'R1', 'R20', 'R6', 'R7', 'R5', 'R11', 'R2', 'R14', 'R17', 'R26', 'R12', 'R3', 'R10', 'R23', 'R13', 'R28', 'R70', 'R24', 'R8']"
2482368.6648271703,137.185723460184,12.402719761284109,"['D2', 'R5', 'R11', 'R17', 'R2', 'R14', 'R26', 'R20', 'R13', 'R7', 'R3', 'R10', 'R12', 'R1', 'R28', 'R6', 'R23', 'R70', 'R24', 'R8']"
2481109.490907374,123.21973056093938,11.309617765603676,"['D2', 'R26', 'R5', 'R17', 'R2', 'R14', 'R11', 'R3', 'R12', 'R10', 'R23', 'R7', 'R1', 'R28', 'R13', 'R6', 'R20', 'R24', 'R8', 'R70']"
2483262.5963855195,147.10066975953373,13.65338385135438,"['D2', 'R2', 'R14', 'R17', 'R11', 'R26', 'R5', 'R1', 'R10', 'R12', 'R3', 'R6', 'R7', 'R23', 'R13', 'R28', 'R20', 'R24', 'R70', 'R8']"
2481322.3551884056,125.58069197433063,11.574211914881706,"['D2', 'R14', 'R17', 'R2', 'R11', 'R26', 'R5', 'R12', 'R3', 'R10', 'R20', 'R13', 'R7', 'R1', 'R28', 'R6', 'R23', 'R70', 'R24', 'R8']"
