total_cost,total_distance,total_fuel_consumed,route
2482191.814860106,135.22421095947354,12.398519343234906,"['D2', 'R26', 'R17', 'R14', 'R2', 'R11', 'R5', 'R7', 'R1', 'R6', 'R13', 'R10', 'R12', 'R3', 'R23', 'R28', 'R20', 'R24', 'R8', 'R70']"
2481221.2582524046,124.45938611806545,11.399479968504226,"['D2', 'R12', 'R3', 'R10', 'R14', 'R17', 'R2', 'R5', 'R26', 'R11', 'R1', 'R7', 'R28', 'R13', 'R6', 'R20', 'R23', 'R70', 'R24', 'R8']"
2480206.0576512506,113.1993971966592,10.200622356012168,"['D2', 'R2', 'R14', 'R17', 'R26', 'R11', 'R1', 'R7', 'R10', 'R3', 'R12', 'R70', 'R23', 'R20', 'R6', 'R13', 'R28', 'R5', 'R8', 'R24']"
2481727.8847312396,130.07857953904278,12.04649332224552,"['D2', 'R5', 'R11', 'R26', 'R14', 'R17', 'R2', 'R12', 'R3', 'R10', 'R23', 'R20', 'R6', 'R7', 'R1', 'R13', 'R28', 'R24', 'R70', 'R8']"
2483334.9422376277,147.9030860428957,13.603997238740579,"['D2', 'R17', 'R14', 'R2', 'R26', 'R5', 'R7', 'R1', 'R3', 'R12', 'R10', 'R6', 'R13', 'R20', 'R11', 'R24', 'R28', 'R70', 'R23', 'R8']"
