total_cost,total_distance,total_fuel_consumed,route
2480034.701462566,111.29881835144374,10.262618968558234,"['D2', 'R26', 'R5', 'R11', 'R17', 'R14', 'R2', 'R10', 'R12', 'R3', 'R1', 'R7', 'R28', 'R6', 'R13', 'R20', 'R23', 'R70', 'R8', 'R24']"
2480878.0999507997,120.65328250665411,10.950326290796193,"['D2', 'R26', 'R11', 'R5', 'R17', 'R14', 'R2', 'R7', 'R1', 'R28', 'R6', 'R20', 'R13', 'R10', 'R3', 'R12', 'R23', 'R70', 'R8', 'R24']"
2481508.990935719,127.6507424103717,11.717598202408844,"['D2', 'R14', 'R17', 'R2', 'R11', 'R5', 'R26', 'R1', 'R7', 'R13', 'R6', 'R28', 'R10', 'R3', 'R12', 'R70', 'R20', 'R23', 'R24', 'R8']"
2480469.316028738,116.11929934270694,10.562025419480468,"['D2', 'R5', 'R26', 'R11', 'R17', 'R14', 'R2', 'R1', 'R7', 'R6', 'R20', 'R13', 'R28', 'R12', 'R3', 'R10', 'R23', 'R70', 'R8', 'R24']"
2481284.451657021,125.16028900866016,11.59666382849571,"['D2', 'R2', 'R17', 'R14', 'R11', 'R5', 'R26', 'R3', 'R12', 'R10', 'R23', 'R7', 'R1', 'R28', 'R6', 'R13', 'R20', 'R70', 'R24', 'R8']"
