total_cost,total_distance,total_fuel_consumed,route
2482624.2002294995,140.01996705301462,12.802969890609395,"['D2', 'R3', 'R12', 'R10', 'R1', 'R7', 'R28', 'R13', 'R6', 'R5', 'R26', 'R11', 'R14', 'R17', 'R2', 'R23', 'R20', 'R70', 'R24', 'R8']"
2481847.5767517374,131.4061307868014,11.968859465131288,"['D2', 'R11', 'R5', 'R26', 'R2', 'R17', 'R14', 'R7', 'R1', 'R3', 'R10', 'R23', 'R6', 'R13', 'R20', 'R28', 'R24', 'R12', 'R70', 'R8']"
2481463.83341534,127.14988260137815,11.631827480618375,"['D2', 'R11', 'R2', 'R17', 'R14', 'R5', 'R26', 'R3', 'R12', 'R10', 'R23', 'R28', 'R7', 'R1', 'R6', 'R20', 'R13', 'R70', 'R8', 'R24']"
2483006.4258795474,144.25938198255477,13.428635752630221,"['D2', 'R14', 'R17', 'R2', 'R11', 'R26', 'R5', 'R3', 'R12', 'R10', 'R7', 'R28', 'R6', 'R1', 'R13', 'R23', 'R20', 'R24', 'R70', 'R8']"
2481225.0600037193,124.50155283628982,11.497441446392495,"['D2', 'R17', 'R14', 'R2', 'R11', 'R26', 'R5', 'R1', 'R7', 'R28', 'R6', 'R13', 'R10', 'R12', 'R3', 'R23', 'R20', 'R70', 'R8', 'R24']"
