total_cost,total_distance,total_fuel_consumed,route
2217134.6571366447,79.13328678621185,6.853046270898439,"['D5', 'R30', 'R27', 'R36', 'R4', 'R22', 'R15', 'R32', 'R18', 'R16', 'R21', 'R31', 'R9', 'R33', 'R37', 'R38', 'R35', 'R34']"
2216625.4067853526,73.48499096442916,6.433917022450317,"['D5', 'R36', 'R27', 'R4', 'R22', 'R35', 'R38', 'R30', 'R15', 'R32', 'R31', 'R18', 'R21', 'R16', 'R9', 'R37', 'R33', 'R34']"
2217068.6315313103,78.40097084416962,6.5980667355686435,"['D5', 'R32', 'R4', 'R15', 'R22', 'R36', 'R27', 'R9', 'R33', 'R37', 'R21', 'R16', 'R18', 'R31', 'R30', 'R38', 'R35', 'R34']"
2217040.650325735,78.09062029431216,6.828011351250629,"['D5', 'R27', 'R36', 'R4', 'R38', 'R22', 'R35', 'R30', 'R15', 'R32', 'R18', 'R16', 'R21', 'R31', 'R9', 'R33', 'R37', 'R34']"
2216734.7618934354,74.69789145336422,6.494494065740049,"['D5', 'R36', 'R27', 'R4', 'R15', 'R32', 'R18', 'R16', 'R31', 'R21', 'R9', 'R33', 'R37', 'R30', 'R38', 'R22', 'R35', 'R34']"
