total_cost,total_distance,total_fuel_consumed,route
2215819.1437330837,64.54241052666386,5.731750860175167,"['D5', 'R4', 'R27', 'R36', 'R30', 'R35', 'R38', 'R22', 'R15', 'R32', 'R31', 'R16', 'R18', 'R21', 'R9', 'R33', 'R37', 'R34']"
2216314.522669404,70.03685303242688,6.035017593815547,"['D5', 'R22', 'R4', 'R36', 'R27', 'R38', 'R35', 'R30', 'R33', 'R37', 'R9', 'R21', 'R18', 'R16', 'R31', 'R15', 'R32', 'R34']"
2215971.6735353204,66.23417851952365,5.874214712556706,"['D5', 'R4', 'R27', 'R36', 'R22', 'R38', 'R35', 'R30', 'R32', 'R15', 'R18', 'R16', 'R21', 'R9', 'R37', 'R33', 'R31', 'R34']"
2215831.0911324047,64.67492382879871,5.6837451003714365,"['D5', 'R4', 'R36', 'R27', 'R38', 'R35', 'R30', 'R32', 'R15', 'R18', 'R16', 'R21', 'R9', 'R37', 'R33', 'R31', 'R22', 'R34']"
2216149.6729748244,68.20844027090257,5.98383343199085,"['D5', 'R4', 'R27', 'R36', 'R35', 'R22', 'R38', 'R30', 'R32', 'R15', 'R31', 'R16', 'R18', 'R21', 'R9', 'R33', 'R37', 'R34']"
