total_cost,total_distance,total_fuel_consumed,route
2480788.9069686607,119.6640080818602,10.918745352952001,"['D3', 'R7', 'R1', 'R6', 'R13', 'R28', 'R20', 'R10', 'R3', 'R12', 'R14', 'R17', 'R2', 'R26', 'R5', 'R11', 'R70', 'R23', 'R24', 'R8']"
2481025.7438334688,122.2908588450463,11.352909876315866,"['D3', 'R1', 'R7', 'R5', 'R11', 'R17', 'R14', 'R2', 'R26', 'R3', 'R12', 'R10', 'R6', 'R13', 'R20', 'R23', 'R28', 'R24', 'R8', 'R70']"
2481184.7270422955,124.05420410709498,11.583940810249077,"['D3', 'R7', 'R1', 'R26', 'R5', 'R11', 'R14', 'R17', 'R2', 'R3', 'R12', 'R10', 'R6', 'R13', 'R28', 'R20', 'R70', 'R23', 'R24', 'R8']"
2479490.351665296,105.26122077746695,9.657861166875282,"['D3', 'R1', 'R7', 'R28', 'R6', 'R13', 'R20', 'R23', 'R10', 'R12', 'R3', 'R17', 'R14', 'R2', 'R26', 'R5', 'R11', 'R70', 'R8', 'R24']"
2479912.36513541,109.94193805911888,9.973170833363005,"['D3', 'R1', 'R7', 'R6', 'R26', 'R14', 'R17', 'R2', 'R11', 'R5', 'R28', 'R13', 'R20', 'R23', 'R10', 'R3', 'R12', 'R70', 'R8', 'R24']"
