total_cost,total_distance,total_fuel_consumed,route
2482294.3293640716,136.36123961925196,12.643519666044716,"['D3', 'R11', 'R5', 'R17', 'R14', 'R2', 'R12', 'R3', 'R10', 'R13', 'R6', 'R1', 'R7', 'R28', 'R20', 'R23', 'R26', 'R70', 'R24', 'R8']"
2483502.3597837663,149.75997985543583,13.910991010829363,"['D3', 'R28', 'R7', 'R12', 'R3', 'R2', 'R14', 'R17', 'R11', 'R26', 'R5', 'R10', 'R23', 'R6', 'R1', 'R13', 'R20', 'R8', 'R70', 'R24']"
2481895.244771027,131.93483552603305,12.142827786789736,"['D3', 'R1', 'R7', 'R12', 'R3', 'R11', 'R26', 'R17', 'R14', 'R2', 'R5', 'R13', 'R6', 'R28', 'R20', 'R10', 'R23', 'R70', 'R24', 'R8']"
2484262.698010519,158.19319000132347,14.471919220469186,"['D3', 'R17', 'R14', 'R2', 'R11', 'R1', 'R26', 'R5', 'R6', 'R7', 'R13', 'R3', 'R12', 'R23', 'R10', 'R28', 'R20', 'R24', 'R70', 'R8']"
2482943.422180161,143.56058318723217,13.036981237289774,"['D3', 'R6', 'R7', 'R14', 'R17', 'R26', 'R5', 'R3', 'R12', 'R1', 'R28', 'R11', 'R2', 'R10', 'R13', 'R20', 'R23', 'R70', 'R24', 'R8']"
