total_cost,total_distance,total_fuel_consumed,route
2480629.7559759375,117.89880186266086,10.760786057606596,"['D3', 'R7', 'R1', 'R28', 'R6', 'R2', 'R17', 'R14', 'R11', 'R26', 'R5', 'R12', 'R3', 'R10', 'R23', 'R70', 'R13', 'R20', 'R24', 'R8']"
2480945.680669634,121.40284682380666,11.31898645042517,"['D3', 'R7', 'R1', 'R11', 'R17', 'R14', 'R2', 'R12', 'R3', 'R10', 'R26', 'R5', 'R28', 'R6', 'R20', 'R13', 'R23', 'R70', 'R24', 'R8']"
2480594.59610317,117.50882989318653,10.701506853934067,"['D3', 'R7', 'R1', 'R11', 'R14', 'R17', 'R2', 'R5', 'R26', 'R6', 'R28', 'R13', 'R12', 'R3', 'R10', 'R70', 'R23', 'R20', 'R24', 'R8']"
2479259.859715557,102.70474396137345,9.427572893844832,"['D3', 'R7', 'R1', 'R5', 'R26', 'R11', 'R2', 'R17', 'R14', 'R12', 'R3', 'R10', 'R70', 'R23', 'R6', 'R28', 'R20', 'R13', 'R24', 'R8']"
2480477.00372905,116.20456664873271,10.583373399327288,"['D3', 'R28', 'R7', 'R1', 'R3', 'R12', 'R2', 'R17', 'R14', 'R11', 'R5', 'R26', 'R23', 'R10', 'R70', 'R20', 'R13', 'R6', 'R24', 'R8']"
