total_cost,total_distance,total_fuel_consumed,route
2481195.459651537,124.1732436949531,11.54224778342504,"['D3', 'R1', 'R7', 'R26', 'R17', 'R2', 'R14', 'R11', 'R5', 'R3', 'R12', 'R10', 'R6', 'R20', 'R13', 'R28', 'R23', 'R70', 'R24', 'R8']"
2481676.092580149,129.50413243288256,12.063133170311387,"['D3', 'R28', 'R7', 'R5', 'R26', 'R11', 'R14', 'R17', 'R2', 'R3', 'R12', 'R10', 'R1', 'R6', 'R23', 'R13', 'R20', 'R70', 'R24', 'R8']"
2482265.0535955066,136.03653056241228,12.395732994339133,"['D3', 'R1', 'R7', 'R26', 'R28', 'R13', 'R6', 'R12', 'R3', 'R10', 'R14', 'R17', 'R2', 'R11', 'R5', 'R23', 'R20', 'R70', 'R8', 'R24']"
2485145.771698759,167.9877073952896,15.516359898299186,"['D3', 'R5', 'R3', 'R12', 'R10', 'R7', 'R1', 'R28', 'R6', 'R13', 'R17', 'R14', 'R2', 'R11', 'R26', 'R70', 'R20', 'R8', 'R23', 'R24']"
2481770.129042859,130.54712780456597,12.11907257577431,"['D3', 'R5', 'R11', 'R26', 'R2', 'R14', 'R17', 'R3', 'R12', 'R10', 'R7', 'R13', 'R6', 'R1', 'R28', 'R23', 'R20', 'R70', 'R8', 'R24']"
