total_cost,total_distance,total_fuel_consumed,route
2479622.632076566,106.72839481551134,9.964603074971688,"['D3', 'R7', 'R1', 'R5', 'R26', 'R11', 'R14', 'R17', 'R2', 'R3', 'R12', 'R10', 'R23', 'R20', 'R13', 'R6', 'R28', 'R24', 'R8', 'R70']"
2480534.3905297928,116.84106621332239,10.361642105415559,"['D3', 'R1', 'R7', 'R6', 'R13', 'R20', 'R3', 'R12', 'R10', 'R23', 'R70', 'R28', 'R26', 'R11', 'R5', 'R17', 'R14', 'R2', 'R8', 'R24']"
2479852.1884172065,109.27449442332659,10.002048988817853,"['D3', 'R1', 'R7', 'R28', 'R6', 'R13', 'R20', 'R23', 'R12', 'R3', 'R10', 'R17', 'R14', 'R2', 'R11', 'R26', 'R5', 'R70', 'R8', 'R24']"
2480468.0941559416,116.10574707122626,10.512861604167156,"['D3', 'R7', 'R1', 'R6', 'R28', 'R13', 'R20', 'R26', 'R11', 'R2', 'R17', 'R14', 'R12', 'R3', 'R10', 'R23', 'R70', 'R5', 'R24', 'R8']"
2480207.4908070825,113.21529289133423,10.277600711041517,"['D3', 'R1', 'R7', 'R28', 'R6', 'R13', 'R20', 'R12', 'R3', 'R10', 'R23', 'R5', 'R11', 'R26', 'R17', 'R14', 'R2', 'R70', 'R8', 'R24']"
