total_cost,total_distance,total_fuel_consumed,route
2480304.6672878233,114.29311543726628,10.112741866424974,"['D2', 'R17', 'R14', 'R2', 'R11', 'R5', 'R26', 'R23', 'R12', 'R3', 'R10', 'R70', 'R20', 'R13', 'R6', 'R7', 'R1', 'R28', 'R24', 'R8']"
2480825.955225837,120.07492486509503,11.001037575110546,"['D2', 'R5', 'R26', 'R11', 'R17', 'R14', 'R2', 'R1', 'R7', 'R28', 'R6', 'R13', 'R20', 'R12', 'R3', 'R10', 'R23', 'R70', 'R24', 'R8']"
2482073.521371916,133.9121713832734,12.30518256074889,"['D2', 'R14', 'R17', 'R2', 'R11', 'R5', 'R26', 'R28', 'R7', 'R1', 'R6', 'R10', 'R3', 'R12', 'R13', 'R20', 'R70', 'R23', 'R24', 'R8']"
2480773.808190182,119.49654159474106,11.059896992234817,"['D2', 'R14', 'R17', 'R2', 'R11', 'R5', 'R26', 'R12', 'R3', 'R10', 'R7', 'R1', 'R28', 'R6', 'R13', 'R20', 'R23', 'R70', 'R24', 'R8']"
2480421.1314372867,115.58486509857019,10.518877855295784,"['D2', 'R11', 'R5', 'R26', 'R14', 'R17', 'R2', 'R1', 'R7', 'R28', 'R6', 'R13', 'R20', 'R12', 'R3', 'R10', 'R23', 'R70', 'R8', 'R24']"
