total_cost,total_distance,total_fuel_consumed,route
2482490.6347167655,138.5385394494824,12.926316092816677,"['D2', 'R14', 'R17', 'R2', 'R5', 'R26', 'R11', 'R3', 'R12', 'R10', 'R1', 'R7', 'R6', 'R28', 'R13', 'R23', 'R20', 'R24', 'R70', 'R8']"
2482568.790758139,139.405398825853,12.96361167939044,"['D2', 'R14', 'R17', 'R2', 'R10', 'R3', 'R12', 'R26', 'R11', 'R5', 'R1', 'R7', 'R28', 'R6', 'R13', 'R23', 'R20', 'R24', 'R70', 'R8']"
2481303.8888606993,125.37587467501959,11.523831875808776,"['D2', 'R14', 'R17', 'R2', 'R5', 'R26', 'R11', 'R1', 'R7', 'R28', 'R3', 'R10', 'R12', 'R23', 'R6', 'R13', 'R20', 'R70', 'R8', 'R24']"
2482350.7722291443,136.98726962227408,11.87445201212131,"['D2', 'R8', 'R6', 'R1', 'R7', 'R5', 'R26', 'R17', 'R14', 'R2', 'R11', 'R3', 'R10', 'R12', 'R23', 'R20', 'R13', 'R28', 'R70', 'R24']"
2482360.19269611,137.09175572437496,12.64297079159947,"['D2', 'R5', 'R26', 'R11', 'R2', 'R14', 'R17', 'R1', 'R7', 'R23', 'R10', 'R12', 'R3', 'R6', 'R28', 'R13', 'R20', 'R24', 'R70', 'R8']"
