total_cost,total_distance,total_fuel_consumed,route
2480596.882165906,117.53418551360161,10.764395612098548,"['D2', 'R11', 'R17', 'R14', 'R2', 'R26', 'R5', 'R3', 'R10', 'R12', 'R1', 'R7', 'R6', 'R28', 'R13', 'R20', 'R23', 'R70', 'R8', 'R24']"
2482304.3323172596,136.47218630501243,12.605940428407896,"['D2', 'R2', 'R14', 'R17', 'R11', 'R26', 'R5', 'R7', 'R1', 'R13', 'R6', 'R20', 'R10', 'R3', 'R12', 'R23', 'R28', 'R70', 'R24', 'R8']"
2480243.4307727483,113.61391717778807,10.455104473117812,"['D2', 'R14', 'R17', 'R2', 'R26', 'R5', 'R11', 'R12', 'R3', 'R10', 'R1', 'R7', 'R6', 'R13', 'R20', 'R23', 'R70', 'R28', 'R24', 'R8']"
2480370.359557855,115.02173422642946,10.53269762606896,"['D2', 'R17', 'R2', 'R14', 'R11', 'R26', 'R5', 'R7', 'R1', 'R28', 'R13', 'R6', 'R20', 'R23', 'R3', 'R12', 'R10', 'R70', 'R24', 'R8']"
2480759.9985719677,119.34337369085893,10.86068234659133,"['D2', 'R26', 'R11', 'R14', 'R17', 'R2', 'R5', 'R28', 'R7', 'R1', 'R6', 'R20', 'R13', 'R10', 'R3', 'R12', 'R70', 'R23', 'R24', 'R8']"
