total_cost,total_distance,total_fuel_consumed,route
2483166.3883116352,146.03358819471285,13.411049261294888,"['D2', 'R5', 'R11', 'R26', 'R14', 'R17', 'R2', 'R12', 'R3', 'R1', 'R28', 'R10', 'R7', 'R13', 'R6', 'R23', 'R20', 'R70', 'R24', 'R8']"
2481040.5942123444,122.45557023452251,11.322416560831039,"['D2', 'R26', 'R5', 'R11', 'R14', 'R17', 'R2', 'R12', 'R3', 'R1', 'R7', 'R6', 'R28', 'R13', 'R20', 'R10', 'R23', 'R70', 'R24', 'R8']"
2482977.6350454576,143.94005152459815,13.281529546877316,"['D2', 'R2', 'R17', 'R14', 'R5', 'R11', 'R26', 'R1', 'R10', 'R3', 'R12', 'R6', 'R7', 'R13', 'R28', 'R23', 'R20', 'R70', 'R24', 'R8']"
2484777.2851612507,163.9006783634704,14.78434527217717,"['D2', 'R6', 'R1', 'R26', 'R17', 'R14', 'R2', 'R12', 'R3', 'R5', 'R11', 'R28', 'R7', 'R13', 'R10', 'R23', 'R20', 'R24', 'R70', 'R8']"
2483487.4271082184,149.59435568121464,13.889942722423772,"['D2', 'R26', 'R14', 'R17', 'R2', 'R11', 'R5', 'R3', 'R12', 'R10', 'R7', 'R13', 'R6', 'R1', 'R28', 'R20', 'R23', 'R24', 'R70', 'R8']"
