total_cost,total_distance,total_fuel_consumed,route
262848.1172227402,31.589587652398166,4.02335730977212,"['W2', 'D2', 'D3']"
262848.1172227402,31.589587652398166,4.02335730977212,"['W2', 'D2', 'D3']"
262848.1172227402,31.589587652398166,4.02335730977212,"['W2', 'D2', 'D3']"
262848.1172227402,31.589587652398166,4.02335730977212,"['W2', 'D2', 'D3']"
262848.1172227402,31.589587652398166,4.02335730977212,"['W2', 'D2', 'D3']"
