total_cost,total_distance,total_fuel_consumed,route
2480119.3676903956,112.23788476482116,10.458409062699896,"['D1', 'R13', 'R6', 'R7', 'R1', 'R5', 'R26', 'R14', 'R17', 'R2', 'R11', 'R3', 'R12', 'R10', 'R23', 'R20', 'R28', 'R24', 'R8', 'R70']"
2479958.456891158,110.45315983982593,10.252595061565739,"['D1', 'R13', 'R20', 'R6', 'R7', 'R1', 'R5', 'R26', 'R11', 'R17', 'R14', 'R2', 'R12', 'R3', 'R10', 'R23', 'R28', 'R24', 'R8', 'R70']"
2481514.873166184,127.71598454063916,11.766421957036387,"['D1', 'R20', 'R13', 'R7', 'R1', 'R3', 'R12', 'R10', 'R5', 'R11', 'R2', 'R17', 'R14', 'R26', 'R6', 'R28', 'R70', 'R23', 'R24', 'R8']"
2480878.271255814,120.65518251790647,11.050216763345006,"['D1', 'R20', 'R13', 'R6', 'R11', 'R26', 'R17', 'R14', 'R2', 'R5', 'R1', 'R7', 'R12', 'R3', 'R10', 'R23', 'R28', 'R24', 'R8', 'R70']"
2480417.563962091,115.54529682887745,10.69471435498493,"['D1', 'R20', 'R13', 'R6', 'R28', 'R5', 'R26', 'R11', 'R2', 'R17', 'R14', 'R10', 'R12', 'R3', 'R1', 'R7', 'R23', 'R70', 'R24', 'R8']"
