total_cost,total_distance,total_fuel_consumed,route
2483264.897934208,147.1261971407304,13.567540803249141,"['D1', 'R13', 'R7', 'R6', 'R3', 'R12', 'R10', 'R2', 'R17', 'R14', 'R11', 'R26', 'R5', 'R1', 'R28', 'R24', 'R23', 'R20', 'R8', 'R70']"
2482333.171640958,136.79205458028585,12.30141324966319,"['D1', 'R28', 'R1', 'R23', 'R6', 'R13', 'R7', 'R2', 'R17', 'R14', 'R11', 'R26', 'R5', 'R3', 'R10', 'R12', 'R70', 'R20', 'R8', 'R24']"
2482918.9113832135,143.28872430361008,13.31463693909523,"['D1', 'R6', 'R20', 'R13', 'R28', 'R1', 'R26', 'R5', 'R11', 'R14', 'R17', 'R2', 'R12', 'R3', 'R10', 'R7', 'R23', 'R8', 'R70', 'R24']"
2482766.5851953276,141.5992146775496,13.11846420353665,"['D1', 'R28', 'R7', 'R6', 'R23', 'R10', 'R3', 'R12', 'R17', 'R14', 'R2', 'R11', 'R26', 'R5', 'R1', 'R13', 'R20', 'R8', 'R70', 'R24']"
2481015.8735267916,122.18138339387359,11.190890758062887,"['D1', 'R13', 'R1', 'R6', 'R28', 'R7', 'R26', 'R5', 'R11', 'R17', 'R14', 'R2', 'R12', 'R3', 'R10', 'R70', 'R20', 'R23', 'R24', 'R8']"
