total_cost,total_distance,total_fuel_consumed,route
2480537.5226869737,116.87580619980147,10.754821387452084,"['D1', 'R13', 'R6', 'R20', 'R7', 'R1', 'R10', 'R3', 'R12', 'R2', 'R14', 'R17', 'R11', 'R5', 'R26', 'R28', 'R23', 'R70', 'R8', 'R24']"
2481170.9221295295,123.90108839318432,11.360494485486928,"['D1', 'R13', 'R6', 'R1', 'R7', 'R28', 'R10', 'R3', 'R12', 'R2', 'R14', 'R17', 'R5', 'R26', 'R11', 'R24', 'R20', 'R23', 'R70', 'R8']"
2480763.4000141504,119.38110042314506,11.160392520667527,"['D1', 'R13', 'R6', 'R7', 'R1', 'R11', 'R5', 'R26', 'R17', 'R14', 'R2', 'R3', 'R12', 'R10', 'R23', 'R28', 'R20', 'R70', 'R8', 'R24']"
2479471.0903839683,105.04758633505571,9.658931972916223,"['D1', 'R13', 'R20', 'R6', 'R28', 'R7', 'R1', 'R14', 'R17', 'R2', 'R11', 'R5', 'R26', 'R12', 'R3', 'R10', 'R23', 'R70', 'R8', 'R24']"
2480826.361842722,120.0794348127985,10.906522383653707,"['D1', 'R13', 'R6', 'R1', 'R7', 'R28', 'R10', 'R3', 'R12', 'R2', 'R14', 'R17', 'R11', 'R26', 'R5', 'R8', 'R70', 'R23', 'R20', 'R24']"
