total_cost,total_distance,total_fuel_consumed,route
2482634.669033004,140.1360806677405,12.80912374851952,"['D1', 'R6', 'R28', 'R13', 'R23', 'R10', 'R12', 'R3', 'R1', 'R7', 'R14', 'R17', 'R2', 'R26', 'R11', 'R5', 'R70', 'R8', 'R20', 'R24']"
2480353.601360074,114.83586246754946,10.523097756971373,"['D1', 'R6', 'R20', 'R13', 'R28', 'R7', 'R1', 'R5', 'R17', 'R14', 'R2', 'R11', 'R26', 'R10', 'R3', 'R12', 'R70', 'R23', 'R8', 'R24']"
2480834.7878025887,120.17289044574682,10.816332240061985,"['D1', 'R13', 'R5', 'R11', 'R14', 'R17', 'R2', 'R26', 'R6', 'R1', 'R7', 'R28', 'R12', 'R3', 'R10', 'R70', 'R23', 'R20', 'R24', 'R8']"
2482549.0804241304,139.18678376364758,12.94957596446389,"['D1', 'R13', 'R28', 'R1', 'R7', 'R3', 'R12', 'R10', 'R17', 'R14', 'R2', 'R26', 'R5', 'R11', 'R6', 'R20', 'R23', 'R8', 'R24', 'R70']"
2480771.170633783,119.46728741995973,10.889961148404245,"['D1', 'R20', 'R23', 'R10', 'R12', 'R3', 'R6', 'R13', 'R28', 'R1', 'R7', 'R5', 'R2', 'R17', 'R14', 'R26', 'R11', 'R70', 'R24', 'R8']"
