total_cost,total_distance,total_fuel_consumed,route
2483025.5537793925,144.47153703851112,13.275248202463413,"['D1', 'R6', 'R13', 'R20', 'R3', 'R12', 'R10', 'R5', 'R11', 'R17', 'R14', 'R2', 'R26', 'R1', 'R7', 'R28', 'R8', 'R23', 'R70', 'R24']"
2481072.8558373037,122.81339659831099,11.205084982210398,"['D1', 'R6', 'R13', 'R20', 'R23', 'R3', 'R12', 'R10', 'R1', 'R28', 'R7', 'R5', 'R11', 'R14', 'R17', 'R2', 'R26', 'R8', 'R24', 'R70']"
2481305.7428011005,125.3964374567533,11.575254656640547,"['D1', 'R6', 'R13', 'R20', 'R7', 'R1', 'R11', 'R5', 'R26', 'R14', 'R17', 'R2', 'R3', 'R10', 'R12', 'R28', 'R23', 'R70', 'R24', 'R8']"
2480782.512938803,119.59308938335144,11.042172966025799,"['D1', 'R13', 'R6', 'R7', 'R1', 'R3', 'R12', 'R11', 'R17', 'R14', 'R2', 'R26', 'R5', 'R28', 'R23', 'R10', 'R70', 'R20', 'R24', 'R8']"
2482430.0183406225,137.86621939465795,12.507826323198604,"['D1', 'R28', 'R7', 'R11', 'R26', 'R5', 'R12', 'R3', 'R10', 'R1', 'R6', 'R13', 'R23', 'R20', 'R2', 'R14', 'R17', 'R70', 'R24', 'R8']"
