total_cost,total_distance,total_fuel_consumed,route
2481311.92451275,125.46500125055805,11.418955970193538,"['D1', 'R6', 'R13', 'R20', 'R1', 'R7', 'R28', 'R12', 'R3', 'R2', 'R14', 'R17', 'R26', 'R11', 'R5', 'R10', 'R70', 'R23', 'R8', 'R24']"
2481396.8955214573,126.40744810844507,11.335971524870036,"['D1', 'R7', 'R13', 'R20', 'R23', 'R3', 'R12', 'R10', 'R26', 'R11', 'R5', 'R14', 'R17', 'R2', 'R1', 'R6', 'R28', 'R24', 'R8', 'R70']"
2480066.8927463586,111.65586453370246,10.076436155217397,"['D1', 'R7', 'R28', 'R6', 'R13', 'R1', 'R11', 'R5', 'R26', 'R17', 'R14', 'R2', 'R3', 'R12', 'R10', 'R70', 'R23', 'R20', 'R24', 'R8']"
2482983.8859569184,144.00938284071262,13.463747062504662,"['D1', 'R13', 'R20', 'R10', 'R3', 'R12', 'R2', 'R14', 'R17', 'R11', 'R5', 'R26', 'R7', 'R1', 'R6', 'R28', 'R23', 'R8', 'R70', 'R24']"
2480370.579529641,115.0241740199795,10.51985153006333,"['D1', 'R13', 'R6', 'R20', 'R1', 'R7', 'R28', 'R5', 'R26', 'R14', 'R17', 'R2', 'R11', 'R12', 'R3', 'R10', 'R70', 'R23', 'R8', 'R24']"
