total_cost,total_distance,total_fuel_consumed,route
2480359.55565965,114.9019039446581,10.721220246205565,"['D1', 'R13', 'R6', 'R28', 'R7', 'R1', 'R5', 'R26', 'R11', 'R2', 'R14', 'R17', 'R10', 'R3', 'R12', 'R23', 'R20', 'R70', 'R8', 'R24']"
2480396.9450681703,115.31660457154402,10.626376634732798,"['D1', 'R13', 'R6', 'R7', 'R1', 'R28', 'R26', 'R14', 'R17', 'R2', 'R11', 'R5', 'R3', 'R12', 'R10', 'R23', 'R70', 'R20', 'R24', 'R8']"
2481221.268722761,124.45950224890267,11.356782677508772,"['D1', 'R13', 'R6', 'R7', 'R1', 'R28', 'R20', 'R23', 'R12', 'R3', 'R10', 'R5', 'R11', 'R17', 'R14', 'R2', 'R26', 'R8', 'R24', 'R70']"
2481253.1344939526,124.81293804295689,11.71148473386203,"['D1', 'R13', 'R6', 'R7', 'R1', 'R5', 'R11', 'R17', 'R14', 'R2', 'R26', 'R3', 'R12', 'R10', 'R23', 'R20', 'R28', 'R24', 'R70', 'R8']"
2480725.8070990127,118.96414262436556,11.11931416995839,"['D1', 'R13', 'R6', 'R7', 'R1', 'R5', 'R26', 'R11', 'R2', 'R17', 'R14', 'R3', 'R12', 'R10', 'R23', 'R28', 'R20', 'R24', 'R8', 'R70']"
