total_cost,total_distance,total_fuel_consumed,route
2482607.2343296595,139.8317915889474,12.871923227896062,"['D1', 'R20', 'R13', 'R1', 'R17', 'R14', 'R2', 'R11', 'R5', 'R28', 'R6', 'R23', 'R10', 'R12', 'R3', 'R7', 'R26', 'R24', 'R70', 'R8']"
2480324.843484813,114.5168975689077,10.523216672146523,"['D1', 'R20', 'R13', 'R6', 'R28', 'R7', 'R12', 'R3', 'R10', 'R14', 'R17', 'R2', 'R5', 'R11', 'R26', 'R1', 'R23', 'R70', 'R8', 'R24']"
2480096.515646628,111.98442376472849,10.131866665217967,"['D1', 'R20', 'R13', 'R28', 'R7', 'R5', 'R17', 'R14', 'R2', 'R26', 'R11', 'R1', 'R12', 'R3', 'R70', 'R23', 'R10', 'R6', 'R24', 'R8']"
2481452.2673066207,127.02159834317644,11.813759792288522,"['D1', 'R6', 'R13', 'R28', 'R7', 'R1', 'R3', 'R12', 'R14', 'R17', 'R2', 'R11', 'R26', 'R5', 'R10', 'R23', 'R20', 'R70', 'R24', 'R8']"
2480265.036873368,113.85355893265333,10.202147760487682,"['D1', 'R20', 'R13', 'R12', 'R3', 'R10', 'R1', 'R11', 'R26', 'R5', 'R17', 'R14', 'R2', 'R70', 'R23', 'R6', 'R28', 'R7', 'R24', 'R8']"
