total_cost,total_distance,total_fuel_consumed,route
2217623.939587239,84.56011077239812,7.410851741210173,"['D5', 'R32', 'R4', 'R22', 'R36', 'R27', 'R38', 'R30', 'R35', 'R21', 'R16', 'R18', 'R31', 'R15', 'R37', 'R33', 'R9', 'R34']"
2217774.2566266293,86.22733614273997,7.448829135111049,"['D5', 'R15', 'R4', 'R22', 'R36', 'R27', 'R32', 'R35', 'R30', 'R38', 'R16', 'R31', 'R18', 'R9', 'R37', 'R33', 'R21', 'R34']"
2216059.538565629,67.20872410857731,5.957504813583741,"['D5', 'R22', 'R36', 'R27', 'R38', 'R35', 'R30', 'R4', 'R15', 'R32', 'R31', 'R18', 'R16', 'R21', 'R37', 'R33', 'R9', 'R34']"
2217893.56197428,87.55059864995489,7.5278606833557795,"['D5', 'R16', 'R18', 'R31', 'R15', 'R21', 'R9', 'R37', 'R33', 'R22', 'R30', 'R36', 'R27', 'R4', 'R38', 'R32', 'R35', 'R34']"
2216684.1895043235,74.13697320678361,6.542148740526679,"['D5', 'R4', 'R27', 'R36', 'R30', 'R22', 'R38', 'R35', 'R32', 'R15', 'R16', 'R21', 'R18', 'R31', 'R33', 'R37', 'R9', 'R34']"
