total_cost,total_distance,total_fuel_consumed,route
2216174.268124453,68.48123474327056,5.990524610408248,"['D5', 'R22', 'R36', 'R27', 'R4', 'R32', 'R15', 'R21', 'R16', 'R18', 'R31', 'R9', 'R37', 'R33', 'R30', 'R35', 'R38', 'R34']"
2216970.410353869,77.31156115649316,6.788786812057685,"['D5', 'R15', 'R32', 'R4', 'R36', 'R27', 'R22', 'R35', 'R38', 'R30', 'R16', 'R21', 'R18', 'R31', 'R9', 'R33', 'R37', 'R34']"
2215794.3981233225,64.26794724182187,5.682817916221506,"['D5', 'R27', 'R36', 'R4', 'R22', 'R38', 'R35', 'R30', 'R32', 'R15', 'R31', 'R18', 'R16', 'R21', 'R9', 'R33', 'R37', 'R34']"
2216476.633144314,71.83488403187727,6.363616792340817,"['D5', 'R22', 'R27', 'R36', 'R35', 'R38', 'R30', 'R4', 'R32', 'R15', 'R16', 'R18', 'R21', 'R31', 'R33', 'R37', 'R9', 'R34']"
2216148.928297912,68.20018076654803,6.030118890588389,"['D5', 'R22', 'R27', 'R36', 'R30', 'R35', 'R38', 'R4', 'R15', 'R32', 'R16', 'R18', 'R21', 'R37', 'R33', 'R9', 'R31', 'R34']"
