total_cost,total_distance,total_fuel_consumed,route
2218218.913446082,91.15919971253109,8.048448522729768,"['D5', 'R31', 'R18', 'R37', 'R33', 'R16', 'R21', 'R15', 'R4', 'R27', 'R36', 'R22', 'R35', 'R38', 'R30', 'R32', 'R9', 'R34']"
2215749.92637563,63.77469360725221,5.425659179793307,"['D5', 'R31', 'R21', 'R16', 'R18', 'R9', 'R37', 'R33', 'R15', 'R32', 'R4', 'R36', 'R38', 'R22', 'R27', 'R30', 'R35', 'R34']"
2217029.569298689,77.96771626761901,6.816027566888364,"['D5', 'R35', 'R30', 'R27', 'R36', 'R4', 'R22', 'R38', 'R15', 'R32', 'R31', 'R16', 'R18', 'R9', 'R21', 'R37', 'R33', 'R34']"
2216884.6186852977,76.36001203746359,6.650701358963568,"['D5', 'R22', 'R32', 'R4', 'R27', 'R36', 'R35', 'R38', 'R30', 'R31', 'R16', 'R18', 'R9', 'R33', 'R37', 'R21', 'R15', 'R34']"
2216023.395759934,66.80785004363193,5.950088220769567,"['D5', 'R4', 'R27', 'R36', 'R30', 'R35', 'R38', 'R22', 'R32', 'R31', 'R16', 'R18', 'R21', 'R9', 'R33', 'R37', 'R15', 'R34']"
