total_cost,total_distance,total_fuel_consumed,route
2216482.726583392,71.90246875988967,6.3654847386786955,"['D5', 'R4', 'R36', 'R27', 'R38', 'R35', 'R30', 'R22', 'R15', 'R32', 'R18', 'R21', 'R16', 'R31', 'R9', 'R33', 'R37', 'R34']"
2216148.0894215726,68.19087645932277,5.9054190867004595,"['D5', 'R4', 'R32', 'R15', 'R31', 'R18', 'R16', 'R21', 'R9', 'R33', 'R37', 'R35', 'R38', 'R36', 'R27', 'R30', 'R22', 'R34']"
2215601.1985515375,62.12509484846714,5.361187596114039,"['D5', 'R4', 'R32', 'R15', 'R18', 'R16', 'R21', 'R9', 'R37', 'R33', 'R31', 'R36', 'R27', 'R22', 'R38', 'R35', 'R30', 'R34']"
2215625.0304116677,62.38942337697374,5.378119468424043,"['D5', 'R4', 'R32', 'R15', 'R31', 'R16', 'R18', 'R21', 'R9', 'R37', 'R33', 'R27', 'R36', 'R22', 'R30', 'R35', 'R38', 'R34']"
2215946.07102327,65.95021099456399,5.764721991048401,"['D5', 'R27', 'R36', 'R4', 'R32', 'R15', 'R31', 'R18', 'R16', 'R21', 'R9', 'R33', 'R37', 'R35', 'R30', 'R38', 'R22', 'R34']"
