total_cost,total_distance,total_fuel_consumed,route
2216421.893402025,71.22774403311288,6.252399534795181,"['D5', 'R36', 'R27', 'R32', 'R4', 'R22', 'R38', 'R35', 'R30', 'R15', 'R31', 'R16', 'R18', 'R21', 'R33', 'R37', 'R9', 'R34']"
2216713.079127493,74.45739937326212,6.545517957322225,"['D5', 'R32', 'R36', 'R27', 'R22', 'R38', 'R30', 'R35', 'R4', 'R15', 'R16', 'R18', 'R21', 'R31', 'R9', 'R37', 'R33', 'R34']"
2216375.693760789,70.71532565205038,6.220979426180785,"['D5', 'R38', 'R27', 'R36', 'R30', 'R35', 'R22', 'R4', 'R32', 'R15', 'R16', 'R18', 'R31', 'R21', 'R33', 'R37', 'R9', 'R34']"
2217163.1494308608,79.44930602108386,6.990189952358089,"['D5', 'R38', 'R35', 'R22', 'R27', 'R36', 'R4', 'R15', 'R32', 'R16', 'R18', 'R21', 'R31', 'R37', 'R33', 'R9', 'R30', 'R34']"
2216374.7913105227,70.7053162214177,5.746534752373418,"['D5', 'R4', 'R27', 'R36', 'R22', 'R38', 'R35', 'R34', 'R30', 'R15', 'R32', 'R31', 'R16', 'R18', 'R21', 'R33', 'R37', 'R9']"
