total_cost,total_distance,total_fuel_consumed,route
2480409.1436386514,115.45190371175215,10.355609292322585,"['D2', 'R14', 'R17', 'R2', 'R1', 'R28', 'R7', 'R11', 'R26', 'R5', 'R3', 'R10', 'R12', 'R70', 'R23', 'R6', 'R13', 'R20', 'R24', 'R8']"
2483124.9531711475,145.57401476428203,13.477932627972677,"['D2', 'R17', 'R14', 'R2', 'R5', 'R26', 'R11', 'R1', 'R3', 'R10', 'R12', 'R28', 'R7', 'R6', 'R20', 'R13', 'R23', 'R8', 'R24', 'R70']"
2483298.9698776244,147.50410245812466,13.27781408400066,"['D2', 'R28', 'R7', 'R17', 'R14', 'R2', 'R5', 'R11', 'R26', 'R12', 'R3', 'R10', 'R1', 'R13', 'R6', 'R20', 'R24', 'R23', 'R70', 'R8']"
2480966.269710617,121.63120797046506,11.241019233149325,"['D2', 'R17', 'R14', 'R2', 'R5', 'R26', 'R11', 'R12', 'R3', 'R10', 'R7', 'R1', 'R28', 'R13', 'R6', 'R20', 'R23', 'R70', 'R24', 'R8']"
2481231.3368128063,124.57117139315217,11.532308936254461,"['D2', 'R14', 'R17', 'R2', 'R11', 'R5', 'R26', 'R12', 'R3', 'R10', 'R7', 'R1', 'R6', 'R13', 'R28', 'R20', 'R23', 'R70', 'R24', 'R8']"
