total_cost,total_distance,total_fuel_consumed,route
2482045.770159951,133.60437178295962,12.216404498016406,"['D2', 'R11', 'R14', 'R17', 'R2', 'R10', 'R12', 'R3', 'R23', 'R20', 'R6', 'R7', 'R1', 'R5', 'R26', 'R13', 'R28', 'R70', 'R8', 'R24']"
2481828.658646394,131.196302644127,11.985331885610744,"['D2', 'R5', 'R11', 'R26', 'R2', 'R14', 'R17', 'R1', 'R7', 'R13', 'R6', 'R28', 'R10', 'R3', 'R12', 'R23', 'R20', 'R70', 'R8', 'R24']"
2482206.42826194,135.38629394343997,12.444962185162893,"['D2', 'R14', 'R17', 'R2', 'R11', 'R3', 'R12', 'R10', 'R5', 'R26', 'R7', 'R1', 'R13', 'R6', 'R28', 'R20', 'R70', 'R23', 'R24', 'R8']"
2482781.6558827697,141.7663695959439,13.009162725430556,"['D2', 'R26', 'R11', 'R17', 'R14', 'R2', 'R10', 'R3', 'R12', 'R7', 'R6', 'R1', 'R5', 'R13', 'R28', 'R20', 'R70', 'R23', 'R24', 'R8']"
2481470.445817623,127.22322335429297,11.412127495924397,"['D2', 'R11', 'R14', 'R17', 'R2', 'R3', 'R12', 'R10', 'R70', 'R26', 'R5', 'R6', 'R7', 'R1', 'R23', 'R13', 'R28', 'R20', 'R24', 'R8']"
