total_cost,total_distance,total_fuel_consumed,route
2480996.992173246,121.97196287984178,11.181632679905029,"['D2', 'R5', 'R26', 'R17', 'R14', 'R2', 'R11', 'R7', 'R1', 'R3', 'R12', 'R10', 'R23', 'R20', 'R6', 'R28', 'R13', 'R24', 'R8', 'R70']"
2482375.337647812,137.25973433686414,11.995308790755125,"['D2', 'R8', 'R26', 'R14', 'R17', 'R2', 'R1', 'R7', 'R6', 'R11', 'R3', 'R12', 'R10', 'R23', 'R20', 'R13', 'R28', 'R5', 'R24', 'R70']"
2480802.588274913,119.81575282734136,10.769700128588626,"['D2', 'R5', 'R11', 'R1', 'R7', 'R28', 'R6', 'R20', 'R13', 'R23', 'R10', 'R3', 'R12', 'R14', 'R17', 'R2', 'R26', 'R70', 'R8', 'R24']"
2483389.3402248765,148.50643550218052,13.716478050118393,"['D2', 'R10', 'R3', 'R12', 'R2', 'R14', 'R17', 'R5', 'R26', 'R11', 'R1', 'R7', 'R28', 'R6', 'R20', 'R13', 'R24', 'R23', 'R8', 'R70']"
2481581.658561304,128.45672760985278,11.240448787495815,"['D2', 'R8', 'R26', 'R11', 'R14', 'R17', 'R2', 'R5', 'R12', 'R3', 'R10', 'R23', 'R7', 'R28', 'R1', 'R6', 'R20', 'R13', 'R24', 'R70']"
