total_cost,total_distance,total_fuel_consumed,route
2480373.3441430125,115.05483743359409,10.5333777782895,"['D2', 'R14', 'R17', 'R2', 'R11', 'R26', 'R5', 'R28', 'R1', 'R7', 'R6', 'R13', 'R20', 'R10', 'R3', 'R12', 'R23', 'R70', 'R8', 'R24']"
2481973.183881771,132.79928883951712,12.114419750151345,"['D2', 'R10', 'R3', 'R12', 'R17', 'R14', 'R2', 'R26', 'R11', 'R5', 'R7', 'R1', 'R28', 'R6', 'R23', 'R13', 'R20', 'R24', 'R8', 'R70']"
2480586.8033441943,117.42239734022675,10.790749131137636,"['D2', 'R14', 'R17', 'R2', 'R26', 'R11', 'R5', 'R7', 'R1', 'R10', 'R12', 'R3', 'R28', 'R6', 'R13', 'R20', 'R23', 'R70', 'R8', 'R24']"
2480825.696747043,120.07205797519023,10.898536896336084,"['D2', 'R17', 'R14', 'R2', 'R26', 'R11', 'R5', 'R1', 'R7', 'R6', 'R28', 'R23', 'R12', 'R3', 'R10', 'R70', 'R13', 'R20', 'R24', 'R8']"
2481681.3315139487,129.56223950697753,11.880063389470374,"['D2', 'R17', 'R14', 'R2', 'R11', 'R26', 'R5', 'R7', 'R1', 'R10', 'R3', 'R12', 'R23', 'R70', 'R6', 'R13', 'R28', 'R20', 'R8', 'R24']"
