Cluster,Warehouse Cost,Distribution Cost,Outlet Cost,Total Cost
Cluster1,132461.29015916033,261938.43373421498,2478751.025429692,2873150.7493230673
Cluster2,0.0,inf,inf,inf
