total_cost,total_distance,total_fuel_consumed,route
2479088.6061268793,100.80530309316978,9.14543416893698,"['D1', 'R20', 'R13', 'R7', 'R1', 'R11', 'R5', 'R26', 'R17', 'R14', 'R2', 'R10', 'R3', 'R12', 'R70', 'R23', 'R6', 'R28', 'R24', 'R8']"
2482540.23475548,139.08867297559866,12.832407521926442,"['D1', 'R20', 'R13', 'R1', 'R7', 'R3', 'R12', 'R10', 'R11', 'R5', 'R26', 'R17', 'R14', 'R2', 'R6', 'R28', 'R24', 'R70', 'R23', 'R8']"
2482804.313329642,142.01767224536502,13.264988205341911,"['D1', 'R20', 'R7', 'R1', 'R11', 'R5', 'R26', 'R14', 'R17', 'R2', 'R3', 'R12', 'R10', 'R6', 'R13', 'R28', 'R23', 'R24', 'R70', 'R8']"
2480368.2409285237,114.99823567573318,10.430622305507423,"['D1', 'R6', 'R13', 'R1', 'R7', 'R5', 'R26', 'R17', 'R14', 'R2', 'R12', 'R3', 'R10', 'R11', 'R70', 'R23', 'R20', 'R28', 'R24', 'R8']"
2481272.4929854623,125.02765068171107,11.596922107044064,"['D1', 'R6', 'R7', 'R1', 'R14', 'R17', 'R2', 'R11', 'R5', 'R26', 'R3', 'R12', 'R10', 'R23', 'R13', 'R28', 'R20', 'R70', 'R8', 'R24']"
