total_cost,total_distance,total_fuel_consumed,route
2479272.05014886,102.83995284893625,9.45193018061343,"['D1', 'R13', 'R20', 'R6', 'R1', 'R7', 'R28', 'R5', 'R26', 'R11', 'R14', 'R17', 'R2', 'R12', 'R3', 'R10', 'R23', 'R70', 'R8', 'R24']"
2481325.9531094264,125.62059793064287,11.780974106901876,"['D1', 'R13', 'R6', 'R7', 'R1', 'R11', 'R26', 'R5', 'R17', 'R14', 'R2', 'R10', 'R12', 'R3', 'R23', 'R20', 'R28', 'R24', 'R70', 'R8']"
2480419.4906005925,115.5666659338124,10.720126932323177,"['D1', 'R13', 'R6', 'R7', 'R1', 'R28', 'R26', 'R5', 'R11', 'R17', 'R14', 'R2', 'R3', 'R12', 'R10', 'R23', 'R20', 'R70', 'R8', 'R24']"
2480143.147759481,112.50163885848744,10.49109943883717,"['D1', 'R13', 'R6', 'R28', 'R7', 'R1', 'R5', 'R11', 'R26', 'R2', 'R14', 'R17', 'R12', 'R3', 'R10', 'R23', 'R20', 'R70', 'R8', 'R24']"
2480344.2509935223,114.73215387669192,10.553150585224488,"['D1', 'R13', 'R20', 'R6', 'R7', 'R1', 'R26', 'R11', 'R5', 'R14', 'R17', 'R2', 'R3', 'R12', 'R10', 'R23', 'R70', 'R8', 'R28', 'R24']"
