total_cost,total_distance,total_fuel_consumed,route
2480665.7882451075,118.29844992355615,10.71524071797518,"['D1', 'R20', 'R13', 'R1', 'R7', 'R6', 'R14', 'R17', 'R2', 'R11', 'R26', 'R5', 'R28', 'R12', 'R3', 'R10', 'R23', 'R70', 'R8', 'R24']"
2480849.6117742653,120.33730894260549,11.03517987175983,"['D1', 'R13', 'R20', 'R11', 'R26', 'R5', 'R17', 'R14', 'R2', 'R12', 'R3', 'R10', 'R1', 'R7', 'R28', 'R6', 'R23', 'R70', 'R24', 'R8']"
2480338.951756278,114.67337795339995,10.565784027585103,"['D1', 'R13', 'R20', 'R23', 'R10', 'R12', 'R3', 'R17', 'R14', 'R2', 'R11', 'R26', 'R5', 'R7', 'R28', 'R1', 'R6', 'R24', 'R8', 'R70']"
2480377.167485206,115.09724362473258,10.684876260372256,"['D1', 'R13', 'R28', 'R7', 'R1', 'R26', 'R5', 'R11', 'R2', 'R17', 'R14', 'R12', 'R3', 'R10', 'R23', 'R6', 'R20', 'R24', 'R8', 'R70']"
2481099.0922629735,123.10439510840419,11.254251195998219,"['D1', 'R13', 'R20', 'R1', 'R7', 'R6', 'R28', 'R3', 'R12', 'R14', 'R17', 'R2', 'R11', 'R5', 'R26', 'R10', 'R23', 'R70', 'R24', 'R8']"
