total_cost,total_distance,total_fuel_consumed,route
2482330.6380820656,136.7639538827182,12.590903330692502,"['D1', 'R6', 'R13', 'R20', 'R7', 'R26', 'R14', 'R17', 'R2', 'R11', 'R5', 'R1', 'R3', 'R12', 'R23', 'R10', 'R28', 'R24', 'R70', 'R8']"
2481702.1260395804,129.79287976465167,11.72908936114348,"['D1', 'R1', 'R7', 'R28', 'R13', 'R20', 'R6', 'R11', 'R12', 'R3', 'R2', 'R17', 'R14', 'R26', 'R5', 'R10', 'R70', 'R23', 'R8', 'R24']"
2482825.9417057317,142.25756106623567,13.16476631169779,"['D1', 'R20', 'R28', 'R7', 'R1', 'R14', 'R17', 'R2', 'R5', 'R11', 'R26', 'R12', 'R3', 'R10', 'R6', 'R13', 'R23', 'R8', 'R24', 'R70']"
2482689.5317252157,140.7445843524384,12.940292304382098,"['D1', 'R6', 'R13', 'R20', 'R7', 'R11', 'R2', 'R14', 'R17', 'R26', 'R5', 'R1', 'R28', 'R10', 'R12', 'R3', 'R23', 'R8', 'R24', 'R70']"
2481136.5411113957,123.51975500661321,11.215199650017619,"['D1', 'R6', 'R13', 'R20', 'R5', 'R11', 'R17', 'R14', 'R2', 'R26', 'R1', 'R7', 'R28', 'R3', 'R12', 'R10', 'R70', 'R23', 'R8', 'R24']"
