total_cost,total_distance,total_fuel_consumed,route
2480300.259717081,114.2442293376381,10.434649407080888,"['D1', 'R13', 'R28', 'R6', 'R20', 'R1', 'R7', 'R26', 'R5', 'R11', 'R14', 'R17', 'R2', 'R12', 'R3', 'R10', 'R23', 'R70', 'R24', 'R8']"
2480594.806352371,117.51116184972526,10.880318806832118,"['D1', 'R13', 'R6', 'R28', 'R1', 'R7', 'R14', 'R17', 'R2', 'R11', 'R26', 'R5', 'R3', 'R12', 'R10', 'R23', 'R20', 'R24', 'R8', 'R70']"
2480736.708960915,119.08505946001688,10.956305214881631,"['D1', 'R13', 'R28', 'R7', 'R1', 'R6', 'R11', 'R26', 'R5', 'R17', 'R14', 'R2', 'R12', 'R3', 'R10', 'R23', 'R20', 'R24', 'R8', 'R70']"
2479474.0016092383,105.07987587886787,9.673722622838232,"['D1', 'R20', 'R13', 'R28', 'R6', 'R7', 'R1', 'R5', 'R26', 'R11', 'R2', 'R14', 'R17', 'R3', 'R12', 'R10', 'R70', 'R23', 'R24', 'R8']"
2479657.8497956675,107.11900838140966,9.836713899044335,"['D1', 'R20', 'R13', 'R6', 'R7', 'R28', 'R1', 'R26', 'R5', 'R11', 'R17', 'R14', 'R2', 'R10', 'R3', 'R12', 'R70', 'R23', 'R24', 'R8']"
