total_cost,total_distance,total_fuel_consumed,route
2481723.534438991,130.0303287377021,11.980128119109475,"['D1', 'R13', 'R6', 'R26', 'R14', 'R17', 'R2', 'R5', 'R11', 'R7', 'R28', 'R1', 'R12', 'R3', 'R10', 'R23', 'R20', 'R70', 'R24', 'R8']"
2481657.590600643,129.29891970544324,11.884301242101344,"['D1', 'R20', 'R6', 'R13', 'R7', 'R17', 'R14', 'R2', 'R26', 'R5', 'R11', 'R1', 'R3', 'R12', 'R10', 'R28', 'R23', 'R70', 'R24', 'R8']"
2480019.412775617,111.12924551483107,10.180130651378281,"['D1', 'R20', 'R13', 'R6', 'R7', 'R28', 'R1', 'R17', 'R14', 'R2', 'R5', 'R11', 'R26', 'R12', 'R3', 'R10', 'R70', 'R23', 'R24', 'R8']"
2480268.7308953395,113.89453078237852,10.516943215361394,"['D1', 'R6', 'R13', 'R28', 'R7', 'R1', 'R11', 'R26', 'R5', 'R14', 'R17', 'R2', 'R12', 'R3', 'R10', 'R70', 'R23', 'R20', 'R8', 'R24']"
2481272.7852176535,125.03089194380637,11.612205138749333,"['D1', 'R13', 'R6', 'R7', 'R28', 'R1', 'R3', 'R10', 'R12', 'R14', 'R17', 'R2', 'R5', 'R11', 'R26', 'R20', 'R23', 'R70', 'R24', 'R8']"
