total_cost,total_distance,total_fuel_consumed,route
2481763.790913873,130.4768291245946,11.93733233443899,"['D1', 'R13', 'R12', 'R3', 'R10', 'R2', 'R17', 'R14', 'R11', 'R7', 'R1', 'R6', 'R28', 'R5', 'R26', 'R20', 'R23', 'R70', 'R8', 'R24']"
2483266.112265241,147.1396657635426,13.692388145357935,"['D1', 'R13', 'R7', 'R6', 'R28', 'R5', 'R26', 'R17', 'R14', 'R2', 'R11', 'R12', 'R3', 'R10', 'R1', 'R23', 'R20', 'R8', 'R70', 'R24']"
2481546.1568075097,128.06296370352698,11.475236361241699,"['D1', 'R13', 'R7', 'R6', 'R20', 'R3', 'R12', 'R2', 'R17', 'R14', 'R11', 'R26', 'R23', 'R10', 'R70', 'R5', 'R28', 'R1', 'R24', 'R8']"
2481198.7930674297,124.21021592091859,11.40374178976163,"['D1', 'R28', 'R13', 'R6', 'R10', 'R3', 'R12', 'R17', 'R14', 'R2', 'R5', 'R26', 'R11', 'R1', 'R7', 'R20', 'R23', 'R70', 'R24', 'R8']"
2482920.2195998793,143.3032342488835,13.032098347830477,"['D1', 'R28', 'R7', 'R13', 'R26', 'R17', 'R14', 'R2', 'R5', 'R11', 'R3', 'R12', 'R10', 'R1', 'R6', 'R23', 'R20', 'R70', 'R24', 'R8']"
