total_cost,total_distance,total_fuel_consumed,route
2480946.8176145153,121.41545712639059,11.209007367084771,"['D1', 'R13', 'R20', 'R6', 'R7', 'R23', 'R10', 'R3', 'R12', 'R2', 'R14', 'R17', 'R11', 'R5', 'R26', 'R1', 'R28', 'R70', 'R24', 'R8']"
2482183.6919216346,135.13411625592605,12.412100566113217,"['D1', 'R13', 'R7', 'R3', 'R12', 'R14', 'R17', 'R2', 'R11', 'R5', 'R1', 'R28', 'R6', 'R20', 'R26', 'R10', 'R23', 'R70', 'R24', 'R8']"
2482932.6641222592,143.44126133828638,13.047559203760878,"['D1', 'R23', 'R11', 'R5', 'R26', 'R14', 'R17', 'R2', 'R12', 'R3', 'R10', 'R6', 'R1', 'R13', 'R7', 'R28', 'R20', 'R70', 'R24', 'R8']"
2482105.603187101,134.26800340617962,12.165651439721776,"['D1', 'R6', 'R1', 'R28', 'R17', 'R14', 'R2', 'R10', 'R12', 'R3', 'R23', 'R13', 'R7', 'R5', 'R26', 'R11', 'R70', 'R20', 'R24', 'R8']"
2482280.9790464947,136.21316599927647,12.48910696603809,"['D1', 'R28', 'R7', 'R6', 'R13', 'R20', 'R11', 'R5', 'R26', 'R17', 'R14', 'R2', 'R12', 'R3', 'R10', 'R23', 'R1', 'R24', 'R70', 'R8']"
