total_cost,total_distance,total_fuel_consumed,route
2480884.5577375335,120.72490835773921,11.15429804766624,"['D1', 'R20', 'R13', 'R6', 'R3', 'R12', 'R10', 'R11', 'R5', 'R26', 'R14', 'R17', 'R2', 'R1', 'R7', 'R28', 'R23', 'R70', 'R24', 'R8']"
2482325.9248087653,136.71167711585215,12.494842832278959,"['D1', 'R13', 'R7', 'R12', 'R3', 'R10', 'R1', 'R28', 'R6', 'R20', 'R23', 'R2', 'R17', 'R14', 'R11', 'R5', 'R26', 'R8', 'R70', 'R24']"
2481080.548938165,122.89872380396051,11.29878833491428,"['D1', 'R20', 'R7', 'R1', 'R3', 'R10', 'R12', 'R26', 'R2', 'R17', 'R14', 'R11', 'R5', 'R28', 'R13', 'R6', 'R23', 'R70', 'R24', 'R8']"
2480017.1190463128,111.1038048614972,10.107831983024848,"['D1', 'R6', 'R1', 'R7', 'R28', 'R11', 'R14', 'R17', 'R2', 'R26', 'R5', 'R3', 'R12', 'R10', 'R70', 'R23', 'R13', 'R20', 'R24', 'R8']"
2481869.920144176,131.6539501350509,12.035693153298144,"['D1', 'R6', 'R1', 'R7', 'R20', 'R13', 'R23', 'R10', 'R3', 'R12', 'R14', 'R17', 'R2', 'R11', 'R5', 'R26', 'R28', 'R8', 'R24', 'R70']"
