total_cost,total_distance,total_fuel_consumed,route
2480134.5387043743,112.40615244425922,10.356488247588164,"['D1', 'R13', 'R20', 'R28', 'R6', 'R7', 'R1', 'R5', 'R26', 'R11', 'R17', 'R14', 'R2', 'R10', 'R3', 'R12', 'R23', 'R70', 'R24', 'R8']"
2479837.066276994,109.10676882202978,10.132457425869026,"['D1', 'R13', 'R6', 'R28', 'R7', 'R1', 'R11', 'R26', 'R5', 'R17', 'R14', 'R2', 'R3', 'R12', 'R10', 'R23', 'R70', 'R20', 'R24', 'R8']"
2480396.0316985347,115.30647402989493,10.595211360944614,"['D1', 'R13', 'R20', 'R6', 'R7', 'R1', 'R3', 'R12', 'R10', 'R23', 'R17', 'R14', 'R2', 'R11', 'R5', 'R26', 'R28', 'R24', 'R8', 'R70']"
2479910.3016706137,109.9190513599569,10.025641254301602,"['D1', 'R13', 'R20', 'R6', 'R7', 'R1', 'R3', 'R12', 'R10', 'R23', 'R28', 'R5', 'R11', 'R26', 'R14', 'R17', 'R2', 'R70', 'R8', 'R24']"
2479960.956919794,110.48088864012513,10.166397602651667,"['D1', 'R13', 'R6', 'R20', 'R28', 'R7', 'R1', 'R5', 'R11', 'R26', 'R2', 'R17', 'R14', 'R12', 'R3', 'R10', 'R23', 'R70', 'R24', 'R8']"
