total_cost,total_distance,total_fuel_consumed,route
2481612.5192164835,128.7990152671216,11.709571099152813,"['D1', 'R13', 'R7', 'R1', 'R6', 'R14', 'R17', 'R2', 'R11', 'R26', 'R5', 'R28', 'R20', 'R3', 'R12', 'R10', 'R70', 'R23', 'R8', 'R24']"
2481648.508328681,129.19818465706535,11.8739545209113,"['D1', 'R6', 'R13', 'R7', 'R1', 'R5', 'R17', 'R14', 'R2', 'R11', 'R26', 'R12', 'R3', 'R10', 'R70', 'R28', 'R20', 'R23', 'R8', 'R24']"
2481044.5344684115,122.49927316339634,10.956099184824751,"['D1', 'R13', 'R20', 'R7', 'R28', 'R1', 'R6', 'R26', 'R11', 'R17', 'R2', 'R14', 'R5', 'R70', 'R12', 'R3', 'R10', 'R23', 'R8', 'R24']"
2483298.177475995,147.4953136201786,13.531412522733106,"['D1', 'R13', 'R28', 'R6', 'R1', 'R12', 'R3', 'R7', 'R11', 'R17', 'R14', 'R2', 'R26', 'R5', 'R23', 'R10', 'R24', 'R20', 'R70', 'R8']"
2480928.6164668696,121.21358104336795,10.942115682835908,"['D1', 'R6', 'R13', 'R20', 'R2', 'R14', 'R17', 'R11', 'R1', 'R7', 'R28', 'R5', 'R26', 'R12', 'R3', 'R10', 'R70', 'R23', 'R24', 'R8']"
