total_cost,total_distance,total_fuel_consumed,route
2480812.6014148216,119.92681249801703,10.83060884652191,"['D1', 'R13', 'R6', 'R23', 'R7', 'R1', 'R28', 'R11', 'R14', 'R17', 'R2', 'R26', 'R5', 'R3', 'R12', 'R10', 'R70', 'R20', 'R24', 'R8']"
2479239.1050989595,102.47454635048327,9.43773964726073,"['D1', 'R13', 'R20', 'R6', 'R28', 'R7', 'R1', 'R5', 'R11', 'R26', 'R2', 'R17', 'R14', 'R3', 'R12', 'R10', 'R23', 'R70', 'R8', 'R24']"
2479904.9723558053,109.85994183457427,10.187203494904967,"['D1', 'R13', 'R6', 'R1', 'R7', 'R28', 'R5', 'R26', 'R11', 'R14', 'R17', 'R2', 'R3', 'R12', 'R10', 'R23', 'R70', 'R20', 'R24', 'R8']"
2480693.93132832,118.61059592192237,10.978731648515067,"['D1', 'R13', 'R6', 'R7', 'R1', 'R28', 'R11', 'R17', 'R14', 'R2', 'R26', 'R5', 'R3', 'R12', 'R10', 'R23', 'R20', 'R70', 'R8', 'R24']"
2480313.1614523903,114.38732755535034,10.601233132878301,"['D1', 'R13', 'R6', 'R7', 'R1', 'R5', 'R26', 'R11', 'R2', 'R17', 'R14', 'R10', 'R3', 'R12', 'R23', 'R70', 'R28', 'R20', 'R24', 'R8']"
