total_cost,total_distance,total_fuel_consumed,route
2480075.154072093,111.74749414476908,10.137976339211889,"['D1', 'R13', 'R1', 'R7', 'R28', 'R6', 'R5', 'R11', 'R2', 'R17', 'R14', 'R26', 'R12', 'R3', 'R10', 'R70', 'R23', 'R20', 'R24', 'R8']"
2480913.615880077,121.04720363883274,11.087210259209527,"['D1', 'R13', 'R28', 'R6', 'R1', 'R7', 'R10', 'R12', 'R3', 'R14', 'R17', 'R2', 'R11', 'R26', 'R5', 'R24', 'R20', 'R23', 'R70', 'R8']"
2480417.3279633787,115.54267927438536,10.521258969042718,"['D1', 'R20', 'R13', 'R28', 'R17', 'R14', 'R2', 'R5', 'R26', 'R11', 'R1', 'R7', 'R6', 'R3', 'R12', 'R10', 'R70', 'R23', 'R24', 'R8']"
2483533.7740276055,150.10840758214007,13.806477356211055,"['D1', 'R7', 'R6', 'R13', 'R28', 'R1', 'R12', 'R3', 'R10', 'R11', 'R26', 'R17', 'R14', 'R2', 'R5', 'R20', 'R23', 'R8', 'R24', 'R70']"
2481455.333268404,127.05560413048508,11.200803517940596,"['D1', 'R20', 'R5', 'R26', 'R11', 'R14', 'R17', 'R2', 'R1', 'R7', 'R28', 'R13', 'R6', 'R24', 'R23', 'R3', 'R12', 'R10', 'R70', 'R8']"
