total_cost,total_distance,total_fuel_consumed,route
2479808.184689515,108.7864317825542,9.99613242281543,"['D1', 'R20', 'R13', 'R6', 'R28', 'R1', 'R7', 'R11', 'R17', 'R14', 'R2', 'R26', 'R5', 'R10', 'R3', 'R12', 'R70', 'R23', 'R24', 'R8']"
2481726.102236996,130.05880919472068,12.062709627362704,"['D1', 'R13', 'R6', 'R1', 'R7', 'R28', 'R26', 'R5', 'R14', 'R17', 'R2', 'R11', 'R3', 'R12', 'R10', 'R20', 'R23', 'R24', 'R8', 'R70']"
2480993.299462385,121.93100557215459,11.200279840604297,"['D1', 'R20', 'R1', 'R7', 'R6', 'R28', 'R5', 'R26', 'R11', 'R14', 'R17', 'R2', 'R12', 'R3', 'R10', 'R23', 'R13', 'R70', 'R8', 'R24']"
2480756.297358575,119.30232207824922,10.93545067637446,"['D1', 'R20', 'R13', 'R6', 'R7', 'R1', 'R28', 'R10', 'R12', 'R3', 'R26', 'R11', 'R5', 'R2', 'R17', 'R14', 'R70', 'R23', 'R8', 'R24']"
2480282.066159806,114.04243744239163,10.543335361353463,"['D1', 'R13', 'R6', 'R28', 'R1', 'R7', 'R11', 'R26', 'R5', 'R2', 'R14', 'R17', 'R12', 'R3', 'R10', 'R70', 'R23', 'R20', 'R8', 'R24']"
