total_cost,total_distance,total_fuel_consumed,route
2479617.434626756,106.67074785664656,9.766402442172339,"['D1', 'R6', 'R13', 'R28', 'R7', 'R1', 'R5', 'R11', 'R17', 'R14', 'R2', 'R26', 'R3', 'R12', 'R10', 'R70', 'R23', 'R20', 'R24', 'R8']"
2482372.0215139776,137.2229537930062,12.66051044344091,"['D1', 'R6', 'R13', 'R20', 'R23', 'R10', 'R3', 'R12', 'R5', 'R7', 'R1', 'R11', 'R2', 'R14', 'R17', 'R26', 'R28', 'R8', 'R70', 'R24']"
2481430.845349308,126.78399899410323,11.679344473504385,"['D1', 'R6', 'R13', 'R20', 'R7', 'R1', 'R2', 'R14', 'R17', 'R26', 'R5', 'R11', 'R12', 'R3', 'R10', 'R28', 'R23', 'R70', 'R24', 'R8']"
2480505.930801265,116.52540817730272,10.654574207013885,"['D1', 'R6', 'R13', 'R20', 'R23', 'R10', 'R3', 'R12', 'R26', 'R11', 'R17', 'R14', 'R2', 'R1', 'R7', 'R28', 'R5', 'R70', 'R8', 'R24']"
2480518.997504517,116.6703361193114,10.778857991665374,"['D1', 'R13', 'R28', 'R7', 'R1', 'R12', 'R3', 'R10', 'R14', 'R17', 'R2', 'R5', 'R11', 'R26', 'R6', 'R20', 'R23', 'R70', 'R8', 'R24']"
