total_cost,total_distance,total_fuel_consumed,route
2216250.2599368873,69.32408980575667,6.083212359145254,"['D6', 'R36', 'R27', 'R22', 'R4', 'R32', 'R15', 'R18', 'R16', 'R21', 'R31', 'R33', 'R37', 'R9', 'R38', 'R30', 'R35', 'R34']"
2217335.901179508,81.36536357040876,7.140250628420988,"['D6', 'R36', 'R27', 'R22', 'R15', 'R32', 'R4', 'R38', 'R30', 'R35', 'R16', 'R18', 'R21', 'R31', 'R9', 'R37', 'R33', 'R34']"
2216981.5478692516,77.4350917175205,6.8756978897914,"['D6', 'R36', 'R27', 'R38', 'R35', 'R30', 'R22', 'R32', 'R4', 'R18', 'R16', 'R21', 'R31', 'R15', 'R9', 'R33', 'R37', 'R34']"
2215982.844373487,66.35807867665324,5.961894109547319,"['D6', 'R36', 'R27', 'R30', 'R35', 'R38', 'R22', 'R4', 'R32', 'R15', 'R16', 'R18', 'R21', 'R31', 'R37', 'R33', 'R9', 'R34']"
2215913.5063217515,65.58902308952305,5.738151766036038,"['D6', 'R36', 'R27', 'R32', 'R15', 'R31', 'R16', 'R18', 'R21', 'R37', 'R33', 'R9', 'R22', 'R4', 'R38', 'R30', 'R35', 'R34']"
