total_cost,total_distance,total_fuel_consumed,route
2215134.368051066,56.94729426648104,5.137101797949988,"['D6', 'R30', 'R35', 'R38', 'R22', 'R27', 'R36', 'R4', 'R32', 'R15', 'R31', 'R18', 'R16', 'R21', 'R9', 'R37', 'R33', 'R34']"
2215471.1865330134,60.6830804460254,5.448811162848504,"['D6', 'R30', 'R35', 'R38', 'R22', 'R4', 'R36', 'R27', 'R32', 'R15', 'R31', 'R18', 'R16', 'R21', 'R37', 'R33', 'R9', 'R34']"
2215972.1405745167,66.23935863483153,5.942928706134669,"['D6', 'R30', 'R38', 'R36', 'R27', 'R22', 'R4', 'R32', 'R15', 'R31', 'R16', 'R18', 'R21', 'R9', 'R37', 'R33', 'R35', 'R34']"
2215688.502626787,63.09341866445402,5.6178551080655295,"['D6', 'R30', 'R27', 'R36', 'R22', 'R38', 'R35', 'R4', 'R32', 'R15', 'R31', 'R16', 'R18', 'R21', 'R9', 'R37', 'R33', 'R34']"
2215253.7919370844,58.27187152932634,5.229126108652672,"['D6', 'R30', 'R35', 'R38', 'R27', 'R36', 'R4', 'R32', 'R15', 'R31', 'R18', 'R16', 'R21', 'R9', 'R37', 'R33', 'R22', 'R34']"
