total_cost,total_distance,total_fuel_consumed,route
2218224.980068277,91.22648700396299,8.054265061577086,"['D6', 'R30', 'R36', 'R27', 'R15', 'R4', 'R35', 'R38', 'R22', 'R16', 'R9', 'R21', 'R18', 'R31', 'R32', 'R37', 'R33', 'R34']"
2216704.3977364795,74.3611106530527,6.504751891671238,"['D6', 'R38', 'R22', 'R36', 'R27', 'R4', 'R35', 'R30', 'R15', 'R32', 'R31', 'R18', 'R16', 'R33', 'R37', 'R9', 'R21', 'R34']"
2217653.713007375,84.89033947842908,7.411518408988279,"['D6', 'R27', 'R36', 'R22', 'R30', 'R4', 'R35', 'R38', 'R32', 'R31', 'R15', 'R18', 'R16', 'R9', 'R21', 'R37', 'R33', 'R34']"
2216956.8222681237,77.16085035630235,6.159319496983113,"['D6', 'R38', 'R22', 'R27', 'R35', 'R34', 'R18', 'R16', 'R21', 'R33', 'R37', 'R9', 'R31', 'R15', 'R32', 'R4', 'R36', 'R30']"
2216919.514230167,76.74705224231393,6.831378387202296,"['D6', 'R30', 'R36', 'R22', 'R35', 'R38', 'R27', 'R4', 'R32', 'R31', 'R18', 'R16', 'R21', 'R15', 'R33', 'R37', 'R9', 'R34']"
