total_cost,total_distance,total_fuel_consumed,route
2216761.86431539,74.99849506865493,6.629872017675419,"['D6', 'R30', 'R38', 'R35', 'R36', 'R27', 'R4', 'R15', 'R32', 'R22', 'R16', 'R18', 'R31', 'R21', 'R33', 'R37', 'R9', 'R34']"
2216607.8698268863,73.29048166466683,6.493507722439618,"['D6', 'R35', 'R30', 'R22', 'R38', 'R27', 'R36', 'R4', 'R15', 'R21', 'R18', 'R16', 'R31', 'R9', 'R33', 'R37', 'R32', 'R34']"
2215992.02946054,66.45995408762153,5.903054015675591,"['D6', 'R27', 'R36', 'R22', 'R38', 'R35', 'R30', 'R4', 'R15', 'R32', 'R31', 'R21', 'R16', 'R18', 'R9', 'R33', 'R37', 'R34']"
2216298.1655715415,69.85543003040662,6.17411122062128,"['D6', 'R27', 'R36', 'R38', 'R35', 'R30', 'R22', 'R32', 'R4', 'R15', 'R16', 'R18', 'R31', 'R21', 'R9', 'R33', 'R37', 'R34']"
2216891.6423145086,76.43791386988397,6.6685560028705595,"['D6', 'R27', 'R36', 'R30', 'R4', 'R15', 'R32', 'R16', 'R18', 'R21', 'R31', 'R9', 'R33', 'R37', 'R38', 'R35', 'R22', 'R34']"
