total_cost,total_distance,total_fuel_consumed,route
2481501.4350482845,127.56693709278076,11.733645698497522,"['D2', 'R5', 'R11', 'R26', 'R17', 'R14', 'R2', 'R12', 'R3', 'R10', 'R23', 'R7', 'R1', 'R6', 'R13', 'R20', 'R24', 'R28', 'R70', 'R8']"
2479480.712561989,105.15430969376453,9.590462556465367,"['D2', 'R17', 'R14', 'R2', 'R11', 'R5', 'R26', 'R1', 'R7', 'R28', 'R6', 'R13', 'R20', 'R23', 'R10', 'R3', 'R12', 'R70', 'R8', 'R24']"
2481278.2761580665,125.09179412230287,11.60140487989288,"['D2', 'R17', 'R14', 'R2', 'R26', 'R5', 'R11', 'R12', 'R3', 'R10', 'R1', 'R7', 'R28', 'R6', 'R13', 'R20', 'R70', 'R23', 'R8', 'R24']"
2480083.999524199,111.84560253104462,10.092066378110207,"['D2', 'R5', 'R26', 'R11', 'R17', 'R14', 'R2', 'R12', 'R3', 'R10', 'R70', 'R23', 'R6', 'R13', 'R28', 'R7', 'R1', 'R20', 'R24', 'R8']"
2481313.4887571945,125.4823509005669,11.442119717946483,"['D2', 'R14', 'R17', 'R2', 'R5', 'R11', 'R26', 'R1', 'R7', 'R13', 'R20', 'R10', 'R3', 'R12', 'R23', 'R6', 'R28', 'R24', 'R8', 'R70']"
