total_cost,total_distance,total_fuel_consumed,route
2482553.966180957,139.24097361309785,12.607248714366529,"['D2', 'R28', 'R7', 'R26', 'R2', 'R17', 'R14', 'R11', 'R5', 'R1', 'R3', 'R12', 'R10', 'R23', 'R13', 'R6', 'R20', 'R70', 'R24', 'R8']"
2481110.8218442136,123.234492504588,11.139297348648341,"['D2', 'R11', 'R14', 'R17', 'R2', 'R1', 'R7', 'R26', 'R5', 'R28', 'R6', 'R13', 'R20', 'R10', 'R3', 'R12', 'R70', 'R23', 'R24', 'R8']"
2481881.7063930836,131.784676054609,12.276426444888063,"['D2', 'R2', 'R17', 'R14', 'R26', 'R11', 'R5', 'R7', 'R1', 'R3', 'R12', 'R10', 'R23', 'R20', 'R13', 'R6', 'R28', 'R8', 'R70', 'R24']"
2480881.978629144,120.69630245279332,11.190800156099856,"['D2', 'R14', 'R17', 'R2', 'R11', 'R26', 'R5', 'R12', 'R10', 'R3', 'R1', 'R7', 'R28', 'R6', 'R20', 'R13', 'R23', 'R70', 'R24', 'R8']"
2480873.009846427,120.5968261582466,11.020814348484885,"['D2', 'R14', 'R17', 'R2', 'R26', 'R11', 'R5', 'R1', 'R7', 'R6', 'R13', 'R28', 'R20', 'R12', 'R3', 'R10', 'R70', 'R23', 'R24', 'R8']"
