total_cost,total_distance,total_fuel_consumed,route
2480925.4604885424,121.17857684718699,11.218757998130789,"['D2', 'R2', 'R14', 'R17', 'R11', 'R26', 'R5', 'R3', 'R12', 'R10', 'R7', 'R1', 'R28', 'R13', 'R6', 'R20', 'R23', 'R70', 'R24', 'R8']"
2481052.427100487,122.58681344817322,11.215845324850545,"['D2', 'R26', 'R11', 'R5', 'R14', 'R17', 'R2', 'R10', 'R12', 'R3', 'R23', 'R20', 'R6', 'R7', 'R1', 'R28', 'R13', 'R24', 'R8', 'R70']"
2482022.2015677476,133.34296326251197,12.055626798614126,"['D2', 'R12', 'R3', 'R10', 'R23', 'R28', 'R7', 'R1', 'R11', 'R5', 'R26', 'R17', 'R14', 'R2', 'R6', 'R20', 'R13', 'R70', 'R8', 'R24']"
2480852.01169665,120.36392742513544,10.822738792520743,"['D2', 'R26', 'R5', 'R11', 'R1', 'R7', 'R6', 'R28', 'R13', 'R20', 'R2', 'R14', 'R17', 'R12', 'R3', 'R10', 'R23', 'R70', 'R8', 'R24']"
2483144.586332556,145.79177387484233,13.569508101675915,"['D2', 'R14', 'R17', 'R2', 'R11', 'R26', 'R5', 'R7', 'R1', 'R6', 'R13', 'R20', 'R28', 'R10', 'R12', 'R3', 'R70', 'R24', 'R23', 'R8']"
