total_cost,total_distance,total_fuel_consumed,route
2484531.4175902843,161.17366448851166,14.824231031919403,"['D2', 'R3', 'R12', 'R10', 'R14', 'R17', 'R2', 'R11', 'R7', 'R5', 'R26', 'R1', 'R20', 'R13', 'R6', 'R28', 'R23', 'R8', 'R70', 'R24']"
2483065.903375126,144.91907026537072,12.638871131681835,"['D2', 'R8', 'R17', 'R14', 'R2', 'R11', 'R7', 'R10', 'R12', 'R3', 'R1', 'R28', 'R6', 'R13', 'R23', 'R5', 'R26', 'R24', 'R20', 'R70']"
2481004.206630941,122.05198126599217,11.00536614001066,"['D2', 'R11', 'R5', 'R26', 'R14', 'R17', 'R2', 'R70', 'R12', 'R3', 'R10', 'R20', 'R6', 'R13', 'R28', 'R7', 'R1', 'R23', 'R8', 'R24']"
2482222.3554522144,135.56294867140966,12.42499774354928,"['D2', 'R17', 'R14', 'R2', 'R26', 'R5', 'R11', 'R10', 'R12', 'R3', 'R20', 'R13', 'R7', 'R6', 'R1', 'R28', 'R24', 'R23', 'R70', 'R8']"
2482026.993542694,133.3961129402636,12.0748938855454,"['D2', 'R17', 'R14', 'R2', 'R11', 'R26', 'R28', 'R5', 'R1', 'R7', 'R12', 'R3', 'R13', 'R6', 'R20', 'R23', 'R10', 'R70', 'R24', 'R8']"
