total_cost,total_distance,total_fuel_consumed,route
2480088.5579305547,111.89616160775529,10.413112602306878,"['D1', 'R13', 'R6', 'R7', 'R1', 'R26', 'R5', 'R11', 'R2', 'R17', 'R14', 'R12', 'R3', 'R10', 'R23', 'R20', 'R28', 'R24', 'R8', 'R70']"
2479384.428140614,104.08638132891207,9.406615630530911,"['D1', 'R13', 'R28', 'R7', 'R1', 'R11', 'R14', 'R17', 'R2', 'R5', 'R26', 'R70', 'R12', 'R3', 'R10', 'R23', 'R20', 'R6', 'R24', 'R8']"
2481564.902025212,128.27087428141297,11.904133475298831,"['D1', 'R13', 'R6', 'R28', 'R26', 'R5', 'R11', 'R14', 'R17', 'R2', 'R10', 'R3', 'R12', 'R1', 'R7', 'R20', 'R23', 'R24', 'R8', 'R70']"
2480968.1219997196,121.65175243699963,11.403987192571607,"['D1', 'R13', 'R6', 'R7', 'R1', 'R11', 'R26', 'R5', 'R2', 'R17', 'R14', 'R3', 'R12', 'R10', 'R23', 'R20', 'R28', 'R70', 'R24', 'R8']"
2480031.8537133997,111.2672328460524,10.36246223236531,"['D1', 'R13', 'R6', 'R7', 'R1', 'R26', 'R5', 'R11', 'R17', 'R14', 'R2', 'R12', 'R3', 'R10', 'R23', 'R20', 'R28', 'R24', 'R8', 'R70']"
