total_cost,total_distance,total_fuel_consumed,route
2479481.1972301323,105.15968533864415,9.703444131329023,"['D1', 'R13', 'R20', 'R6', 'R28', 'R7', 'R1', 'R5', 'R26', 'R2', 'R17', 'R14', 'R11', 'R3', 'R12', 'R10', 'R70', 'R23', 'R24', 'R8']"
2480422.9672605013,115.60522693547193,10.673173198537546,"['D1', 'R13', 'R20', 'R6', 'R7', 'R1', 'R26', 'R11', 'R5', 'R17', 'R14', 'R2', 'R12', 'R10', 'R3', 'R23', 'R70', 'R28', 'R8', 'R24']"
2480676.6098353113,118.41847643424902,10.901415115137214,"['D1', 'R13', 'R20', 'R6', 'R7', 'R1', 'R28', 'R11', 'R26', 'R14', 'R17', 'R2', 'R3', 'R12', 'R10', 'R23', 'R5', 'R70', 'R8', 'R24']"
2480318.1260566683,114.44239193287808,10.575456505392713,"['D1', 'R13', 'R6', 'R1', 'R7', 'R28', 'R11', 'R5', 'R26', 'R17', 'R14', 'R2', 'R3', 'R12', 'R10', 'R70', 'R23', 'R20', 'R8', 'R24']"
2480387.54970395,115.2123968938609,10.636324166985977,"['D1', 'R20', 'R13', 'R28', 'R7', 'R1', 'R17', 'R14', 'R2', 'R11', 'R5', 'R26', 'R12', 'R3', 'R10', 'R23', 'R6', 'R70', 'R8', 'R24']"
