total_cost,total_distance,total_fuel_consumed,route
2481562.5064417995,128.2443039241321,11.802211699266282,"['D1', 'R6', 'R13', 'R1', 'R7', 'R10', 'R3', 'R12', 'R11', 'R26', 'R5', 'R2', 'R14', 'R17', 'R28', 'R20', 'R23', 'R70', 'R24', 'R8']"
2482303.7159075513,136.4653494626376,12.61888089494731,"['D1', 'R7', 'R28', 'R1', 'R5', 'R11', 'R26', 'R14', 'R17', 'R2', 'R10', 'R3', 'R12', 'R23', 'R13', 'R6', 'R20', 'R24', 'R70', 'R8']"
2481305.519761527,125.39396363716921,11.429641892925067,"['D1', 'R20', 'R13', 'R10', 'R3', 'R12', 'R17', 'R14', 'R2', 'R28', 'R6', 'R1', 'R7', 'R11', 'R26', 'R5', 'R23', 'R70', 'R8', 'R24']"
2480915.930211144,121.0728727944129,11.15288323698749,"['D1', 'R20', 'R13', 'R28', 'R6', 'R7', 'R11', 'R26', 'R5', 'R14', 'R17', 'R2', 'R12', 'R3', 'R23', 'R10', 'R1', 'R70', 'R24', 'R8']"
2482838.2632916598,142.39422461911792,13.001276077299702,"['D1', 'R13', 'R5', 'R11', 'R26', 'R17', 'R14', 'R2', 'R7', 'R3', 'R12', 'R1', 'R6', 'R28', 'R10', 'R20', 'R23', 'R70', 'R24', 'R8']"
