total_cost,total_distance,total_fuel_consumed,route
2481512.5962208,127.69073004436675,11.912247769863992,"['D1', 'R6', 'R13', 'R28', 'R7', 'R1', 'R2', 'R14', 'R17', 'R26', 'R5', 'R11', 'R12', 'R3', 'R10', 'R23', 'R20', 'R24', 'R70', 'R8']"
2481099.4238263974,123.10807260866605,11.172613608938219,"['D1', 'R20', 'R28', 'R13', 'R7', 'R6', 'R1', 'R11', 'R17', 'R14', 'R2', 'R26', 'R5', 'R10', 'R3', 'R12', 'R23', 'R70', 'R24', 'R8']"
2481527.5362998014,127.85643633320072,11.843578498126238,"['D1', 'R20', 'R13', 'R7', 'R6', 'R1', 'R11', 'R26', 'R5', 'R14', 'R17', 'R2', 'R12', 'R3', 'R10', 'R23', 'R28', 'R24', 'R70', 'R8']"
2480404.8307675933,115.40406796355336,10.373876907192498,"['D1', 'R20', 'R28', 'R7', 'R12', 'R3', 'R10', 'R23', 'R6', 'R13', 'R1', 'R26', 'R5', 'R11', 'R17', 'R14', 'R2', 'R70', 'R8', 'R24']"
2481404.542847115,126.49226760331706,11.70077877735626,"['D1', 'R6', 'R13', 'R28', 'R7', 'R1', 'R2', 'R17', 'R14', 'R3', 'R10', 'R12', 'R11', 'R26', 'R5', 'R20', 'R23', 'R70', 'R24', 'R8']"
