total_cost,total_distance,total_fuel_consumed,route
2480746.24959329,119.1908783639119,11.05514848436374,"['D1', 'R13', 'R6', 'R7', 'R1', 'R28', 'R5', 'R26', 'R17', 'R14', 'R2', 'R11', 'R10', 'R3', 'R12', 'R23', 'R20', 'R70', 'R8', 'R24']"
2478975.3375685588,99.54899698933679,9.15288270685177,"['D1', 'R13', 'R20', 'R6', 'R7', 'R1', 'R5', 'R26', 'R11', 'R14', 'R17', 'R2', 'R3', 'R12', 'R10', 'R70', 'R23', 'R28', 'R24', 'R8']"
2480165.0594535945,112.74467007092711,10.32431538653246,"['D1', 'R13', 'R6', 'R20', 'R1', 'R7', 'R28', 'R5', 'R26', 'R11', 'R14', 'R17', 'R2', 'R12', 'R3', 'R10', 'R70', 'R23', 'R8', 'R24']"
2481961.090455945,132.66515590001598,12.298286702404525,"['D1', 'R13', 'R20', 'R6', 'R28', 'R1', 'R7', 'R2', 'R14', 'R17', 'R11', 'R5', 'R26', 'R10', 'R12', 'R3', 'R23', 'R8', 'R24', 'R70']"
2480962.7567937835,121.5922448290099,11.323760488375907,"['D1', 'R13', 'R20', 'R23', 'R10', 'R12', 'R3', 'R2', 'R17', 'R14', 'R26', 'R11', 'R5', 'R1', 'R7', 'R28', 'R6', 'R24', 'R70', 'R8']"
