total_cost,total_distance,total_fuel_consumed,route
2481114.1413757075,123.27131073322658,11.261527396003897,"['D1', 'R6', 'R28', 'R1', 'R7', 'R13', 'R20', 'R10', 'R12', 'R3', 'R2', 'R17', 'R14', 'R11', 'R26', 'R5', 'R70', 'R23', 'R8', 'R24']"
2482051.9306085478,133.67269973988232,12.378643477773561,"['D1', 'R6', 'R1', 'R7', 'R13', 'R28', 'R5', 'R26', 'R11', 'R17', 'R14', 'R2', 'R10', 'R12', 'R3', 'R23', 'R20', 'R24', 'R70', 'R8']"
2480534.0796316387,116.83761791968483,10.868780371369537,"['D1', 'R6', 'R7', 'R5', 'R26', 'R11', 'R17', 'R14', 'R2', 'R12', 'R3', 'R10', 'R1', 'R28', 'R13', 'R20', 'R23', 'R70', 'R24', 'R8']"
2479918.567818599,110.01073445651373,10.16277927370323,"['D1', 'R20', 'R13', 'R6', 'R28', 'R7', 'R1', 'R2', 'R14', 'R17', 'R11', 'R26', 'R5', 'R12', 'R3', 'R10', 'R70', 'R23', 'R8', 'R24']"
2480753.9456934426,119.2762388358807,10.899294658270021,"['D1', 'R13', 'R6', 'R20', 'R28', 'R1', 'R7', 'R3', 'R12', 'R10', 'R5', 'R26', 'R11', 'R2', 'R14', 'R17', 'R70', 'R23', 'R8', 'R24']"
