total_cost,total_distance,total_fuel_consumed,route
2482109.3213023376,134.30924248377767,12.397650352904158,"['D1', 'R28', 'R6', 'R13', 'R1', 'R7', 'R5', 'R11', 'R14', 'R17', 'R2', 'R26', 'R12', 'R3', 'R10', 'R23', 'R20', 'R24', 'R70', 'R8']"
2481436.121110127,126.84251453113373,11.585388991139824,"['D1', 'R20', 'R6', 'R13', 'R23', 'R10', 'R3', 'R12', 'R1', 'R28', 'R5', 'R14', 'R17', 'R2', 'R11', 'R26', 'R7', 'R70', 'R24', 'R8']"
2482209.1064027515,135.41599825589898,12.349860147923199,"['D1', 'R13', 'R1', 'R7', 'R6', 'R20', 'R5', 'R17', 'R14', 'R2', 'R11', 'R26', 'R3', 'R12', 'R10', 'R28', 'R23', 'R70', 'R24', 'R8']"
2481964.0353724933,132.69781912703385,12.211683762319494,"['D1', 'R6', 'R13', 'R7', 'R5', 'R11', 'R2', 'R17', 'R14', 'R26', 'R1', 'R28', 'R12', 'R3', 'R10', 'R23', 'R20', 'R70', 'R24', 'R8']"
2481527.711662815,127.85838135331558,11.677677446866788,"['D1', 'R7', 'R28', 'R3', 'R12', 'R2', 'R17', 'R14', 'R26', 'R11', 'R5', 'R1', 'R6', 'R13', 'R20', 'R10', 'R23', 'R70', 'R24', 'R8']"
