total_cost,total_distance,total_fuel_consumed,route
2480196.777167904,113.09646370790333,10.399270970504048,"['D1', 'R20', 'R13', 'R6', 'R28', 'R7', 'R1', 'R3', 'R12', 'R10', 'R23', 'R2', 'R17', 'R14', 'R11', 'R26', 'R5', 'R24', 'R8', 'R70']"
2480172.460746995,112.82676072532254,10.380384913640858,"['D1', 'R13', 'R20', 'R6', 'R7', 'R1', 'R28', 'R26', 'R5', 'R14', 'R17', 'R2', 'R11', 'R3', 'R12', 'R10', 'R23', 'R70', 'R24', 'R8']"
2480286.8031597445,114.09497737072854,10.604374822119595,"['D1', 'R13', 'R6', 'R7', 'R1', 'R2', 'R17', 'R14', 'R11', 'R26', 'R5', 'R3', 'R12', 'R10', 'R23', 'R20', 'R28', 'R24', 'R8', 'R70']"
2481040.8259041393,122.45814001929287,11.346011097875335,"['D1', 'R13', 'R6', 'R7', 'R1', 'R5', 'R26', 'R11', 'R17', 'R14', 'R2', 'R3', 'R12', 'R10', 'R20', 'R28', 'R24', 'R8', 'R23', 'R70']"
2480807.9990271446,119.8757656071937,11.096802597636884,"['D1', 'R13', 'R6', 'R1', 'R7', 'R5', 'R11', 'R26', 'R14', 'R17', 'R2', 'R10', 'R3', 'R12', 'R70', 'R28', 'R20', 'R23', 'R24', 'R8']"
