total_cost,total_distance,total_fuel_consumed,route
2481511.9697012687,127.68378106997349,11.752411465751134,"['D1', 'R13', 'R28', 'R1', 'R7', 'R6', 'R12', 'R3', 'R10', 'R11', 'R5', 'R26', 'R14', 'R17', 'R2', 'R23', 'R20', 'R70', 'R8', 'R24']"
2480869.992485302,120.5633594199445,10.901019579539765,"['D1', 'R13', 'R28', 'R6', 'R20', 'R7', 'R3', 'R12', 'R26', 'R17', 'R14', 'R2', 'R11', 'R5', 'R1', 'R10', 'R23', 'R70', 'R8', 'R24']"
2480070.6969068516,111.69805797307137,10.31174852706926,"['D1', 'R20', 'R13', 'R6', 'R28', 'R7', 'R1', 'R3', 'R12', 'R10', 'R11', 'R2', 'R17', 'R14', 'R26', 'R5', 'R23', 'R70', 'R8', 'R24']"
2480123.260011677,112.28105603013597,10.163775235111856,"['D1', 'R20', 'R13', 'R28', 'R6', 'R23', 'R12', 'R3', 'R17', 'R14', 'R2', 'R26', 'R11', 'R5', 'R1', 'R7', 'R10', 'R70', 'R8', 'R24']"
2482392.691798508,137.45221604378966,12.823313810882091,"['D1', 'R13', 'R6', 'R5', 'R26', 'R11', 'R2', 'R14', 'R17', 'R12', 'R3', 'R10', 'R28', 'R1', 'R7', 'R23', 'R20', 'R24', 'R70', 'R8']"
