total_cost,total_distance,total_fuel_consumed,route
2481574.793496003,128.3805844720853,11.92492138497565,"['D1', 'R6', 'R13', 'R7', 'R1', 'R26', 'R11', 'R5', 'R2', 'R14', 'R17', 'R12', 'R3', 'R10', 'R23', 'R20', 'R28', 'R24', 'R70', 'R8']"
2479912.1061549787,109.93906560535392,10.032765474321312,"['D1', 'R6', 'R13', 'R28', 'R7', 'R1', 'R11', 'R5', 'R14', 'R17', 'R2', 'R26', 'R10', 'R12', 'R3', 'R70', 'R23', 'R20', 'R24', 'R8']"
2480040.817727805,111.36665625339265,10.297293105441938,"['D1', 'R20', 'R13', 'R6', 'R28', 'R7', 'R1', 'R12', 'R3', 'R10', 'R14', 'R17', 'R2', 'R11', 'R5', 'R26', 'R70', 'R23', 'R24', 'R8']"
2480107.9223134127,112.11093958976724,10.168822152004307,"['D1', 'R20', 'R6', 'R13', 'R28', 'R7', 'R1', 'R23', 'R12', 'R3', 'R14', 'R17', 'R2', 'R5', 'R26', 'R11', 'R10', 'R70', 'R8', 'R24']"
2481211.156298155,124.34734137261438,11.570121340577336,"['D1', 'R20', 'R13', 'R6', 'R1', 'R7', 'R5', 'R14', 'R17', 'R2', 'R26', 'R11', 'R12', 'R3', 'R10', 'R23', 'R28', 'R70', 'R24', 'R8']"
