total_cost,total_distance,total_fuel_consumed,route
2481210.090452136,124.33551965545745,11.512688225401279,"['D1', 'R13', 'R6', 'R28', 'R7', 'R1', 'R3', 'R12', 'R10', 'R23', 'R26', 'R5', 'R11', 'R17', 'R14', 'R2', 'R70', 'R20', 'R8', 'R24']"
2479958.456891158,110.45315983982593,10.252595061565739,"['D1', 'R13', 'R20', 'R6', 'R7', 'R1', 'R5', 'R26', 'R11', 'R17', 'R14', 'R2', 'R12', 'R3', 'R10', 'R23', 'R28', 'R24', 'R8', 'R70']"
2480413.9099016287,115.50476820795409,10.53734949320453,"['D1', 'R13', 'R6', 'R20', 'R1', 'R7', 'R28', 'R11', 'R26', 'R5', 'R17', 'R14', 'R2', 'R12', 'R3', 'R10', 'R70', 'R23', 'R8', 'R24']"
2481905.4960880196,132.04853691238145,12.26710165251317,"['D1', 'R13', 'R28', 'R6', 'R7', 'R1', 'R3', 'R12', 'R10', 'R14', 'R17', 'R2', 'R11', 'R5', 'R26', 'R20', 'R70', 'R23', 'R8', 'R24']"
2479942.753724817,110.27898984934936,10.29936826806588,"['D1', 'R13', 'R6', 'R7', 'R1', 'R5', 'R26', 'R11', 'R14', 'R17', 'R2', 'R3', 'R12', 'R10', 'R23', 'R20', 'R28', 'R24', 'R8', 'R70']"
