total_cost,total_distance,total_fuel_consumed,route
2480370.350917682,115.02163839487875,10.581249652810195,"['D1', 'R20', 'R13', 'R1', 'R5', 'R26', 'R11', 'R14', 'R17', 'R2', 'R3', 'R12', 'R10', 'R6', 'R28', 'R7', 'R23', 'R70', 'R8', 'R24']"
2480654.746598814,118.17598268427906,10.879354793426318,"['D1', 'R6', 'R13', 'R28', 'R1', 'R7', 'R10', 'R3', 'R12', 'R2', 'R14', 'R17', 'R11', 'R26', 'R5', 'R20', 'R23', 'R70', 'R8', 'R24']"
2483652.294428579,151.42296393720585,13.993357446701058,"['D1', 'R13', 'R28', 'R6', 'R1', 'R10', 'R12', 'R3', 'R23', 'R17', 'R14', 'R2', 'R5', 'R11', 'R7', 'R26', 'R20', 'R24', 'R70', 'R8']"
2482536.7838608017,139.05039774624487,12.854620855292932,"['D1', 'R20', 'R13', 'R7', 'R1', 'R6', 'R28', 'R17', 'R2', 'R14', 'R11', 'R5', 'R26', 'R10', 'R12', 'R3', 'R23', 'R24', 'R70', 'R8']"
2480854.387780928,120.39028150984959,10.968213578644914,"['D1', 'R20', 'R13', 'R6', 'R3', 'R12', 'R7', 'R28', 'R1', 'R11', 'R14', 'R17', 'R2', 'R26', 'R5', 'R10', 'R70', 'R23', 'R24', 'R8']"
