total_cost,total_distance,total_fuel_consumed,route
2481295.331787262,125.28096480992457,11.53993588865833,"['D1', 'R20', 'R6', 'R28', 'R7', 'R26', 'R2', 'R17', 'R14', 'R11', 'R5', 'R1', 'R10', 'R3', 'R12', 'R23', 'R13', 'R70', 'R8', 'R24']"
2481931.854230338,132.340885429655,12.096940447013619,"['D1', 'R20', 'R13', 'R7', 'R6', 'R23', 'R3', 'R12', 'R10', 'R11', 'R14', 'R17', 'R26', 'R2', 'R5', 'R1', 'R28', 'R70', 'R24', 'R8']"
2481667.9286573865,129.41358315645854,11.837139923584639,"['D1', 'R20', 'R13', 'R7', 'R6', 'R17', 'R14', 'R2', 'R11', 'R5', 'R26', 'R10', 'R12', 'R3', 'R1', 'R28', 'R23', 'R70', 'R24', 'R8']"
2482873.8548651747,142.78898475127107,13.325039243480575,"['D1', 'R13', 'R20', 'R6', 'R10', 'R12', 'R3', 'R5', 'R26', 'R14', 'R17', 'R2', 'R11', 'R1', 'R7', 'R28', 'R23', 'R8', 'R70', 'R24']"
2481310.4573232364,125.44872807493242,11.569246717317975,"['D1', 'R13', 'R7', 'R28', 'R1', 'R5', 'R26', 'R11', 'R17', 'R14', 'R2', 'R3', 'R12', 'R6', 'R20', 'R10', 'R23', 'R70', 'R24', 'R8']"
