total_cost,total_distance,total_fuel_consumed,route
2480735.434215472,119.07092075724071,10.927942012034146,"['D1', 'R13', 'R1', 'R7', 'R6', 'R3', 'R12', 'R10', 'R2', 'R17', 'R14', 'R11', 'R26', 'R5', 'R28', 'R20', 'R23', 'R70', 'R8', 'R24']"
2479863.4430798055,109.39932431017438,10.042705091434001,"['D1', 'R13', 'R20', 'R6', 'R1', 'R7', 'R28', 'R5', 'R11', 'R2', 'R17', 'R14', 'R26', 'R12', 'R3', 'R10', 'R70', 'R23', 'R24', 'R8']"
2480803.3619749406,119.82433423847829,11.032265793211907,"['D1', 'R13', 'R6', 'R12', 'R3', 'R10', 'R1', 'R7', 'R5', 'R26', 'R11', 'R2', 'R17', 'R14', 'R28', 'R20', 'R23', 'R70', 'R8', 'R24']"
2480184.3525061337,112.95865690033546,10.241619287338315,"['D1', 'R13', 'R20', 'R7', 'R1', 'R6', 'R28', 'R17', 'R14', 'R2', 'R11', 'R5', 'R26', 'R12', 'R3', 'R10', 'R23', 'R70', 'R8', 'R24']"
2480752.0657662433,119.25538782435319,11.004705972317288,"['D1', 'R6', 'R11', 'R26', 'R5', 'R17', 'R14', 'R2', 'R3', 'R12', 'R10', 'R1', 'R7', 'R28', 'R13', 'R20', 'R23', 'R70', 'R24', 'R8']"
