total_cost,total_distance,total_fuel_consumed,route
2479479.815305789,105.1443578725535,9.613785132798,"['D3', 'R1', 'R7', 'R6', 'R13', 'R20', 'R23', 'R10', 'R12', 'R3', 'R11', 'R5', 'R26', 'R17', 'R14', 'R2', 'R70', 'R28', 'R24', 'R8']"
2480405.1595402868,115.40771451072882,10.595969633460266,"['D3', 'R1', 'R7', 'R28', 'R13', 'R6', 'R20', 'R10', 'R3', 'R12', 'R14', 'R17', 'R2', 'R11', 'R26', 'R5', 'R23', 'R70', 'R8', 'R24']"
2481098.9919450344,123.10328244270485,11.561912571718107,"['D3', 'R7', 'R1', 'R11', 'R26', 'R5', 'R2', 'R14', 'R17', 'R3', 'R12', 'R10', 'R23', 'R6', 'R13', 'R20', 'R28', 'R24', 'R70', 'R8']"
2480473.271968771,116.16317622860569,10.522533916978567,"['D3', 'R1', 'R7', 'R28', 'R3', 'R12', 'R10', 'R23', 'R6', 'R13', 'R20', 'R26', 'R5', 'R11', 'R17', 'R14', 'R2', 'R70', 'R8', 'R24']"
2481162.334077176,123.80583492875792,11.536443793272584,"['D3', 'R7', 'R1', 'R26', 'R11', 'R14', 'R17', 'R2', 'R12', 'R3', 'R10', 'R23', 'R6', 'R13', 'R28', 'R20', 'R5', 'R70', 'R8', 'R24']"
