total_cost,total_distance,total_fuel_consumed,route
2480670.690346471,118.35282105668429,11.054973054819632,"['D3', 'R7', 'R1', 'R12', 'R3', 'R10', 'R2', 'R17', 'R14', 'R26', 'R11', 'R5', 'R28', 'R6', 'R20', 'R13', 'R23', 'R70', 'R24', 'R8']"
2481305.409707975,125.3927429899655,11.66027346494642,"['D3', 'R7', 'R1', 'R6', 'R28', 'R5', 'R11', 'R26', 'R2', 'R17', 'R14', 'R10', 'R12', 'R3', 'R23', 'R20', 'R13', 'R70', 'R24', 'R8']"
2479536.9236198994,105.77776863242838,9.61421389554367,"['D3', 'R7', 'R6', 'R28', 'R1', 'R14', 'R17', 'R2', 'R11', 'R5', 'R26', 'R12', 'R3', 'R10', 'R70', 'R23', 'R20', 'R13', 'R24', 'R8']"
2481464.737256993,127.15990746443586,11.750287112349184,"['D3', 'R7', 'R1', 'R28', 'R6', 'R10', 'R3', 'R12', 'R17', 'R14', 'R2', 'R11', 'R5', 'R26', 'R23', 'R13', 'R20', 'R24', 'R8', 'R70']"
2480902.680231923,120.92591206658105,11.247648840478886,"['D3', 'R1', 'R7', 'R5', 'R11', 'R2', 'R17', 'R14', 'R12', 'R3', 'R10', 'R26', 'R28', 'R6', 'R13', 'R20', 'R23', 'R70', 'R24', 'R8']"
