total_cost,total_distance,total_fuel_consumed,route
2482083.492088974,134.02276052544485,12.356075812265447,"['D3', 'R11', 'R26', 'R5', 'R7', 'R1', 'R28', 'R13', 'R6', 'R23', 'R10', 'R3', 'R12', 'R2', 'R17', 'R14', 'R20', 'R70', 'R24', 'R8']"
2480917.36880332,121.08882878571305,11.235013751286582,"['D3', 'R1', 'R7', 'R11', 'R26', 'R14', 'R17', 'R2', 'R5', 'R3', 'R12', 'R10', 'R28', 'R6', 'R13', 'R20', 'R23', 'R70', 'R24', 'R8']"
2482621.491268071,139.9899208969653,13.128082156638762,"['D3', 'R28', 'R7', 'R1', 'R10', 'R12', 'R3', 'R17', 'R14', 'R2', 'R26', 'R11', 'R5', 'R6', 'R20', 'R13', 'R23', 'R24', 'R70', 'R8']"
2480895.6480112546,120.8479149429348,11.077486958268581,"['D3', 'R7', 'R1', 'R13', 'R6', 'R3', 'R12', 'R10', 'R11', 'R17', 'R14', 'R2', 'R26', 'R5', 'R28', 'R20', 'R23', 'R70', 'R8', 'R24']"
2481581.9471898666,128.45992890269414,11.775048309311897,"['D3', 'R1', 'R26', 'R5', 'R17', 'R14', 'R2', 'R11', 'R7', 'R28', 'R23', 'R3', 'R12', 'R10', 'R6', 'R20', 'R13', 'R70', 'R8', 'R24']"
