total_cost,total_distance,total_fuel_consumed,route
2481371.637435412,126.12730074769942,11.717224340336232,"['D3', 'R5', 'R26', 'R14', 'R17', 'R2', 'R3', 'R12', 'R10', 'R23', 'R13', 'R6', 'R7', 'R1', 'R11', 'R28', 'R20', 'R70', 'R8', 'R24']"
2481677.350511855,129.51808464791037,12.020669056803769,"['D3', 'R5', 'R26', 'R11', 'R17', 'R14', 'R2', 'R10', 'R12', 'R3', 'R6', 'R7', 'R28', 'R13', 'R1', 'R23', 'R20', 'R24', 'R8', 'R70']"
2482327.186725859,136.72567353437606,12.69792878897649,"['D3', 'R7', 'R1', 'R5', 'R26', 'R11', 'R17', 'R14', 'R2', 'R28', 'R13', 'R6', 'R20', 'R3', 'R12', 'R10', 'R23', 'R8', 'R24', 'R70']"
2482046.6300491844,133.61390915244226,12.444964685493122,"['D3', 'R6', 'R7', 'R1', 'R11', 'R2', 'R14', 'R17', 'R26', 'R5', 'R3', 'R12', 'R10', 'R23', 'R28', 'R13', 'R20', 'R24', 'R70', 'R8']"
2481835.6333533362,131.27366186043156,11.939514445048083,"['D3', 'R1', 'R7', 'R6', 'R28', 'R13', 'R11', 'R14', 'R17', 'R2', 'R3', 'R12', 'R10', 'R26', 'R5', 'R24', 'R20', 'R23', 'R70', 'R8']"
