total_cost,total_distance,total_fuel_consumed,route
2481335.0856908155,125.72189098065037,11.49469427435061,"['D3', 'R28', 'R7', 'R13', 'R6', 'R1', 'R2', 'R14', 'R17', 'R26', 'R11', 'R5', 'R12', 'R3', 'R10', 'R70', 'R20', 'R23', 'R24', 'R8']"
2482881.314510239,142.87172260690997,13.31770254831807,"['D3', 'R5', 'R11', 'R14', 'R17', 'R2', 'R26', 'R1', 'R7', 'R23', 'R10', 'R3', 'R12', 'R28', 'R6', 'R13', 'R20', 'R8', 'R70', 'R24']"
2480983.0299327592,121.81710218233674,11.115310406438494,"['D3', 'R28', 'R7', 'R10', 'R3', 'R12', 'R1', 'R5', 'R26', 'R11', 'R2', 'R14', 'R17', 'R70', 'R6', 'R13', 'R20', 'R23', 'R24', 'R8']"
2482652.0375706814,140.32872194632793,12.22780121085102,"['D3', 'R1', 'R7', 'R6', 'R28', 'R8', 'R3', 'R10', 'R12', 'R11', 'R14', 'R17', 'R2', 'R5', 'R26', 'R13', 'R20', 'R23', 'R70', 'R24']"
2482321.4342809785,136.66187090703846,12.645220432642285,"['D3', 'R3', 'R10', 'R12', 'R5', 'R11', 'R2', 'R14', 'R17', 'R26', 'R1', 'R7', 'R6', 'R28', 'R23', 'R13', 'R20', 'R70', 'R24', 'R8']"
