total_cost,total_distance,total_fuel_consumed,route
2481978.740110868,132.8609151604752,12.151787127086175,"['D1', 'R6', 'R13', 'R2', 'R14', 'R17', 'R26', 'R5', 'R11', 'R1', 'R7', 'R12', 'R3', 'R10', 'R23', 'R28', 'R20', 'R70', 'R8', 'R24']"
2481145.7389755873,123.62177213384604,11.292115899506014,"['D1', 'R6', 'R13', 'R1', 'R7', 'R12', 'R3', 'R10', 'R26', 'R11', 'R14', 'R17', 'R2', 'R5', 'R28', 'R20', 'R23', 'R70', 'R8', 'R24']"
2481944.688001998,132.48322983582372,12.217148889888318,"['D1', 'R6', 'R13', 'R7', 'R1', 'R5', 'R11', 'R17', 'R14', 'R2', 'R26', 'R3', 'R12', 'R10', 'R20', 'R28', 'R24', 'R23', 'R70', 'R8']"
2481469.146640594,127.20881367118737,11.586844363011124,"['D1', 'R28', 'R1', 'R7', 'R6', 'R13', 'R20', 'R10', 'R12', 'R3', 'R17', 'R14', 'R2', 'R11', 'R5', 'R26', 'R8', 'R70', 'R23', 'R24']"
2481512.4836534015,127.68948151509925,11.734870498285948,"['D1', 'R6', 'R13', 'R1', 'R7', 'R11', 'R5', 'R26', 'R17', 'R14', 'R2', 'R3', 'R12', 'R10', 'R70', 'R28', 'R20', 'R23', 'R8', 'R24']"
