total_cost,total_distance,total_fuel_consumed,route
2479434.639804904,104.64329863469878,9.576838170508271,"['D1', 'R20', 'R6', 'R13', 'R28', 'R1', 'R7', 'R5', 'R11', 'R26', 'R17', 'R14', 'R2', 'R12', 'R3', 'R10', 'R23', 'R70', 'R8', 'R24']"
2481263.296480392,124.92564862901938,11.209791414649612,"['D1', 'R13', 'R5', 'R1', 'R3', 'R10', 'R12', 'R70', 'R14', 'R17', 'R2', 'R11', 'R26', 'R7', 'R6', 'R28', 'R20', 'R23', 'R24', 'R8']"
2479925.2331791073,110.0846625899177,10.01957317139885,"['D1', 'R13', 'R7', 'R1', 'R6', 'R28', 'R5', 'R11', 'R14', 'R17', 'R2', 'R26', 'R12', 'R3', 'R10', 'R70', 'R23', 'R20', 'R24', 'R8']"
2481605.5817549345,128.7220691541089,11.772198800212053,"['D1', 'R28', 'R1', 'R7', 'R11', 'R17', 'R14', 'R2', 'R26', 'R5', 'R3', 'R12', 'R23', 'R10', 'R13', 'R20', 'R6', 'R24', 'R8', 'R70']"
2479938.4429209298,110.23117702895252,9.961224243140077,"['D1', 'R20', 'R6', 'R13', 'R5', 'R26', 'R14', 'R17', 'R2', 'R11', 'R7', 'R1', 'R3', 'R10', 'R12', 'R70', 'R23', 'R28', 'R24', 'R8']"
