total_cost,total_distance,total_fuel_consumed,route
2480411.605874815,115.47921334089733,10.592805594297142,"['D1', 'R13', 'R6', 'R7', 'R1', 'R28', 'R20', 'R23', 'R10', 'R3', 'R12', 'R14', 'R17', 'R2', 'R11', 'R26', 'R5', 'R70', 'R24', 'R8']"
2481438.6637861575,126.87071635045706,11.549946017213289,"['D1', 'R13', 'R6', 'R7', 'R1', 'R26', 'R11', 'R5', 'R14', 'R17', 'R2', 'R10', 'R3', 'R12', 'R28', 'R24', 'R8', 'R20', 'R23', 'R70']"
2481883.7476512915,131.8073164517693,12.431414795285793,"['D1', 'R13', 'R6', 'R28', 'R7', 'R1', 'R5', 'R26', 'R11', 'R2', 'R14', 'R17', 'R12', 'R3', 'R10', 'R23', 'R20', 'R8', 'R70', 'R24']"
2480314.9433541233,114.40709132790494,10.539277926531831,"['D1', 'R13', 'R6', 'R20', 'R7', 'R1', 'R5', 'R26', 'R11', 'R17', 'R14', 'R2', 'R12', 'R3', 'R10', 'R23', 'R28', 'R24', 'R8', 'R70']"
2479820.412699383,108.92205744657556,10.046495017820227,"['D1', 'R13', 'R20', 'R6', 'R1', 'R7', 'R28', 'R5', 'R26', 'R11', 'R14', 'R17', 'R2', 'R12', 'R3', 'R10', 'R70', 'R23', 'R8', 'R24']"
