total_cost,total_distance,total_fuel_consumed,route
2481170.956610637,123.90147083669973,11.384123170551307,"['D1', 'R28', 'R7', 'R1', 'R11', 'R14', 'R17', 'R2', 'R10', 'R3', 'R12', 'R23', 'R6', 'R13', 'R20', 'R5', 'R26', 'R70', 'R8', 'R24']"
2482567.0661433917,139.3862704457824,12.809752565497243,"['D1', 'R13', 'R6', 'R7', 'R5', 'R11', 'R28', 'R1', 'R2', 'R14', 'R17', 'R26', 'R3', 'R12', 'R23', 'R10', 'R20', 'R70', 'R24', 'R8']"
2482950.454818035,143.63858493828204,13.083504330939986,"['D1', 'R13', 'R6', 'R1', 'R14', 'R17', 'R2', 'R5', 'R11', 'R12', 'R3', 'R70', 'R7', 'R26', 'R10', 'R20', 'R28', 'R23', 'R24', 'R8']"
2484248.0602247287,158.03083656531277,14.629318740137101,"['D1', 'R6', 'R7', 'R5', 'R14', 'R17', 'R11', 'R26', 'R2', 'R12', 'R3', 'R10', 'R1', 'R13', 'R28', 'R20', 'R8', 'R23', 'R70', 'R24']"
2481078.2111430173,122.87279439903708,11.132961180319422,"['D1', 'R13', 'R7', 'R5', 'R11', 'R14', 'R17', 'R2', 'R1', 'R6', 'R23', 'R3', 'R12', 'R10', 'R70', 'R26', 'R28', 'R20', 'R24', 'R8']"
