total_cost,total_distance,total_fuel_consumed,route
2480277.8276768867,113.99542676227921,10.604181872740988,"['D1', 'R13', 'R6', 'R7', 'R1', 'R28', 'R5', 'R26', 'R11', 'R17', 'R14', 'R2', 'R3', 'R12', 'R10', 'R23', 'R20', 'R70', 'R8', 'R24']"
2481432.341851897,126.80059729256251,11.721531672930139,"['D1', 'R13', 'R6', 'R28', 'R7', 'R1', 'R10', 'R3', 'R12', 'R23', 'R11', 'R14', 'R17', 'R2', 'R26', 'R5', 'R20', 'R70', 'R8', 'R24']"
2480445.138222249,115.85113378715272,10.578358974474815,"['D1', 'R13', 'R28', 'R7', 'R1', 'R6', 'R20', 'R10', 'R12', 'R3', 'R11', 'R26', 'R5', 'R2', 'R17', 'R14', 'R70', 'R23', 'R24', 'R8']"
2480195.3345937342,113.08046355073853,10.548930274782853,"['D1', 'R13', 'R28', 'R7', 'R1', 'R5', 'R26', 'R11', 'R14', 'R17', 'R2', 'R12', 'R3', 'R10', 'R23', 'R6', 'R20', 'R70', 'R8', 'R24']"
2479914.195925532,109.9622440720093,9.991672478242705,"['D1', 'R13', 'R20', 'R7', 'R1', 'R6', 'R28', 'R11', 'R26', 'R5', 'R14', 'R17', 'R2', 'R3', 'R12', 'R10', 'R23', 'R70', 'R8', 'R24']"
