total_cost,total_distance,total_fuel_consumed,route
2481249.4749670145,124.77234879120016,11.284577147379428,"['D1', 'R6', 'R13', 'R20', 'R3', 'R12', 'R26', 'R11', 'R5', 'R14', 'R17', 'R2', 'R28', 'R1', 'R7', 'R10', 'R23', 'R70', 'R8', 'R24']"
2480475.1608738643,116.18412681748478,10.69091491897706,"['D1', 'R20', 'R13', 'R6', 'R1', 'R7', 'R23', 'R10', 'R12', 'R3', 'R2', 'R17', 'R14', 'R11', 'R5', 'R26', 'R28', 'R70', 'R8', 'R24']"
2480551.1287780292,117.02671670396624,10.519878405434204,"['D1', 'R20', 'R3', 'R12', 'R1', 'R6', 'R13', 'R28', 'R7', 'R5', 'R26', 'R11', 'R17', 'R14', 'R2', 'R70', 'R10', 'R23', 'R24', 'R8']"
2482061.28016355,133.77639932952638,12.194030703016706,"['D1', 'R6', 'R13', 'R17', 'R14', 'R2', 'R11', 'R5', 'R26', 'R1', 'R7', 'R3', 'R12', 'R10', 'R20', 'R23', 'R70', 'R28', 'R8', 'R24']"
2480752.89859344,119.26462503816313,10.94749594910641,"['D1', 'R20', 'R13', 'R7', 'R1', 'R28', 'R6', 'R10', 'R3', 'R12', 'R2', 'R17', 'R14', 'R11', 'R5', 'R26', 'R70', 'R23', 'R8', 'R24']"
