total_cost,total_distance,total_fuel_consumed,route
2480915.140875733,121.06411796509965,11.117412065399462,"['D1', 'R13', 'R6', 'R7', 'R28', 'R3', 'R12', 'R10', 'R11', 'R14', 'R17', 'R2', 'R5', 'R26', 'R1', 'R20', 'R23', 'R70', 'R8', 'R24']"
2480490.8936531865,116.35862525716789,10.69486672873837,"['D1', 'R20', 'R13', 'R6', 'R7', 'R14', 'R17', 'R2', 'R11', 'R5', 'R26', 'R28', 'R1', 'R12', 'R3', 'R10', 'R23', 'R70', 'R24', 'R8']"
2481936.0948378444,132.3879196744072,12.446776737695366,"['D1', 'R13', 'R6', 'R7', 'R1', 'R5', 'R11', 'R26', 'R17', 'R14', 'R2', 'R10', 'R3', 'R12', 'R23', 'R20', 'R28', 'R8', 'R70', 'R24']"
2480922.6223374447,121.14709779774226,10.986916931137577,"['D1', 'R13', 'R28', 'R6', 'R20', 'R23', 'R12', 'R3', 'R5', 'R11', 'R26', 'R2', 'R17', 'R14', 'R7', 'R1', 'R10', 'R70', 'R24', 'R8']"
2482124.2746251007,134.47509566438333,12.497577227940237,"['D1', 'R13', 'R6', 'R7', 'R28', 'R17', 'R14', 'R2', 'R11', 'R26', 'R5', 'R1', 'R3', 'R12', 'R10', 'R23', 'R20', 'R8', 'R24', 'R70']"
