total_cost,total_distance,total_fuel_consumed,route
2481131.965657357,123.46900684735394,11.393939031316469,"['D1', 'R20', 'R13', 'R7', 'R1', 'R11', 'R26', 'R5', 'R14', 'R17', 'R2', 'R12', 'R3', 'R10', 'R70', 'R6', 'R28', 'R23', 'R8', 'R24']"
2479588.4076202177,106.34879791722885,9.748199555901131,"['D1', 'R13', 'R6', 'R28', 'R1', 'R7', 'R5', 'R2', 'R17', 'R14', 'R11', 'R26', 'R12', 'R3', 'R10', 'R70', 'R23', 'R20', 'R24', 'R8']"
2479783.8313461635,108.51631927865412,10.025402572318107,"['D1', 'R13', 'R20', 'R6', 'R1', 'R7', 'R28', 'R5', 'R26', 'R11', 'R2', 'R17', 'R14', 'R12', 'R3', 'R10', 'R23', 'R70', 'R24', 'R8']"
2479548.8263728726,105.9097867443767,9.722634215336177,"['D1', 'R20', 'R6', 'R13', 'R28', 'R1', 'R7', 'R5', 'R26', 'R11', 'R17', 'R14', 'R2', 'R12', 'R3', 'R10', 'R70', 'R23', 'R24', 'R8']"
2481022.2087045903,122.25164934106232,11.264390359613536,"['D1', 'R6', 'R1', 'R7', 'R28', 'R13', 'R20', 'R23', 'R10', 'R12', 'R3', 'R2', 'R14', 'R17', 'R11', 'R5', 'R26', 'R8', 'R70', 'R24']"
