total_cost,total_distance,total_fuel_consumed,route
2482283.929319648,136.24588863851164,12.559621413416068,"['D1', 'R20', 'R13', 'R23', 'R10', 'R12', 'R2', 'R14', 'R17', 'R11', 'R5', 'R26', 'R3', 'R7', 'R6', 'R28', 'R1', 'R24', 'R70', 'R8']"
2482709.2109085424,140.96285391018273,13.074103814567504,"['D1', 'R13', 'R28', 'R6', 'R1', 'R5', 'R11', 'R26', 'R17', 'R14', 'R2', 'R7', 'R3', 'R12', 'R23', 'R10', 'R20', 'R24', 'R70', 'R8']"
2481327.7458205414,125.6404815942894,11.466640070317059,"['D1', 'R13', 'R7', 'R6', 'R1', 'R28', 'R26', 'R11', 'R5', 'R17', 'R14', 'R2', 'R3', 'R12', 'R10', 'R70', 'R20', 'R23', 'R24', 'R8']"
2480197.1198389586,113.10026440726301,10.253365357373964,"['D1', 'R20', 'R6', 'R28', 'R13', 'R1', 'R7', 'R17', 'R14', 'R2', 'R26', 'R11', 'R5', 'R3', 'R12', 'R10', 'R23', 'R70', 'R8', 'R24']"
2482315.6020888845,136.59718377201148,12.607495572847885,"['D1', 'R20', 'R10', 'R12', 'R3', 'R2', 'R14', 'R17', 'R11', 'R5', 'R26', 'R7', 'R23', 'R13', 'R6', 'R1', 'R28', 'R24', 'R70', 'R8']"
