total_cost,total_distance,total_fuel_consumed,route
2480375.7046741657,115.08101901248287,10.612485006831031,"['D1', 'R13', 'R20', 'R6', 'R28', 'R7', 'R1', 'R3', 'R12', 'R10', 'R23', 'R14', 'R17', 'R2', 'R26', 'R5', 'R11', 'R70', 'R24', 'R8']"
2480922.605679272,121.14691303541287,11.255289626655356,"['D1', 'R13', 'R6', 'R28', 'R5', 'R11', 'R26', 'R14', 'R17', 'R2', 'R3', 'R12', 'R10', 'R1', 'R7', 'R23', 'R20', 'R70', 'R8', 'R24']"
2479966.8271634863,110.54599782039374,10.001636857176738,"['D1', 'R20', 'R13', 'R28', 'R1', 'R7', 'R6', 'R23', 'R3', 'R12', 'R10', 'R26', 'R5', 'R11', 'R2', 'R17', 'R14', 'R70', 'R8', 'R24']"
2481452.355200262,127.02257320610215,11.609665795962936,"['D1', 'R13', 'R20', 'R1', 'R7', 'R28', 'R6', 'R5', 'R2', 'R14', 'R17', 'R11', 'R26', 'R3', 'R12', 'R10', 'R23', 'R24', 'R8', 'R70']"
2480155.1648930246,112.63492561030037,10.4203813570354,"['D1', 'R20', 'R13', 'R28', 'R7', 'R1', 'R11', 'R26', 'R5', 'R17', 'R14', 'R2', 'R3', 'R12', 'R10', 'R23', 'R6', 'R70', 'R8', 'R24']"
