total_cost,total_distance,total_fuel_consumed,route
2481982.228837495,132.89960999883857,12.293242332435602,"['D1', 'R6', 'R7', 'R2', 'R17', 'R14', 'R26', 'R5', 'R11', 'R1', 'R10', 'R12', 'R3', 'R23', 'R13', 'R20', 'R28', 'R70', 'R24', 'R8']"
2481892.748757537,131.9071512592839,11.940965180487353,"['D1', 'R28', 'R6', 'R7', 'R26', 'R5', 'R14', 'R17', 'R2', 'R1', 'R10', 'R12', 'R3', 'R70', 'R20', 'R13', 'R23', 'R11', 'R8', 'R24']"
2482104.631424428,134.25722520439197,12.272674616410903,"['D1', 'R13', 'R1', 'R7', 'R28', 'R6', 'R20', 'R10', 'R12', 'R3', 'R23', 'R17', 'R14', 'R2', 'R11', 'R5', 'R26', 'R8', 'R70', 'R24']"
2482177.919313534,135.07008999039883,12.456678665843322,"['D1', 'R6', 'R7', 'R5', 'R26', 'R17', 'R14', 'R2', 'R11', 'R1', 'R13', 'R28', 'R10', 'R12', 'R3', 'R23', 'R20', 'R70', 'R24', 'R8']"
2481028.602978909,122.32257075098387,11.334721522427344,"['D1', 'R6', 'R7', 'R1', 'R5', 'R17', 'R14', 'R2', 'R11', 'R26', 'R12', 'R3', 'R10', 'R28', 'R13', 'R20', 'R23', 'R70', 'R24', 'R8']"
