total_cost,total_distance,total_fuel_consumed,route
2481082.3958677235,122.91920882569076,11.168969692159507,"['D1', 'R20', 'R6', 'R13', 'R14', 'R17', 'R2', 'R26', 'R11', 'R5', 'R1', 'R7', 'R28', 'R12', 'R3', 'R10', 'R70', 'R23', 'R8', 'R24']"
2482927.31021996,143.38187910337138,13.147078373047215,"['D1', 'R6', 'R13', 'R20', 'R14', 'R17', 'R2', 'R11', 'R26', 'R5', 'R1', 'R7', 'R12', 'R3', 'R10', 'R28', 'R24', 'R70', 'R23', 'R8']"
2481577.457139629,128.41012799055937,11.82754447337153,"['D1', 'R6', 'R1', 'R7', 'R28', 'R13', 'R5', 'R26', 'R14', 'R17', 'R2', 'R11', 'R3', 'R12', 'R10', 'R23', 'R20', 'R70', 'R24', 'R8']"
2480552.357637402,117.04034646630919,10.620418940305187,"['D1', 'R6', 'R20', 'R13', 'R3', 'R12', 'R2', 'R17', 'R14', 'R11', 'R5', 'R26', 'R1', 'R7', 'R28', 'R23', 'R10', 'R70', 'R8', 'R24']"
2482891.446649692,142.98410214831617,13.30458605369433,"['D1', 'R6', 'R13', 'R20', 'R10', 'R3', 'R12', 'R14', 'R17', 'R2', 'R11', 'R5', 'R26', 'R28', 'R7', 'R1', 'R23', 'R8', 'R70', 'R24']"
