total_cost,total_distance,total_fuel_consumed,route
2480367.642354065,114.99159665112325,10.450897183892573,"['D1', 'R20', 'R13', 'R28', 'R1', 'R7', 'R6', 'R26', 'R17', 'R14', 'R2', 'R5', 'R11', 'R10', 'R12', 'R3', 'R23', 'R70', 'R8', 'R24']"
2479733.3224905827,107.95610570744311,9.772464591123725,"['D1', 'R20', 'R13', 'R7', 'R1', 'R10', 'R12', 'R3', 'R5', 'R26', 'R14', 'R17', 'R2', 'R11', 'R70', 'R23', 'R6', 'R28', 'R24', 'R8']"
2483070.152641891,144.96620055335944,13.300963060539782,"['D1', 'R20', 'R13', 'R7', 'R6', 'R26', 'R11', 'R14', 'R17', 'R2', 'R3', 'R12', 'R1', 'R5', 'R10', 'R23', 'R28', 'R8', 'R24', 'R70']"
2481552.716309373,128.13571771709184,11.546972515205985,"['D1', 'R6', 'R13', 'R7', 'R1', 'R28', 'R20', 'R14', 'R17', 'R2', 'R26', 'R11', 'R5', 'R3', 'R12', 'R10', 'R70', 'R23', 'R8', 'R24']"
2481888.6599502424,131.86180069035188,12.017103214540011,"['D1', 'R20', 'R13', 'R23', 'R1', 'R7', 'R6', 'R10', 'R12', 'R3', 'R17', 'R14', 'R2', 'R26', 'R11', 'R5', 'R28', 'R24', 'R70', 'R8']"
