total_cost,total_distance,total_fuel_consumed,route
2480426.716804281,115.64681459939223,10.800097525268628,"['D1', 'R13', 'R6', 'R7', 'R1', 'R11', 'R26', 'R5', 'R17', 'R14', 'R2', 'R12', 'R3', 'R10', 'R23', 'R20', 'R28', 'R70', 'R8', 'R24']"
2480942.1270250287,121.36343195462607,11.281284288520373,"['D1', 'R13', 'R6', 'R28', 'R1', 'R7', 'R10', 'R12', 'R3', 'R17', 'R14', 'R2', 'R11', 'R26', 'R5', 'R20', 'R23', 'R70', 'R24', 'R8']"
2480005.1416861494,110.97095925188277,10.28800081418231,"['D1', 'R13', 'R6', 'R28', 'R7', 'R1', 'R17', 'R14', 'R2', 'R26', 'R5', 'R11', 'R3', 'R12', 'R10', 'R23', 'R70', 'R20', 'R24', 'R8']"
2480793.2360382373,119.71202349420345,11.113905374385377,"['D1', 'R13', 'R6', 'R7', 'R1', 'R17', 'R14', 'R2', 'R3', 'R12', 'R10', 'R23', 'R20', 'R28', 'R5', 'R26', 'R11', 'R70', 'R24', 'R8']"
2480813.4069992723,119.93574755182391,10.935188198317132,"['D1', 'R13', 'R6', 'R11', 'R26', 'R5', 'R14', 'R17', 'R2', 'R1', 'R7', 'R28', 'R23', 'R3', 'R12', 'R10', 'R70', 'R20', 'R24', 'R8']"
