total_cost,total_distance,total_fuel_consumed,route
2479643.265008705,106.95724277624049,9.724364760097696,"['D1', 'R20', 'R13', 'R28', 'R6', 'R7', 'R1', 'R17', 'R14', 'R2', 'R11', 'R26', 'R5', 'R23', 'R10', 'R3', 'R12', 'R70', 'R8', 'R24']"
2480904.8970927964,120.95050014193252,11.182943037648368,"['D1', 'R13', 'R20', 'R6', 'R1', 'R5', 'R11', 'R17', 'R14', 'R2', 'R12', 'R3', 'R10', 'R7', 'R28', 'R26', 'R70', 'R23', 'R24', 'R8']"
2480015.103984015,111.08145501347883,10.30457461215557,"['D1', 'R13', 'R20', 'R6', 'R7', 'R1', 'R5', 'R26', 'R11', 'R17', 'R2', 'R14', 'R12', 'R3', 'R10', 'R23', 'R28', 'R24', 'R8', 'R70']"
2481179.949181827,124.00121097855956,11.425025460714247,"['D1', 'R13', 'R1', 'R7', 'R28', 'R10', 'R3', 'R12', 'R2', 'R17', 'R14', 'R11', 'R5', 'R26', 'R6', 'R20', 'R23', 'R70', 'R24', 'R8']"
2480274.037291732,113.95338611060535,10.482210078185936,"['D1', 'R13', 'R20', 'R6', 'R7', 'R1', 'R28', 'R14', 'R17', 'R2', 'R11', 'R26', 'R5', 'R3', 'R12', 'R10', 'R23', 'R70', 'R24', 'R8']"
