total_cost,total_distance,total_fuel_consumed,route
2482828.4540324425,142.28542626932528,13.09209804823221,"['D2', 'R17', 'R14', 'R2', 'R26', 'R11', 'R5', 'R7', 'R12', 'R3', 'R1', 'R10', 'R23', 'R28', 'R6', 'R20', 'R13', 'R24', 'R70', 'R8']"
2482934.3577253423,143.4600457557882,13.130119359664487,"['D2', 'R2', 'R14', 'R17', 'R26', 'R11', 'R7', 'R1', 'R5', 'R28', 'R6', 'R13', 'R23', 'R3', 'R12', 'R70', 'R10', 'R24', 'R20', 'R8']"
2483159.508493719,145.9572814298962,13.429813295024209,"['D2', 'R2', 'R17', 'R14', 'R26', 'R11', 'R7', 'R1', 'R6', 'R10', 'R12', 'R3', 'R23', 'R13', 'R28', 'R5', 'R70', 'R20', 'R8', 'R24']"
2482077.107615872,133.9519478246685,12.034715216311495,"['D2', 'R70', 'R3', 'R12', 'R2', 'R17', 'R14', 'R11', 'R26', 'R5', 'R7', 'R1', 'R6', 'R13', 'R28', 'R10', 'R20', 'R23', 'R8', 'R24']"
2481203.111186853,124.25810988080681,11.506357717590562,"['D2', 'R2', 'R17', 'R14', 'R11', 'R26', 'R5', 'R12', 'R3', 'R10', 'R7', 'R1', 'R6', 'R13', 'R28', 'R20', 'R23', 'R70', 'R24', 'R8']"
