total_cost,total_distance,total_fuel_consumed,route
2481902.7130451933,132.01766909043508,12.168972498737443,"['D2', 'R26', 'R17', 'R14', 'R2', 'R11', 'R5', 'R7', 'R1', 'R3', 'R12', 'R10', 'R6', 'R28', 'R13', 'R23', 'R20', 'R70', 'R8', 'R24']"
2479993.9896831783,110.84726800331794,10.068610973968852,"['D2', 'R14', 'R17', 'R2', 'R5', 'R26', 'R11', 'R1', 'R7', 'R6', 'R13', 'R28', 'R20', 'R23', 'R10', 'R3', 'R12', 'R70', 'R8', 'R24']"
2480516.691774478,116.64476236112344,10.69587813686586,"['D2', 'R5', 'R11', 'R26', 'R17', 'R14', 'R2', 'R12', 'R3', 'R10', 'R6', 'R1', 'R7', 'R28', 'R13', 'R20', 'R23', 'R70', 'R8', 'R24']"
2482302.0948677603,136.4473698731199,12.473014274760848,"['D2', 'R26', 'R11', 'R14', 'R17', 'R2', 'R12', 'R3', 'R10', 'R70', 'R7', 'R1', 'R6', 'R28', 'R13', 'R20', 'R5', 'R23', 'R8', 'R24']"
2481952.1077444153,132.56552511552582,12.251446339018429,"['D2', 'R26', 'R11', 'R14', 'R17', 'R2', 'R3', 'R12', 'R10', 'R1', 'R7', 'R6', 'R13', 'R28', 'R5', 'R23', 'R20', 'R24', 'R8', 'R70']"
