total_cost,total_distance,total_fuel_consumed,route
2482530.9387075393,138.98556685381382,12.326791260631932,"['D2', 'R13', 'R6', 'R23', 'R3', 'R12', 'R10', 'R17', 'R14', 'R2', 'R26', 'R5', 'R11', 'R7', 'R1', 'R20', 'R28', 'R24', 'R8', 'R70']"
2483031.650925435,144.53916288193483,13.234300886839439,"['D2', 'R11', 'R17', 'R14', 'R2', 'R1', 'R5', 'R26', 'R7', 'R6', 'R13', 'R28', 'R12', 'R3', 'R10', 'R23', 'R20', 'R24', 'R70', 'R8']"
2481396.802082379,126.40641173890185,11.513385208528357,"['D2', 'R14', 'R17', 'R2', 'R11', 'R26', 'R5', 'R1', 'R7', 'R28', 'R6', 'R13', 'R70', 'R10', 'R3', 'R12', 'R20', 'R23', 'R24', 'R8']"
2480674.434684087,118.39435097701164,10.640778844244938,"['D2', 'R17', 'R14', 'R2', 'R5', 'R11', 'R26', 'R6', 'R7', 'R1', 'R28', 'R20', 'R13', 'R23', 'R10', 'R3', 'R12', 'R70', 'R8', 'R24']"
2482134.361298334,134.58697092207296,12.530521117078358,"['D2', 'R17', 'R14', 'R2', 'R11', 'R5', 'R26', 'R3', 'R12', 'R10', 'R23', 'R1', 'R7', 'R6', 'R13', 'R28', 'R20', 'R24', 'R70', 'R8']"
