total_cost,total_distance,total_fuel_consumed,route
2480892.928874934,120.81775593316894,11.11962356924559,"['D2', 'R2', 'R17', 'R14', 'R11', 'R26', 'R5', 'R3', 'R12', 'R10', 'R23', 'R6', 'R7', 'R1', 'R13', 'R20', 'R28', 'R24', 'R8', 'R70']"
2481645.760871478,129.16771152925818,11.855696140068519,"['D2', 'R14', 'R17', 'R2', 'R5', 'R12', 'R3', 'R10', 'R11', 'R26', 'R7', 'R1', 'R28', 'R6', 'R20', 'R13', 'R23', 'R70', 'R24', 'R8']"
2481055.455979929,122.62040794064677,11.213375334264791,"['D2', 'R26', 'R5', 'R11', 'R17', 'R14', 'R2', 'R1', 'R28', 'R7', 'R6', 'R20', 'R13', 'R3', 'R12', 'R10', 'R23', 'R70', 'R24', 'R8']"
2481238.693010823,124.65276187691734,11.4564027469941,"['D2', 'R11', 'R2', 'R17', 'R14', 'R26', 'R5', 'R10', 'R12', 'R3', 'R7', 'R1', 'R28', 'R13', 'R6', 'R20', 'R23', 'R70', 'R24', 'R8']"
2481890.935970868,131.88704492977044,12.132431753772648,"['D2', 'R11', 'R5', 'R26', 'R2', 'R17', 'R14', 'R7', 'R1', 'R10', 'R3', 'R12', 'R23', 'R6', 'R28', 'R13', 'R20', 'R70', 'R24', 'R8']"
