total_cost,total_distance,total_fuel_consumed,route
2479765.8674543253,108.31707469304658,9.73629528371878,"['D2', 'R5', 'R26', 'R11', 'R14', 'R17', 'R2', 'R12', 'R3', 'R10', 'R70', 'R23', 'R1', 'R7', 'R28', 'R20', 'R13', 'R6', 'R24', 'R8']"
2480135.9947249047,112.42230174029406,10.319767304729288,"['D2', 'R2', 'R14', 'R17', 'R11', 'R5', 'R26', 'R1', 'R7', 'R28', 'R6', 'R13', 'R20', 'R23', 'R12', 'R3', 'R10', 'R70', 'R24', 'R8']"
2481582.84247181,128.4698588266472,11.533714664503627,"['D2', 'R17', 'R14', 'R2', 'R26', 'R5', 'R11', 'R3', 'R12', 'R10', 'R23', 'R24', 'R28', 'R7', 'R1', 'R6', 'R13', 'R20', 'R70', 'R8']"
2480199.7900929074,113.12988124342945,10.3660604533223,"['D2', 'R17', 'R14', 'R2', 'R11', 'R5', 'R26', 'R1', 'R7', 'R28', 'R13', 'R6', 'R20', 'R23', 'R10', 'R12', 'R3', 'R70', 'R24', 'R8']"
2480513.3912437363,116.6081548772874,10.759563079731263,"['D2', 'R2', 'R14', 'R17', 'R11', 'R26', 'R5', 'R1', 'R7', 'R28', 'R6', 'R13', 'R20', 'R12', 'R3', 'R10', 'R23', 'R70', 'R24', 'R8']"
