total_cost,total_distance,total_fuel_consumed,route
2480446.795305254,115.86951314611986,10.658269345153974,"['D1', 'R20', 'R13', 'R6', 'R7', 'R28', 'R26', 'R5', 'R11', 'R2', 'R17', 'R14', 'R1', 'R10', 'R12', 'R3', 'R23', 'R70', 'R24', 'R8']"
2481782.19459501,130.6809515861827,12.181391104799307,"['D1', 'R6', 'R13', 'R28', 'R7', 'R1', 'R26', 'R5', 'R11', 'R2', 'R14', 'R17', 'R3', 'R12', 'R10', 'R23', 'R20', 'R8', 'R24', 'R70']"
2480733.139615104,119.04547044259357,10.88672471224678,"['D1', 'R13', 'R28', 'R6', 'R20', 'R23', 'R3', 'R12', 'R10', 'R17', 'R14', 'R2', 'R11', 'R26', 'R5', 'R1', 'R7', 'R70', 'R24', 'R8']"
2482153.3696998046,134.79780057458467,12.391929914222494,"['D1', 'R20', 'R7', 'R28', 'R26', 'R17', 'R14', 'R2', 'R11', 'R5', 'R1', 'R10', 'R3', 'R12', 'R23', 'R6', 'R13', 'R24', 'R70', 'R8']"
2481269.9318460384,124.99924407762079,11.526859825348705,"['D1', 'R6', 'R13', 'R28', 'R7', 'R1', 'R12', 'R3', 'R17', 'R14', 'R2', 'R11', 'R26', 'R5', 'R10', 'R70', 'R20', 'R23', 'R24', 'R8']"
