total_cost,total_distance,total_fuel_consumed,route
2480019.1372952773,111.12619005409715,10.387641300702919,"['D1', 'R13', 'R6', 'R28', 'R7', 'R1', 'R5', 'R26', 'R11', 'R17', 'R14', 'R2', 'R3', 'R12', 'R10', 'R23', 'R20', 'R70', 'R8', 'R24']"
2479971.2313443953,110.59484632204575,10.255110120785574,"['D1', 'R13', 'R7', 'R1', 'R5', 'R26', 'R11', 'R17', 'R14', 'R2', 'R3', 'R12', 'R10', 'R23', 'R20', 'R6', 'R28', 'R24', 'R8', 'R70']"
2480419.73542791,115.56938140983158,10.601348719924664,"['D1', 'R13', 'R6', 'R20', 'R28', 'R1', 'R7', 'R26', 'R5', 'R11', 'R17', 'R14', 'R2', 'R10', 'R3', 'R12', 'R23', 'R70', 'R24', 'R8']"
2480634.7239122344,117.95390319692606,11.049670307636427,"['D1', 'R13', 'R6', 'R7', 'R1', 'R5', 'R26', 'R11', 'R14', 'R17', 'R2', 'R12', 'R3', 'R10', 'R23', 'R28', 'R20', 'R70', 'R8', 'R24']"
2481758.476369251,130.41788342115143,12.156497050128777,"['D1', 'R13', 'R6', 'R1', 'R7', 'R28', 'R11', 'R26', 'R14', 'R17', 'R2', 'R5', 'R3', 'R12', 'R10', 'R23', 'R20', 'R24', 'R70', 'R8']"
