total_cost,total_distance,total_fuel_consumed,route
2480344.738910257,114.73756555297906,10.348189428084295,"['D1', 'R13', 'R28', 'R7', 'R5', 'R17', 'R2', 'R14', 'R11', 'R26', 'R70', 'R3', 'R12', 'R10', 'R1', 'R6', 'R23', 'R20', 'R24', 'R8']"
2482107.793229375,134.29229402589962,12.425383168232976,"['D1', 'R6', 'R13', 'R7', 'R14', 'R17', 'R2', 'R11', 'R26', 'R5', 'R1', 'R3', 'R10', 'R12', 'R23', 'R20', 'R28', 'R24', 'R70', 'R8']"
2480708.481906555,118.77198210464799,11.07022140880301,"['D1', 'R13', 'R6', 'R28', 'R7', 'R1', 'R14', 'R17', 'R2', 'R11', 'R26', 'R5', 'R3', 'R12', 'R10', 'R20', 'R23', 'R70', 'R24', 'R8']"
2482813.0530472095,142.11460788830382,13.262889593147857,"['D1', 'R13', 'R23', 'R10', 'R3', 'R12', 'R2', 'R14', 'R17', 'R11', 'R26', 'R5', 'R7', 'R6', 'R1', 'R28', 'R20', 'R8', 'R70', 'R24']"
2481669.135332153,129.4269668606206,11.754888668978426,"['D1', 'R6', 'R13', 'R7', 'R5', 'R14', 'R17', 'R2', 'R26', 'R1', 'R28', 'R11', 'R12', 'R3', 'R10', 'R20', 'R23', 'R70', 'R8', 'R24']"
