total_cost,total_distance,total_fuel_consumed,route
2481045.807389387,122.513391630289,11.184990810442603,"['D1', 'R13', 'R28', 'R6', 'R20', 'R12', 'R3', 'R2', 'R17', 'R14', 'R26', 'R11', 'R5', 'R1', 'R7', 'R10', 'R23', 'R70', 'R24', 'R8']"
2480444.0448197713,115.83900643047465,10.679486249517193,"['D1', 'R20', 'R13', 'R1', 'R7', 'R5', 'R26', 'R11', 'R14', 'R17', 'R2', 'R12', 'R3', 'R10', 'R6', 'R28', 'R23', 'R70', 'R8', 'R24']"
2480691.4816184016,118.58342522628791,10.96940441448684,"['D1', 'R20', 'R6', 'R1', 'R7', 'R28', 'R5', 'R26', 'R11', 'R2', 'R14', 'R17', 'R12', 'R3', 'R10', 'R23', 'R13', 'R70', 'R8', 'R24']"
2481254.621981567,124.82943635278355,11.321616106770845,"['D1', 'R13', 'R6', 'R11', 'R5', 'R26', 'R7', 'R1', 'R10', 'R12', 'R3', 'R17', 'R14', 'R2', 'R23', 'R70', 'R20', 'R28', 'R24', 'R8']"
2480967.0895065838,121.6403006497791,11.179294131933803,"['D1', 'R23', 'R10', 'R3', 'R12', 'R2', 'R17', 'R14', 'R11', 'R5', 'R26', 'R7', 'R6', 'R1', 'R28', 'R13', 'R20', 'R70', 'R8', 'R24']"
