total_cost,total_distance,total_fuel_consumed,route
2480323.5541417194,114.50259695784622,10.526516921581981,"['D1', 'R13', 'R20', 'R6', 'R7', 'R28', 'R1', 'R3', 'R10', 'R12', 'R11', 'R5', 'R26', 'R14', 'R17', 'R2', 'R70', 'R23', 'R8', 'R24']"
2480886.665728663,120.74828891595982,11.274236866348394,"['D1', 'R13', 'R20', 'R6', 'R7', 'R1', 'R26', 'R5', 'R11', 'R14', 'R17', 'R2', 'R12', 'R3', 'R10', 'R23', 'R28', 'R70', 'R24', 'R8']"
2479491.9908080464,105.27940115402399,9.69903494441096,"['D1', 'R20', 'R13', 'R6', 'R7', 'R1', 'R28', 'R5', 'R26', 'R11', 'R17', 'R14', 'R2', 'R3', 'R12', 'R10', 'R70', 'R23', 'R24', 'R8']"
2479280.62684857,102.9350803967444,9.426544118885532,"['D1', 'R13', 'R20', 'R6', 'R7', 'R1', 'R2', 'R14', 'R17', 'R26', 'R5', 'R11', 'R3', 'R12', 'R10', 'R70', 'R23', 'R28', 'R24', 'R8']"
2479790.7634849334,108.59320635462912,9.932958582378545,"['D1', 'R6', 'R7', 'R1', 'R11', 'R26', 'R5', 'R17', 'R14', 'R2', 'R3', 'R10', 'R12', 'R70', 'R23', 'R28', 'R13', 'R20', 'R24', 'R8']"
