total_cost,total_distance,total_fuel_consumed,route
2481192.9500755314,124.14540900101325,11.416476490506865,"['D3', 'R26', 'R11', 'R5', 'R28', 'R7', 'R1', 'R10', 'R3', 'R12', 'R17', 'R14', 'R2', 'R6', 'R13', 'R20', 'R23', 'R70', 'R24', 'R8']"
2482428.9437531605,137.85430072272285,12.436091087180515,"['D3', 'R1', 'R7', 'R6', 'R13', 'R28', 'R20', 'R70', 'R10', 'R3', 'R12', 'R17', 'R14', 'R2', 'R5', 'R26', 'R11', 'R8', 'R23', 'R24']"
2480302.6797397723,114.27107076056721,10.498443116506367,"['D3', 'R7', 'R1', 'R5', 'R14', 'R17', 'R2', 'R11', 'R26', 'R28', 'R13', 'R6', 'R23', 'R10', 'R3', 'R12', 'R70', 'R20', 'R24', 'R8']"
2484061.6768957563,155.96358580030977,14.43151017909462,"['D3', 'R14', 'R17', 'R2', 'R11', 'R5', 'R26', 'R7', 'R6', 'R1', 'R10', 'R3', 'R12', 'R28', 'R13', 'R20', 'R8', 'R23', 'R70', 'R24']"
2480760.4866160015,119.34878677907479,10.941459357181698,"['D3', 'R28', 'R26', 'R5', 'R14', 'R17', 'R2', 'R11', 'R1', 'R7', 'R6', 'R13', 'R20', 'R3', 'R12', 'R10', 'R23', 'R70', 'R24', 'R8']"
