total_cost,total_distance,total_fuel_consumed,route
2479547.2229990894,105.89200309549332,9.686915012730651,"['D3', 'R5', 'R11', 'R2', 'R17', 'R14', 'R26', 'R7', 'R1', 'R28', 'R6', 'R13', 'R20', 'R23', 'R10', 'R12', 'R3', 'R70', 'R8', 'R24']"
2482495.682073228,138.59452166401334,12.918685677504996,"['D3', 'R7', 'R1', 'R28', 'R5', 'R26', 'R17', 'R14', 'R2', 'R11', 'R10', 'R12', 'R3', 'R6', 'R23', 'R13', 'R20', 'R24', 'R70', 'R8']"
2480620.3910725242,117.79493203776008,10.928918783090095,"['D3', 'R7', 'R1', 'R17', 'R14', 'R2', 'R11', 'R5', 'R26', 'R3', 'R12', 'R10', 'R6', 'R20', 'R13', 'R28', 'R23', 'R70', 'R8', 'R24']"
2481397.135898574,126.41011422553302,11.69322278240126,"['D3', 'R7', 'R1', 'R3', 'R12', 'R5', 'R26', 'R11', 'R2', 'R14', 'R17', 'R10', 'R23', 'R13', 'R6', 'R28', 'R20', 'R24', 'R8', 'R70']"
2479955.0169535247,110.41500613936374,10.007584070633527,"['D3', 'R7', 'R1', 'R6', 'R28', 'R13', 'R20', 'R23', 'R3', 'R12', 'R10', 'R26', 'R5', 'R11', 'R2', 'R17', 'R14', 'R70', 'R8', 'R24']"
