total_cost,total_distance,total_fuel_consumed,route
2482662.119520129,140.44054481066277,12.97703897996561,"['D3', 'R1', 'R13', 'R28', 'R7', 'R11', 'R26', 'R5', 'R17', 'R14', 'R2', 'R12', 'R3', 'R10', 'R6', 'R20', 'R23', 'R8', 'R24', 'R70']"
2482816.4378174725,142.15214970576403,12.868174654002347,"['D3', 'R13', 'R7', 'R5', 'R26', 'R17', 'R14', 'R2', 'R3', 'R12', 'R23', 'R10', 'R70', 'R11', 'R6', 'R1', 'R28', 'R24', 'R20', 'R8']"
2482492.5452606827,138.55973004306398,12.82141830795483,"['D3', 'R28', 'R1', 'R11', 'R14', 'R17', 'R2', 'R10', 'R3', 'R12', 'R26', 'R5', 'R7', 'R23', 'R6', 'R20', 'R13', 'R24', 'R70', 'R8']"
2482580.9623717642,139.54039897697942,12.812223381469451,"['D3', 'R26', 'R17', 'R14', 'R2', 'R12', 'R3', 'R10', 'R23', 'R28', 'R7', 'R11', 'R1', 'R6', 'R5', 'R13', 'R20', 'R70', 'R8', 'R24']"
2481555.775851065,128.16965229664223,11.5606670789901,"['D3', 'R11', 'R26', 'R5', 'R7', 'R1', 'R13', 'R28', 'R20', 'R6', 'R14', 'R17', 'R2', 'R3', 'R10', 'R12', 'R70', 'R23', 'R8', 'R24']"
