total_cost,total_distance,total_fuel_consumed,route
2481376.7023724574,126.18347795538584,11.53745964364647,"['D3', 'R1', 'R7', 'R28', 'R5', 'R2', 'R14', 'R17', 'R11', 'R26', 'R13', 'R6', 'R20', 'R3', 'R12', 'R23', 'R10', 'R70', 'R24', 'R8']"
2481188.3436550447,124.09431738071217,11.407557841448256,"['D3', 'R1', 'R7', 'R13', 'R6', 'R28', 'R14', 'R17', 'R2', 'R26', 'R5', 'R11', 'R3', 'R10', 'R12', 'R23', 'R20', 'R24', 'R8', 'R70']"
2481437.0197300636,126.85248147807852,11.72376604684951,"['D3', 'R6', 'R7', 'R28', 'R1', 'R11', 'R17', 'R14', 'R2', 'R26', 'R5', 'R3', 'R12', 'R10', 'R23', 'R20', 'R13', 'R70', 'R24', 'R8']"
2483166.519818495,146.03504678898926,13.649754374075968,"['D3', 'R1', 'R7', 'R28', 'R3', 'R10', 'R12', 'R2', 'R17', 'R14', 'R11', 'R5', 'R26', 'R13', 'R6', 'R20', 'R23', 'R8', 'R70', 'R24']"
2482354.6849929923,137.03066762413755,12.855036128080258,"['D3', 'R1', 'R7', 'R12', 'R3', 'R10', 'R17', 'R14', 'R2', 'R26', 'R5', 'R11', 'R28', 'R6', 'R13', 'R20', 'R23', 'R24', 'R70', 'R8']"
