total_cost,total_distance,total_fuel_consumed,route
2481363.161802048,126.03329416646547,11.235022913147557,"['D2', 'R1', 'R7', 'R28', 'R6', 'R13', 'R20', 'R17', 'R14', 'R2', 'R11', 'R26', 'R5', 'R10', 'R3', 'R12', 'R70', 'R23', 'R24', 'R8']"
2480443.488114931,115.83283179826026,10.54949814353022,"['D2', 'R26', 'R11', 'R2', 'R17', 'R14', 'R5', 'R7', 'R1', 'R28', 'R6', 'R13', 'R20', 'R3', 'R12', 'R10', 'R23', 'R70', 'R8', 'R24']"
2480061.2579309046,111.59336658057778,10.297546837350092,"['D2', 'R17', 'R14', 'R2', 'R26', 'R5', 'R11', 'R3', 'R12', 'R10', 'R1', 'R7', 'R28', 'R6', 'R13', 'R20', 'R23', 'R70', 'R8', 'R24']"
2479339.075204254,103.58335408445143,9.475259482742597,"['D2', 'R2', 'R17', 'R14', 'R11', 'R26', 'R5', 'R1', 'R7', 'R28', 'R6', 'R13', 'R20', 'R23', 'R10', 'R3', 'R12', 'R70', 'R8', 'R24']"
2480315.777318242,114.41634115176086,10.525958353176724,"['D2', 'R26', 'R5', 'R11', 'R14', 'R17', 'R2', 'R12', 'R3', 'R10', 'R23', 'R6', 'R13', 'R20', 'R28', 'R7', 'R1', 'R70', 'R8', 'R24']"
