total_cost,total_distance,total_fuel_consumed,route
2481529.0004458176,127.87267575219091,10.901322033710358,"['D2', 'R24', 'R28', 'R7', 'R1', 'R14', 'R17', 'R2', 'R11', 'R26', 'R5', 'R10', 'R3', 'R12', 'R70', 'R23', 'R6', 'R13', 'R20', 'R8']"
2482302.199855385,136.44853433212927,12.593310122638172,"['D2', 'R26', 'R5', 'R11', 'R14', 'R17', 'R2', 'R7', 'R1', 'R23', 'R10', 'R3', 'R12', 'R28', 'R6', 'R13', 'R20', 'R24', 'R70', 'R8']"
2481758.284430577,130.41575455386948,12.13014889569222,"['D2', 'R14', 'R17', 'R2', 'R11', 'R26', 'R5', 'R12', 'R3', 'R10', 'R23', 'R7', 'R1', 'R28', 'R6', 'R13', 'R20', 'R24', 'R70', 'R8']"
2482042.9962413087,133.5736051609285,12.2506376156961,"['D2', 'R11', 'R26', 'R5', 'R2', 'R17', 'R14', 'R12', 'R3', 'R10', 'R13', 'R6', 'R1', 'R7', 'R28', 'R23', 'R20', 'R24', 'R8', 'R70']"
2481758.772380993,130.42116660374384,11.998011671054982,"['D2', 'R14', 'R17', 'R2', 'R26', 'R5', 'R11', 'R3', 'R12', 'R10', 'R1', 'R7', 'R6', 'R13', 'R28', 'R20', 'R24', 'R8', 'R23', 'R70']"
