total_cost,total_distance,total_fuel_consumed,route
2480286.2095785495,114.08839372837312,10.499337312709825,"['D2', 'R11', 'R5', 'R26', 'R14', 'R17', 'R2', 'R3', 'R12', 'R10', 'R1', 'R7', 'R6', 'R28', 'R13', 'R20', 'R23', 'R70', 'R8', 'R24']"
2481490.3555006734,127.4440494750853,11.696831812776894,"['D2', 'R2', 'R17', 'R14', 'R26', 'R5', 'R11', 'R3', 'R12', 'R10', 'R1', 'R7', 'R6', 'R13', 'R20', 'R28', 'R8', 'R24', 'R23', 'R70']"
2480958.77429715,121.54807339341585,11.004336849426954,"['D2', 'R26', 'R11', 'R5', 'R7', 'R1', 'R3', 'R12', 'R10', 'R23', 'R6', 'R13', 'R20', 'R28', 'R2', 'R17', 'R14', 'R70', 'R8', 'R24']"
2479905.6932147336,109.86793716430567,9.988304831444022,"['D2', 'R14', 'R17', 'R2', 'R11', 'R5', 'R26', 'R7', 'R1', 'R28', 'R13', 'R6', 'R20', 'R23', 'R10', 'R12', 'R3', 'R70', 'R8', 'R24']"
2480197.7694649976,113.10746966501841,10.38389020965616,"['D2', 'R2', 'R17', 'R14', 'R26', 'R5', 'R11', 'R1', 'R7', 'R28', 'R6', 'R13', 'R20', 'R10', 'R3', 'R12', 'R23', 'R70', 'R8', 'R24']"
