total_cost,total_distance,total_fuel_consumed,route
2481514.3636084944,127.71033283600985,11.866867195487053,"['D2', 'R17', 'R14', 'R2', 'R11', 'R26', 'R5', 'R3', 'R12', 'R10', 'R23', 'R20', 'R13', 'R6', 'R28', 'R7', 'R1', 'R24', 'R70', 'R8']"
2482379.333422846,137.30405304842833,12.589155003549417,"['D2', 'R11', 'R26', 'R5', 'R14', 'R17', 'R2', 'R1', 'R28', 'R7', 'R6', 'R13', 'R23', 'R10', 'R12', 'R3', 'R20', 'R70', 'R24', 'R8']"
2481450.2751510465,126.99950256263097,11.745568300653147,"['D2', 'R14', 'R17', 'R2', 'R11', 'R5', 'R26', 'R28', 'R13', 'R6', 'R7', 'R1', 'R3', 'R12', 'R10', 'R23', 'R20', 'R70', 'R24', 'R8']"
2481860.6147864996,131.5507407553188,12.165969835958219,"['D2', 'R14', 'R17', 'R2', 'R11', 'R26', 'R5', 'R7', 'R1', 'R6', 'R28', 'R13', 'R3', 'R12', 'R10', 'R23', 'R20', 'R70', 'R24', 'R8']"
2481606.986265215,128.73764712971825,11.648830809401101,"['D2', 'R3', 'R12', 'R10', 'R23', 'R6', 'R7', 'R1', 'R5', 'R26', 'R11', 'R14', 'R17', 'R2', 'R20', 'R13', 'R28', 'R24', 'R8', 'R70']"
