total_cost,total_distance,total_fuel_consumed,route
2480850.227118714,120.34413396976188,10.92122718352388,"['D2', 'R17', 'R14', 'R2', 'R11', 'R26', 'R1', 'R7', 'R5', 'R28', 'R6', 'R20', 'R13', 'R23', 'R10', 'R3', 'R12', 'R70', 'R24', 'R8']"
2482363.9020517864,137.13289764626003,12.439302657524257,"['D2', 'R3', 'R12', 'R5', 'R11', 'R14', 'R17', 'R2', 'R26', 'R10', 'R1', 'R7', 'R6', 'R13', 'R28', 'R20', 'R23', 'R70', 'R24', 'R8']"
2481943.802028105,132.4734031511246,11.955532595242202,"['D2', 'R2', 'R17', 'R14', 'R26', 'R13', 'R7', 'R1', 'R5', 'R11', 'R12', 'R3', 'R10', 'R6', 'R28', 'R20', 'R23', 'R70', 'R8', 'R24']"
2482816.465994441,142.15246222760655,12.750480859477168,"['D2', 'R5', 'R26', 'R17', 'R14', 'R2', 'R3', 'R12', 'R6', 'R1', 'R11', 'R28', 'R7', 'R20', 'R13', 'R24', 'R23', 'R10', 'R70', 'R8']"
2480316.7694448624,114.42734521808475,10.328636348022581,"['D2', 'R26', 'R2', 'R17', 'R14', 'R11', 'R5', 'R7', 'R1', 'R28', 'R20', 'R6', 'R13', 'R23', 'R10', 'R3', 'R12', 'R70', 'R8', 'R24']"
