total_cost,total_distance,total_fuel_consumed,route
2482097.019958168,134.17280344019352,12.480864580635476,"['D2', 'R5', 'R26', 'R11', 'R2', 'R14', 'R17', 'R12', 'R3', 'R10', 'R7', 'R1', 'R6', 'R13', 'R20', 'R23', 'R28', 'R24', 'R70', 'R8']"
2481479.2665637,127.32105771628329,11.637124447746583,"['D2', 'R3', 'R10', 'R12', 'R5', 'R26', 'R11', 'R17', 'R14', 'R2', 'R1', 'R7', 'R28', 'R6', 'R20', 'R13', 'R23', 'R70', 'R24', 'R8']"
2481163.195881953,123.81539354429265,11.151531174312016,"['D2', 'R6', 'R7', 'R1', 'R5', 'R26', 'R11', 'R2', 'R14', 'R17', 'R12', 'R3', 'R10', 'R23', 'R20', 'R13', 'R28', 'R24', 'R8', 'R70']"
2482726.343845691,141.152882050704,12.977195437276535,"['D2', 'R26', 'R11', 'R17', 'R14', 'R2', 'R10', 'R3', 'R12', 'R13', 'R6', 'R7', 'R1', 'R5', 'R28', 'R20', 'R23', 'R24', 'R8', 'R70']"
2480437.834789318,115.7701285416826,10.600975294705817,"['D2', 'R17', 'R14', 'R2', 'R26', 'R11', 'R5', 'R1', 'R7', 'R28', 'R6', 'R20', 'R13', 'R23', 'R3', 'R12', 'R10', 'R70', 'R24', 'R8']"
