total_cost,total_distance,total_fuel_consumed,route
2482708.9285162673,140.95972178646687,13.038455416042549,"['D2', 'R14', 'R17', 'R2', 'R11', 'R5', 'R26', 'R3', 'R10', 'R12', 'R23', 'R1', 'R13', 'R6', 'R7', 'R20', 'R28', 'R24', 'R70', 'R8']"
2481922.2119964776,132.23393962375297,12.280069923538987,"['D2', 'R14', 'R17', 'R2', 'R11', 'R5', 'R26', 'R12', 'R3', 'R10', 'R7', 'R1', 'R28', 'R13', 'R6', 'R23', 'R20', 'R70', 'R24', 'R8']"
2483784.1497029886,152.88542261522412,13.930433928561229,"['D2', 'R11', 'R2', 'R14', 'R17', 'R26', 'R7', 'R3', 'R12', 'R10', 'R28', 'R1', 'R5', 'R20', 'R6', 'R13', 'R23', 'R24', 'R8', 'R70']"
2484307.787407448,158.69329422635778,14.317047185728901,"['D2', 'R1', 'R26', 'R11', 'R17', 'R14', 'R2', 'R5', 'R28', 'R7', 'R13', 'R6', 'R20', 'R70', 'R12', 'R3', 'R10', 'R24', 'R23', 'R8']"
2483895.7238947046,154.12293583301448,14.180539566394607,"['D2', 'R10', 'R3', 'R12', 'R17', 'R14', 'R2', 'R11', 'R26', 'R1', 'R28', 'R7', 'R13', 'R6', 'R23', 'R20', 'R5', 'R24', 'R70', 'R8']"
