total_cost,total_distance,total_fuel_consumed,route
2481674.036774701,129.48133068656782,11.947857984049568,"['D2', 'R2', 'R14', 'R17', 'R5', 'R26', 'R11', 'R10', 'R12', 'R3', 'R7', 'R28', 'R6', 'R1', 'R20', 'R13', 'R23', 'R70', 'R24', 'R8']"
2481162.8078452125,123.8110896762685,11.324846654587859,"['D2', 'R11', 'R5', 'R26', 'R17', 'R14', 'R2', 'R3', 'R12', 'R1', 'R7', 'R6', 'R28', 'R13', 'R23', 'R10', 'R70', 'R20', 'R24', 'R8']"
2479534.6247108676,105.75227052870372,9.466358833782925,"['D2', 'R5', 'R26', 'R11', 'R17', 'R14', 'R2', 'R3', 'R12', 'R10', 'R70', 'R23', 'R7', 'R1', 'R6', 'R20', 'R13', 'R28', 'R24', 'R8']"
2480236.915354166,113.54165210921056,10.250172289166782,"['D2', 'R2', 'R17', 'R14', 'R26', 'R11', 'R5', 'R7', 'R1', 'R6', 'R23', 'R3', 'R10', 'R12', 'R70', 'R20', 'R13', 'R28', 'R24', 'R8']"
2483090.2773551834,145.18941165908953,13.372803344613011,"['D2', 'R11', 'R5', 'R26', 'R17', 'R14', 'R2', 'R12', 'R3', 'R10', 'R7', 'R13', 'R6', 'R1', 'R28', 'R24', 'R20', 'R23', 'R8', 'R70']"
