total_cost,total_distance,total_fuel_consumed,route
2480786.3390312437,119.63552607857008,10.81474903143879,"['D2', 'R2', 'R17', 'R14', 'R11', 'R26', 'R5', 'R6', 'R1', 'R7', 'R28', 'R23', 'R3', 'R12', 'R10', 'R70', 'R20', 'R13', 'R24', 'R8']"
2479991.6003440153,110.82076690345659,10.160925716612258,"['D2', 'R17', 'R14', 'R2', 'R11', 'R26', 'R5', 'R1', 'R7', 'R28', 'R13', 'R20', 'R6', 'R3', 'R12', 'R10', 'R23', 'R70', 'R8', 'R24']"
2483038.2065685843,144.61187409698545,13.126922086179494,"['D2', 'R7', 'R1', 'R6', 'R20', 'R13', 'R28', 'R11', 'R26', 'R5', 'R2', 'R17', 'R14', 'R3', 'R12', 'R10', 'R23', 'R24', 'R70', 'R8']"
2480801.0136274807,119.79828779371142,10.915876642027657,"['D2', 'R17', 'R14', 'R2', 'R11', 'R5', 'R26', 'R1', 'R7', 'R13', 'R20', 'R28', 'R6', 'R23', 'R3', 'R12', 'R10', 'R70', 'R24', 'R8']"
2481142.249201469,123.5830656773467,11.365501791100105,"['D2', 'R17', 'R14', 'R2', 'R26', 'R5', 'R11', 'R1', 'R7', 'R6', 'R13', 'R20', 'R10', 'R3', 'R12', 'R23', 'R28', 'R24', 'R8', 'R70']"
