total_cost,total_distance,total_fuel_consumed,route
2481729.149319433,130.092605583779,11.60947171408073,"['D2', 'R1', 'R7', 'R12', 'R3', 'R10', 'R70', 'R2', 'R17', 'R14', 'R11', 'R5', 'R26', 'R13', 'R6', 'R28', 'R20', 'R23', 'R24', 'R8']"
2481161.736621518,123.7992083132039,11.287533164361792,"['D2', 'R5', 'R11', 'R17', 'R14', 'R2', 'R26', 'R1', 'R7', 'R12', 'R3', 'R10', 'R28', 'R13', 'R6', 'R20', 'R23', 'R70', 'R8', 'R24']"
2483640.181277243,151.2886122143164,13.89896244754986,"['D2', 'R5', 'R26', 'R2', 'R17', 'R14', 'R11', 'R12', 'R3', 'R7', 'R6', 'R1', 'R23', 'R10', 'R28', 'R13', 'R20', 'R8', 'R24', 'R70']"
2482478.5410597418,138.40440394566852,12.194660737163812,"['D2', 'R8', 'R17', 'R14', 'R2', 'R26', 'R5', 'R11', 'R7', 'R1', 'R6', 'R10', 'R3', 'R12', 'R23', 'R13', 'R28', 'R20', 'R24', 'R70']"
2483221.252282835,146.6421060651673,13.586684064420602,"['D2', 'R12', 'R3', 'R10', 'R14', 'R17', 'R2', 'R26', 'R11', 'R5', 'R1', 'R7', 'R28', 'R13', 'R6', 'R20', 'R23', 'R8', 'R70', 'R24']"
