total_cost,total_distance,total_fuel_consumed,route
2480124.601433093,112.29593426235161,10.295354030517434,"['D2', 'R14', 'R17', 'R2', 'R26', 'R5', 'R11', 'R1', 'R7', 'R28', 'R6', 'R13', 'R20', 'R3', 'R12', 'R10', 'R23', 'R70', 'R8', 'R24']"
2480060.354197997,111.58334292366139,10.252740685985634,"['D2', 'R2', 'R14', 'R17', 'R11', 'R26', 'R5', 'R1', 'R7', 'R28', 'R13', 'R6', 'R20', 'R23', 'R10', 'R12', 'R3', 'R70', 'R24', 'R8']"
2481528.1866325284,127.86364942911098,11.728541344349889,"['D2', 'R11', 'R14', 'R17', 'R2', 'R5', 'R26', 'R7', 'R1', 'R3', 'R12', 'R10', 'R23', 'R6', 'R13', 'R28', 'R20', 'R24', 'R8', 'R70']"
2480791.3025594954,119.69057852147435,11.058753897173068,"['D2', 'R14', 'R17', 'R2', 'R26', 'R5', 'R11', 'R3', 'R12', 'R10', 'R23', 'R1', 'R7', 'R28', 'R13', 'R6', 'R20', 'R70', 'R8', 'R24']"
2480009.981868713,111.02464361927477,10.23827603268231,"['D2', 'R5', 'R26', 'R11', 'R14', 'R17', 'R2', 'R12', 'R3', 'R10', 'R1', 'R7', 'R28', 'R6', 'R13', 'R20', 'R23', 'R70', 'R8', 'R24']"
