total_cost,total_distance,total_fuel_consumed,route
2481039.512810183,122.44357597808104,11.215195426388435,"['D2', 'R2', 'R14', 'R17', 'R26', 'R11', 'R5', 'R7', 'R1', 'R6', 'R13', 'R20', 'R28', 'R3', 'R10', 'R12', 'R70', 'R23', 'R8', 'R24']"
2482583.568430704,139.56930380106206,12.949029951565144,"['D2', 'R26', 'R11', 'R5', 'R14', 'R17', 'R2', 'R3', 'R10', 'R12', 'R7', 'R1', 'R6', 'R28', 'R13', 'R20', 'R23', 'R8', 'R24', 'R70']"
2482998.374088178,144.17007639948676,13.410986171658006,"['D2', 'R14', 'R17', 'R2', 'R11', 'R26', 'R5', 'R7', 'R1', 'R6', 'R28', 'R3', 'R10', 'R12', 'R23', 'R20', 'R13', 'R8', 'R70', 'R24']"
2480975.1520470665,121.72972545548554,11.14393682368602,"['D2', 'R26', 'R11', 'R17', 'R14', 'R2', 'R5', 'R1', 'R7', 'R6', 'R28', 'R13', 'R20', 'R12', 'R3', 'R10', 'R23', 'R70', 'R24', 'R8']"
2481400.6781997364,126.44940328013209,11.41858585210827,"['D2', 'R26', 'R11', 'R5', 'R1', 'R7', 'R6', 'R28', 'R20', 'R13', 'R10', 'R12', 'R3', 'R2', 'R14', 'R17', 'R23', 'R70', 'R8', 'R24']"
