total_cost,total_distance,total_fuel_consumed,route
2481699.049670524,129.75875854619025,11.782324773390021,"['D2', 'R14', 'R17', 'R2', 'R5', 'R11', 'R26', 'R7', 'R10', 'R3', 'R12', 'R23', 'R20', 'R6', 'R1', 'R70', 'R28', 'R13', 'R24', 'R8']"
2483894.980996734,154.11469605960437,14.194196331666017,"['D2', 'R14', 'R17', 'R2', 'R11', 'R1', 'R26', 'R5', 'R7', 'R6', 'R3', 'R12', 'R10', 'R13', 'R28', 'R23', 'R20', 'R24', 'R70', 'R8']"
2481214.394877631,124.38326173060496,11.35200045054898,"['D2', 'R17', 'R14', 'R2', 'R5', 'R11', 'R26', 'R1', 'R7', 'R6', 'R28', 'R20', 'R13', 'R10', 'R3', 'R12', 'R70', 'R23', 'R8', 'R24']"
2482481.487194801,138.43708068768117,12.063897948804408,"['D2', 'R20', 'R6', 'R7', 'R13', 'R28', 'R11', 'R2', 'R14', 'R17', 'R26', 'R1', 'R5', 'R12', 'R3', 'R10', 'R23', 'R70', 'R8', 'R24']"
2482694.235046662,140.79675073937432,13.026577568605685,"['D2', 'R17', 'R2', 'R14', 'R26', 'R5', 'R11', 'R1', 'R7', 'R13', 'R6', 'R28', 'R12', 'R3', 'R10', 'R23', 'R20', 'R8', 'R24', 'R70']"
